ID,channel,offset,exponent,error_mae,gof_rsquared,dataset
0,dataset01_01R,-2.5244858110132666,1.2008345488134373,0.0670143394074465,0.9828533821042112,source HD-EEG
1,dataset01_01L,-2.906981783914982,1.0034124378890905,0.061786744971559046,0.9807917766643314,source HD-EEG
2,dataset01_02R,-2.818173536835173,1.2252500541351723,0.05783012999261536,0.9874581178608066,source HD-EEG
3,dataset01_02L,-2.8847453462661887,1.2330843786051666,0.12877796801913538,0.9045365660814071,source HD-EEG
4,dataset01_03R,-3.0607048996270394,1.231582857290755,0.08172747075147632,0.9738551569009917,source HD-EEG
5,dataset01_03L,-2.819320021975498,1.281039861351138,0.06886413142061092,0.9837972689798066,source HD-EEG
6,dataset01_04R,-3.4671336223682747,1.1643260186883035,0.07248458842851217,0.9746929221385289,source HD-EEG
7,dataset01_04L,-3.354690190484303,1.140349994671739,0.06861223217554874,0.9759186268833975,source HD-EEG
8,dataset01_05R,-2.7201274377403424,1.124508305336354,0.053274850309225505,0.9849084055495302,source HD-EEG
9,dataset01_05L,-3.4184052133272185,1.2325880190664085,0.0691512783342603,0.9788283598019084,source HD-EEG
10,dataset01_06R,-3.1858122573161314,1.14920760887475,0.06095513761275589,0.9811460200694503,source HD-EEG
11,dataset01_06L,-2.9528545829979236,0.7358309473232818,0.06273264397311056,0.9579448772493429,source HD-EEG
12,dataset01_07R,-2.4128539906617186,1.2489384731619642,0.045001702731180794,0.993093792433982,source HD-EEG
13,dataset01_07L,-2.6596036772033305,1.0443079368694421,0.08427836467036218,0.9640391348557996,source HD-EEG
14,dataset01_08R,-3.329590159363181,0.9959763994424099,0.10082090088957911,0.9512127258510954,source HD-EEG
15,dataset01_08L,-3.6607462234492525,0.5558850908298627,0.06572990923400403,0.9271497250398336,source HD-EEG
16,dataset01_09R,-3.516606686690291,0.9703699162273495,0.05939620530533745,0.9815056305286645,source HD-EEG
17,dataset01_09L,-3.4908016417521357,0.4836494721305427,0.054112667935096274,0.9303584143023802,source HD-EEG
18,dataset01_10R,-2.9559521844648207,1.191550244102091,0.06647614897225164,0.9855065909688082,source HD-EEG
19,dataset01_10L,-3.0404391779966025,0.5851624570828406,0.04731778204829496,0.9627513395094466,source HD-EEG
20,dataset01_11R,-2.2702088278848693,1.4006188733326816,0.03968391834355957,0.9957636505908873,source HD-EEG
21,dataset01_11L,-2.4176605863603204,1.407535907319445,0.0705194814079104,0.9838303706650284,source HD-EEG
22,dataset01_12R,-2.448894676592057,1.4608819576945693,0.041841667820707855,0.9936163234432492,source HD-EEG
23,dataset01_12L,-2.7658115801138785,1.4402876192086802,0.06929868645176926,0.9840558479151544,source HD-EEG
24,dataset01_13R,-2.6686908179889555,0.9457136288404154,0.052064436066332764,0.9710189771399723,source HD-EEG
25,dataset01_13L,-2.6752797059947215,0.7373777280098109,0.06901006877696846,0.9129025697345751,source HD-EEG
26,dataset01_14R,-3.3580363677106253,1.1134423631466472,0.08634467893046091,0.9616337481818269,source HD-EEG
27,dataset01_14L,-2.5493144161678805,0.9889801126640297,0.059430764595553374,0.9607174078571892,source HD-EEG
28,dataset01_15R,-1.7731934451199531,1.0426208997109991,0.04873628719169684,0.9792597381461857,source HD-EEG
29,dataset01_15L,-2.1699220261089915,0.8719881120774183,0.10292692196152162,0.9055842111619784,source HD-EEG
30,dataset01_16R,-2.6242344299200817,1.195874723417952,0.055841112139437474,0.9803763113132352,source HD-EEG
31,dataset01_16L,-2.5375739502519483,1.0494962781909722,0.07811307345560926,0.9496458968210475,source HD-EEG
32,dataset01_17R,-2.21044093795838,1.375601039171569,0.047633613702690716,0.9916110958757206,source HD-EEG
33,dataset01_17L,-2.6551248860138603,1.2561085957727829,0.05784845569056532,0.9872213066007479,source HD-EEG
34,dataset01_18R,-2.292987284916741,1.3298437541964796,0.0390860938863544,0.9934296821712303,source HD-EEG
35,dataset01_18L,-2.5353150261360113,1.1893963074699614,0.05632135752339295,0.9858732230585273,source HD-EEG
36,dataset01_19R,-1.7138627714225898,1.1220812251312284,0.04860407252206631,0.9832068625947149,source HD-EEG
37,dataset01_19L,-1.8913333823534322,1.0137200722427908,0.054162388443095684,0.9674406751328545,source HD-EEG
38,dataset01_20R,-2.9838160340986963,1.0589128721051009,0.07855810562682615,0.9640770932122011,source HD-EEG
39,dataset01_20L,-3.3480606107785,1.0131763915620577,0.1016641285807849,0.930698873106515,source HD-EEG
40,dataset01_21R,-2.7663331186085633,0.9337417486404997,0.0615467496801822,0.9504052027798059,source HD-EEG
41,dataset01_21L,-2.637709005219189,0.6978899203368477,0.08041491197331345,0.8614521044777461,source HD-EEG
42,dataset01_22R,-2.6096632006668834,1.0496964657755397,0.1043368766084633,0.9130122460522458,source HD-EEG
43,dataset01_22L,-3.1167568816186435,0.6343090096630704,0.10519096785667709,0.7987788310807197,source HD-EEG
44,dataset01_23R,-2.296169654727384,0.9962444958698684,0.08341850882549497,0.9255640902544777,source HD-EEG
45,dataset01_23L,-3.091886883038094,0.4341288653673228,0.08738102694642909,0.8218072535407283,source HD-EEG
46,dataset01_24R,-3.0272484391041754,0.8553613926141976,0.05738470189104074,0.9491163526972892,source HD-EEG
47,dataset01_24L,-2.256049331612055,0.6436189474721858,0.06866957159425822,0.8939796878441524,source HD-EEG
48,dataset01_25R,-2.8385696288935907,0.8661477568762298,0.052203423053229586,0.9583099547358856,source HD-EEG
49,dataset01_25L,-3.0089165533667144,0.9103487345367169,0.06876423918499067,0.9284189635966942,source HD-EEG
50,dataset01_26R,-2.369407824053039,1.2096801937148414,0.06389897379036108,0.9771695419444956,source HD-EEG
51,dataset01_26L,-2.6285980833373905,1.2626830456592248,0.050130821176770785,0.9901059156599417,source HD-EEG
52,dataset01_27R,-2.708510915636541,1.2111643554855953,0.05561573690724275,0.9775149421372377,source HD-EEG
53,dataset01_27L,-2.3652662219223024,1.1047672075165842,0.057131490370866435,0.966481493670931,source HD-EEG
54,dataset01_28R,-2.725556710401795,1.3384327254624897,0.08303169559346159,0.9764819918061681,source HD-EEG
55,dataset01_28L,-2.694128215279778,1.2312430217939887,0.08039442295203453,0.9785332497390586,source HD-EEG
56,dataset01_29R,-2.8275181687510647,1.1595841590342848,0.07637134600479752,0.9685222431547075,source HD-EEG
57,dataset01_29L,-2.8312613037914036,1.072271466609257,0.08320936735698606,0.9532966864239074,source HD-EEG
58,dataset01_30R,-2.992798113677307,0.6384346345930735,0.12901690239793373,0.8341901221139216,source HD-EEG
59,dataset01_30L,-3.2973367021412208,0.3397560903451485,0.08703720376475534,0.5649264318597924,source HD-EEG
60,dataset01_31R,-3.0511856286831653,0.5926457088311357,0.13439511807626195,0.7949729093551655,source HD-EEG
61,dataset01_31L,-3.033175014574414,0.5010999062214376,0.10046170442366763,0.6745579773420213,source HD-EEG
62,dataset01_32R,-3.457516728103229,0.7519585210435172,0.11294863683610516,0.8945181158429792,source HD-EEG
63,dataset01_32L,-3.4223620498167744,0.7453019114927776,0.10645500914521697,0.8180686540111831,source HD-EEG
64,dataset01_33R,-2.146295470932293,1.084923111776404,0.057773424220560914,0.9713803363090575,source HD-EEG
65,dataset01_33L,-2.8429203279476627,0.7723516989994546,0.07647208314680486,0.9182144772615278,source HD-EEG
66,dataset01_34R,-2.9639130404997367,1.1218162586459468,0.10148270969104649,0.9557512819326304,source HD-EEG
67,dataset01_34L,-2.771322206429299,0.8780981636019723,0.08368061871332778,0.9383814099517533,source HD-EEG
68,dataset01_35R,-3.179432062615554,0.779803277914438,0.10449995699622874,0.918573256416378,source HD-EEG
69,dataset01_35L,-3.5820267336901055,0.3777431164027365,0.08361815694669267,0.8168656579951518,source HD-EEG
70,dataset01_36R,-3.1640552855405777,1.078751071982198,0.07836112538941034,0.9670142286060788,source HD-EEG
71,dataset01_36L,-2.2367080283620977,1.1359420354306151,0.0784427764408038,0.9614201028330878,source HD-EEG
72,dataset01_37R,-2.096938110661742,1.2411640429835034,0.06442022321916926,0.9792046686224348,source HD-EEG
73,dataset01_37L,-2.1404195914845108,1.2169748179571902,0.0573652002465927,0.9778699417738828,source HD-EEG
74,dataset01_38R,-1.5384634070269403,1.187704859338504,0.04669002942818795,0.9843923263552596,source HD-EEG
75,dataset01_38L,-1.6134248323104252,1.1946584510745932,0.06010664330711396,0.972647560604283,source HD-EEG
76,dataset10_01R,-2.628251455232219,1.2807344985328077,0.11856149690621112,0.9372316224994877,source HD-EEG
77,dataset10_01L,-2.3408749866990446,1.2105242420449724,0.12697304396606154,0.9349903690332922,source HD-EEG
78,dataset10_02R,-2.9203416832687443,1.1945084694660761,0.08406699289880576,0.9516504529020401,source HD-EEG
79,dataset10_02L,-2.128071999200386,1.4068599621025646,0.10372526788726662,0.9518463506868756,source HD-EEG
80,dataset10_03R,-3.2506228122289937,1.0887016206904032,0.1462161537765464,0.9047624228035911,source HD-EEG
81,dataset10_03L,-1.9889551546421291,1.485226942313645,0.20496043254111496,0.8963539725403782,source HD-EEG
82,dataset10_04R,-2.936800014418717,1.184292598757974,0.026745869332602513,0.9966629095579749,source HD-EEG
83,dataset10_04L,-2.313920254180182,1.4851289188112304,0.19399618186495096,0.9071973567336132,source HD-EEG
84,dataset10_05R,-2.3234485884554688,1.5983927761595642,0.15522382617120536,0.9327217144075453,source HD-EEG
85,dataset10_05L,-1.9729980539112137,1.619005915136307,0.18713007292850234,0.916997725802683,source HD-EEG
86,dataset10_06R,-2.3807120500324173,1.2235940362384488,0.072985362609391,0.9549363665196838,source HD-EEG
87,dataset10_06L,-2.5402700755971717,1.2340153032446317,0.07089647232678827,0.9808467085350187,source HD-EEG
88,dataset10_07R,-2.468056980007699,1.4630138065902236,0.18755453832240104,0.8814422006000787,source HD-EEG
89,dataset10_07L,-1.245626711076049,1.7416578874372872,0.24591560425265716,0.8200946267711402,source HD-EEG
90,dataset10_08R,-2.4882837218407374,1.3599820317840412,0.13197846837895846,0.916057216519101,source HD-EEG
91,dataset10_08L,-2.478827456202921,1.4290618588499557,0.21991790627408173,0.8372920708362086,source HD-EEG
92,dataset10_09R,-2.5326904329129625,1.300531260409814,0.12350119734302684,0.9161420700749291,source HD-EEG
93,dataset10_09L,-3.3740918921445178,0.942483745180455,0.0678007143839253,0.9400424064458485,source HD-EEG
94,dataset10_10R,-2.9374543973695806,1.310638514647749,0.03561257597936981,0.9949637246247344,source HD-EEG
95,dataset10_10L,-2.1127749317714057,1.4816923646552462,0.17237321999980657,0.8824091334844215,source HD-EEG
96,dataset10_11R,-1.5797989656713258,1.592813765853697,0.19775647851008785,0.8960149990421594,source HD-EEG
97,dataset10_11L,-1.2686638318530448,1.9192268163424606,0.2665728006158946,0.8208981915780573,source HD-EEG
98,dataset10_12R,-2.033980137636947,1.6824346005817714,0.2221303268913492,0.886734925115551,source HD-EEG
99,dataset10_12L,-1.436229972715849,1.9143974905723058,0.2754085970987423,0.8101451660192676,source HD-EEG
100,dataset10_13R,-2.2495842424269186,1.197880468050284,0.10132347997657433,0.9375045984880548,source HD-EEG
101,dataset10_13L,-2.385377450146943,1.2738901772337978,0.11995166461958327,0.9162564717987232,source HD-EEG
102,dataset10_14R,-3.0230377999605333,1.2567124290048,0.1449423206896339,0.8707562237836541,source HD-EEG
103,dataset10_14L,-1.7945538674498454,1.6299296119775872,0.15897295856371696,0.8979824800850287,source HD-EEG
104,dataset10_15R,-1.6574768351450695,1.2400925080777292,0.10590913160826934,0.9279961113468577,source HD-EEG
105,dataset10_15L,-1.995393827291327,1.2616095572255244,0.09623735435571647,0.9489585901290822,source HD-EEG
106,dataset10_16R,-2.0902351053416015,1.2836430738533686,0.1006028526842831,0.924557726298839,source HD-EEG
107,dataset10_16L,-2.391843368592058,1.1568494760666157,0.09026378068103505,0.9210134425093965,source HD-EEG
108,dataset10_17R,-1.176534546789529,1.6494503709522923,0.19457690934894636,0.8667171905638574,source HD-EEG
109,dataset10_17L,-1.7897062277019353,1.634816533694948,0.20961458652115342,0.846001587849804,source HD-EEG
110,dataset10_18R,-1.906617358945998,1.5759245102848825,0.19436131706594464,0.8546377813745698,source HD-EEG
111,dataset10_18L,-1.4938606290310217,1.5943998534345942,0.2085867278837254,0.8392687740672358,source HD-EEG
112,dataset10_19R,-1.640049144506195,1.1463030358690616,0.1000695358786732,0.9264591967877123,source HD-EEG
113,dataset10_19L,-1.689334096989349,1.092953985298448,0.09529733787651622,0.9244551016803764,source HD-EEG
114,dataset10_20R,-3.833072273452707,0.9623872455026227,0.07310928271211561,0.9297685558986445,source HD-EEG
115,dataset10_20L,-2.7062194909000508,1.3455907282300563,0.12300883741531295,0.9065453075001079,source HD-EEG
116,dataset10_21R,-3.094021143080763,1.0270834424219502,0.060949981542930964,0.9573942427050472,source HD-EEG
117,dataset10_21L,-2.089160086598657,1.0610419284628012,0.09154080123537105,0.9260668143631487,source HD-EEG
118,dataset10_22R,-3.1456104457846297,0.7944214944029582,0.060525023456846454,0.9218555028391224,source HD-EEG
119,dataset10_22L,-2.7140595721218315,0.9841624450794649,0.08048138457440702,0.9275455742054204,source HD-EEG
120,dataset10_23R,-3.1182885008042582,0.7255910971129471,0.08940575775693271,0.8315158604102107,source HD-EEG
121,dataset10_23L,-2.716248571224628,1.015261261498803,0.08019886276964926,0.9219727426583256,source HD-EEG
122,dataset10_24R,-2.6362822452735983,1.0158633230743,0.0951705949484074,0.911850646299724,source HD-EEG
123,dataset10_24L,-2.396229316864318,1.0856230186942109,0.10579572080421612,0.9022083029694858,source HD-EEG
124,dataset10_25R,-2.9455024546045463,0.9519006606169707,0.0905319808006854,0.8879341900906664,source HD-EEG
125,dataset10_25L,-2.539210229683184,0.9564587096490688,0.09249516036630849,0.9027506684875735,source HD-EEG
126,dataset10_26R,-2.140975281176814,1.2281251659378802,0.04329633154108506,0.9854267467312063,source HD-EEG
127,dataset10_26L,-1.9672709642644095,1.482420909315939,0.1887489361270603,0.8472028055349579,source HD-EEG
128,dataset10_27R,-2.0160586253631747,1.2269793390520845,0.12281624039517293,0.8919691579879583,source HD-EEG
129,dataset10_27L,-2.3234138249375738,0.8687309892551452,0.08093711353705363,0.8863136234749907,source HD-EEG
130,dataset10_28R,-0.9596419803729178,1.7218894951924815,0.2152296708972657,0.8499157090695552,source HD-EEG
131,dataset10_28L,-1.0507339986783761,1.6895643814174581,0.24464003421339417,0.8056586239584013,source HD-EEG
132,dataset10_29R,-2.186477863334762,1.4212473775376993,0.15579836934120359,0.878387411869928,source HD-EEG
133,dataset10_29L,-2.362857016981987,1.2921729421091936,0.13224951326826873,0.8968590394815491,source HD-EEG
134,dataset10_30R,-3.064100112072999,1.0090190142863051,0.09329217778832943,0.9176532130704848,source HD-EEG
135,dataset10_30L,-3.5529361295169224,0.7851559236938419,0.09375029100028705,0.8358737906836998,source HD-EEG
136,dataset10_31R,-2.5945412668416283,1.0203484442830784,0.05339636425459515,0.9749746619579733,source HD-EEG
137,dataset10_31L,-2.5893180302472287,1.2504940244228222,0.08487906862192968,0.9567946750518672,source HD-EEG
138,dataset10_32R,-2.957278929826382,1.074493776270582,0.07608563542104207,0.9486521764781797,source HD-EEG
139,dataset10_32L,-3.1180934143948305,1.0188228277345583,0.07354781971265408,0.9509420867354322,source HD-EEG
140,dataset10_33R,-2.121723865612509,1.3056020574213938,0.10278847515634021,0.9450648145279265,source HD-EEG
141,dataset10_33L,-2.0689062447053375,1.2016385718003157,0.09194304723072103,0.9417103634050639,source HD-EEG
142,dataset10_34R,-3.328851263942936,1.1705198127168888,0.11440376449800597,0.8952247171280859,source HD-EEG
143,dataset10_34L,-1.8272659651607857,1.6677740753483845,0.22952310263768186,0.8221679230672502,source HD-EEG
144,dataset10_35R,-2.5846229413607036,1.2373417437026772,0.11581190769206265,0.9199034252992087,source HD-EEG
145,dataset10_35L,-2.5267760466752485,1.358200690148816,0.1646929967277305,0.8753317518609062,source HD-EEG
146,dataset10_36R,-2.600385302646177,1.4446268314664976,0.10986635756367158,0.9545878311460158,source HD-EEG
147,dataset10_36L,-1.9745208925073903,1.4725772025618087,0.1074732523323307,0.9493697199114162,source HD-EEG
148,dataset10_37R,-1.5697514379240785,1.5692558253302513,0.10718856226897813,0.9563566994303113,source HD-EEG
149,dataset10_37L,-1.7474093193152582,1.5400851521840389,0.11662869791525442,0.945121241927206,source HD-EEG
150,dataset10_38R,-1.414402400072937,1.4537499548943609,0.09951988905517274,0.9565596615880505,source HD-EEG
151,dataset10_38L,-1.5244331559397386,1.495146287840655,0.11422612923027058,0.9437123461296241,source HD-EEG
152,dataset11_01R,-3.20562509723405,1.065262815530527,0.03337499319138001,0.9923848477404418,source HD-EEG
153,dataset11_01L,-2.4498959163969936,1.0882267223885098,0.06920055959999631,0.9600310865990397,source HD-EEG
154,dataset11_02R,-3.1026532894806045,1.0393422632089855,0.07541317683573448,0.9507112127411088,source HD-EEG
155,dataset11_02L,-2.876677321259009,0.6194052404674892,0.09763263273777906,0.850405012169582,source HD-EEG
156,dataset11_03R,-3.298569692366482,0.9893408248169585,0.030398889866162255,0.9941057662869566,source HD-EEG
157,dataset11_03L,-2.3623846831345343,1.2606525013642145,0.04813124218060054,0.9820600036086592,source HD-EEG
158,dataset11_04R,-2.9004883340258263,1.093700724375916,0.06284150868884947,0.9686957878939432,source HD-EEG
159,dataset11_04L,-2.5017466359061014,1.1680262414963578,0.04121545936163062,0.9836202745357506,source HD-EEG
160,dataset11_05R,-2.783538533209702,1.0391156431721096,0.11341711885402683,0.919718094978511,source HD-EEG
161,dataset11_05L,-2.8434905266666557,1.1012303382902517,0.11284473791187624,0.9339422856152589,source HD-EEG
162,dataset11_06R,-3.0159743442341664,0.6397609868840234,0.09168370142792506,0.8711220561690998,source HD-EEG
163,dataset11_06L,-3.653209955298073,0.6305550255108867,0.06701098612869441,0.9147169797788369,source HD-EEG
164,dataset11_07R,-2.5924554586257953,1.2113715200520399,0.04851838086366973,0.988684318799322,source HD-EEG
165,dataset11_07L,-2.747082939944391,1.1953644388664753,0.043205896020158376,0.9822528477765787,source HD-EEG
166,dataset11_08R,-2.8476798752755834,0.6682906049336202,0.09838272857719983,0.8411258721749023,source HD-EEG
167,dataset11_08L,-3.593944608457746,0.6618813237141332,0.07553312509561413,0.9082865737706676,source HD-EEG
168,dataset11_09R,-3.311632589452199,0.7982164771422119,0.07969502110179262,0.9248626269391569,source HD-EEG
169,dataset11_09L,-2.872175966013235,0.7483303627935485,0.08787665440544047,0.8755917244280859,source HD-EEG
170,dataset11_10R,-2.8059840525086734,1.0405909634135475,0.04534490804797734,0.9853346456947648,source HD-EEG
171,dataset11_10L,-3.182167774431523,0.9699085300965797,0.07397135450744013,0.9418177577178145,source HD-EEG
172,dataset11_11R,-2.137518922715682,1.4028807385928652,0.10345676816736372,0.9540637214737412,source HD-EEG
173,dataset11_11L,-2.290381308822224,1.3921280231087982,0.10625052575985298,0.9536083707740078,source HD-EEG
174,dataset11_12R,-2.3148183232579065,1.4606577793776314,0.1113982934804083,0.9508817672256614,source HD-EEG
175,dataset11_12L,-2.7068122100435543,1.422783239275429,0.046611956550296735,0.9871885988863863,source HD-EEG
176,dataset11_13R,-2.9231033323105957,1.0518352815746406,0.09995564838334782,0.9032505827120155,source HD-EEG
177,dataset11_13L,-3.176022187693885,0.5691221354194469,0.12541237928587057,0.7587237424225173,source HD-EEG
178,dataset11_14R,-3.1062862940835747,0.9698342686056977,0.0859648687309402,0.9307141918407424,source HD-EEG
179,dataset11_14L,-2.668300770055552,0.9381573009957404,0.09343518500017367,0.9243404878071924,source HD-EEG
180,dataset11_15R,-2.5628667738207027,0.6910004447007689,0.06543975548825344,0.9293152731257607,source HD-EEG
181,dataset11_15L,-2.150051949596721,0.9706820080585522,0.09607779039837615,0.8998893263525345,source HD-EEG
182,dataset11_16R,-3.4511146485026725,1.0000257473433753,0.060356215808188264,0.95434395415418,source HD-EEG
183,dataset11_16L,-3.4447183568644286,0.791690873361612,0.06208502453668729,0.9398112178752083,source HD-EEG
184,dataset11_17R,-2.5017402503354793,1.1932428937680304,0.05358703318712379,0.9804688531438882,source HD-EEG
185,dataset11_17L,-2.763303999990421,1.2299255969860452,0.08866782956116533,0.9483213936388704,source HD-EEG
186,dataset11_18R,-2.7331145561272976,1.3057404236998582,0.04539474451721867,0.9898139260503995,source HD-EEG
187,dataset11_18L,-2.4352198529021107,1.3227484621679064,0.049885560716054385,0.9852851698945979,source HD-EEG
188,dataset11_19R,-2.748702055375864,0.7210098334018042,0.06295313433995914,0.9405253629160757,source HD-EEG
189,dataset11_19L,-3.3507666697379332,0.5898579563432991,0.06090161459728737,0.9356588696918202,source HD-EEG
190,dataset11_20R,-2.8196234691729796,0.7664202904860659,0.09303802545284906,0.8861571338500307,source HD-EEG
191,dataset11_20L,-3.0935700810548314,0.6383352757716535,0.09148725397528297,0.8716230756250581,source HD-EEG
192,dataset11_21R,-2.6778244803190066,0.9456738485819389,0.10829100201303635,0.8716782445449063,source HD-EEG
193,dataset11_21L,-2.518483830325535,0.7307422166633126,0.12793865436949622,0.7670677465764435,source HD-EEG
194,dataset11_22R,-2.803685178860614,0.8810790451810944,0.10240855976288103,0.8662468712235679,source HD-EEG
195,dataset11_22L,-3.1409829302869516,0.5429637229662885,0.11606227048894324,0.6658399585321462,source HD-EEG
196,dataset11_23R,-2.918472968533978,0.6076481166496438,0.1133617228190104,0.7045383233482821,source HD-EEG
197,dataset11_23L,-2.8222014196518135,0.6151983033562637,0.1146150427966437,0.6973355193990579,source HD-EEG
198,dataset11_24R,-3.0641838104703076,0.4859056487432927,0.06617694888988583,0.8909540074663735,source HD-EEG
199,dataset11_24L,-3.156381209937799,0.4308402859176089,0.06401334105070193,0.9126953160443724,source HD-EEG
200,dataset11_25R,-3.766191649386072,0.4717470846215196,0.06586769146830229,0.8891871992053036,source HD-EEG
201,dataset11_25L,-3.0844203338326612,0.8518398879166319,0.07788780013505128,0.92336210950277,source HD-EEG
202,dataset11_26R,-2.5308536760953046,1.08180976446866,0.07152758281583395,0.9625283495777557,source HD-EEG
203,dataset11_26L,-2.4460293502823203,1.1216805354828758,0.06026340756172113,0.9713452393866536,source HD-EEG
204,dataset11_27R,-3.388886290059284,0.9854428598618501,0.06663243869162422,0.957433630033931,source HD-EEG
205,dataset11_27L,-3.0338293381276946,0.8586869085277071,0.05971555261343288,0.955301239024196,source HD-EEG
206,dataset11_28R,-2.1420422765400633,1.511765074571763,0.0446556601755526,0.98904798673325,source HD-EEG
207,dataset11_28L,-2.1720849089537477,1.4581713560696161,0.04742457028436044,0.986077775700008,source HD-EEG
208,dataset11_29R,-3.3956680618261057,0.44952806645996374,0.11227062855201776,0.6951717510224797,source HD-EEG
209,dataset11_29L,-3.5516107884234005,0.666061794689237,0.09351994358755146,0.8573168923770947,source HD-EEG
210,dataset11_30R,-2.9214044991370884,0.6524514890464341,0.12769499397383974,0.7313176992881343,source HD-EEG
211,dataset11_30L,-2.867799075372411,0.6925776057434173,0.07709690784943035,0.8856775067530688,source HD-EEG
212,dataset11_31R,-2.5928987910652337,0.803973994178268,0.0922370915168956,0.9142005844109719,source HD-EEG
213,dataset11_31L,-2.9326980115409866,0.8094863052381613,0.08383625946563195,0.9113356934124688,source HD-EEG
214,dataset11_32R,-2.50735893937038,0.9009923662606913,0.0682703791707495,0.9181112779692618,source HD-EEG
215,dataset11_32L,-2.6801412810641883,0.8668260640592991,0.06900257253056913,0.9251917033463452,source HD-EEG
216,dataset11_33R,-2.0886837047685596,1.001447562258588,0.0952528508347763,0.9079918868504167,source HD-EEG
217,dataset11_33L,-2.07906708897115,0.954243503279947,0.08869831448337577,0.9023166051312375,source HD-EEG
218,dataset11_34R,-3.465699888329603,0.6491803671996943,0.09391358277419412,0.8740295762882639,source HD-EEG
219,dataset11_34L,-2.737255377834431,0.8697231441298532,0.08050840370931975,0.9364151855096671,source HD-EEG
220,dataset11_35R,-3.0274642232252367,0.670036815505137,0.09257061499981607,0.8601533604143581,source HD-EEG
221,dataset11_35L,-2.906823097409678,0.734631953885183,0.07623799044162302,0.9176256665042087,source HD-EEG
222,dataset11_36R,-2.576210346381634,0.9742066406424176,0.07756895948981288,0.9406502820174821,source HD-EEG
223,dataset11_36L,-1.674259944583992,1.0881511336659115,0.11706918340798116,0.916755627549001,source HD-EEG
224,dataset11_37R,-2.1735892470089366,1.0789340463855572,0.07965920174248459,0.9447302992978691,source HD-EEG
225,dataset11_37L,-1.8980280574465749,1.1204895271417463,0.11922180321902089,0.9167032255185501,source HD-EEG
226,dataset11_38R,-1.2763145761162673,1.2207037470888433,0.08941125892196394,0.9327638735915686,source HD-EEG
227,dataset11_38L,-1.554614249375245,1.2749606029962888,0.12136487223923789,0.9077555333757259,source HD-EEG
228,dataset12_01R,-2.829081001987138,0.5909393391986314,0.05665037413493733,0.867027650745596,source HD-EEG
229,dataset12_01L,-3.524450151359645,0.47319163374119877,0.09202335601886928,0.6933748292483926,source HD-EEG
230,dataset12_02R,-3.2128428484442844,0.4008393153920492,0.07583062898391242,0.6157886738364721,source HD-EEG
231,dataset12_02L,-3.4990798750430434,0.4397896344650024,0.10874423987837836,0.5371859906218805,source HD-EEG
232,dataset12_03R,-3.1018213397827634,0.6283813569492893,0.050424830955212,0.8960877099250321,source HD-EEG
233,dataset12_03L,-3.5961186010264963,0.5765591287840299,0.10277316958688473,0.7412641693270644,source HD-EEG
234,dataset12_04R,-3.3754829852067934,0.7178188921158013,0.04932943839397876,0.9283730214218059,source HD-EEG
235,dataset12_04L,-4.438039715005051,0.42141504734325713,0.10669858671854389,0.5697044914300203,source HD-EEG
236,dataset12_05R,-4.181602295347974,0.5065066280635189,0.06985141281140823,0.7568525963818883,source HD-EEG
237,dataset12_05L,-4.454344091454577,0.4083977433039473,0.06713848219457563,0.6849832109122866,source HD-EEG
238,dataset12_06R,-3.4852734987893053,0.3606449374317904,0.07413270540607614,0.5948207235534138,source HD-EEG
239,dataset12_06L,-3.177721154189082,0.5798704411878257,0.07743138834334455,0.8008232971372962,source HD-EEG
240,dataset12_07R,-2.906384547037952,0.6188903289184935,0.05886075789155445,0.8810355081855952,source HD-EEG
241,dataset12_07L,-3.2279955719346805,0.7954740638167727,0.08120237147499716,0.8906061819579837,source HD-EEG
242,dataset12_08R,-3.107980421805563,0.3232562267631914,0.08432566919461792,0.4836899549851498,source HD-EEG
243,dataset12_08L,-3.0519660234526076,0.5371834924099204,0.10211668095464316,0.7188047191332182,source HD-EEG
244,dataset12_09R,-3.0551627894834152,0.36437198437085583,0.08164957671623482,0.5700388151574993,source HD-EEG
245,dataset12_09L,-3.244872364055376,0.31493195608092567,0.0941837946472308,0.588024795181234,source HD-EEG
246,dataset12_10R,-3.0713445318682675,0.4735417242450437,0.07009683824796947,0.7523215810817961,source HD-EEG
247,dataset12_10L,-3.2883426764605153,0.6590501811809301,0.06057233805794533,0.872949937160567,source HD-EEG
248,dataset12_11R,-2.8400241112372355,0.7772460604188642,0.03965112479489273,0.9696056904992766,source HD-EEG
249,dataset12_11L,-3.321142832701147,0.8693268755602146,0.1029726374528646,0.8778612072587418,source HD-EEG
250,dataset12_12R,-2.922869040742431,1.1438903587918787,0.06431818652796209,0.968811927630423,source HD-EEG
251,dataset12_12L,-2.842890851136848,1.1160894472476397,0.07634543944748204,0.9511286118277096,source HD-EEG
252,dataset12_13R,-3.0518522707006053,0.7314461377927792,0.08510283253684618,0.855513333754102,source HD-EEG
253,dataset12_13L,-2.7941700382951282,0.8828795755317997,0.049793293965387266,0.9438442568512332,source HD-EEG
254,dataset12_14R,-3.231509540370042,0.5262960444181007,0.08362018966106077,0.7314343348257009,source HD-EEG
255,dataset12_14L,-3.1286362141664297,0.7223000598063394,0.07253867042955535,0.8827038247192117,source HD-EEG
256,dataset12_15R,-2.6557201933048047,0.487952260077752,0.09523014372415506,0.7537146595398644,source HD-EEG
257,dataset12_15L,-2.7663472677583614,0.4757224930323258,0.08492691365841963,0.8125179048420788,source HD-EEG
258,dataset12_16R,-3.504752846703536,0.696655664707512,0.08572932504093761,0.8643719666575848,source HD-EEG
259,dataset12_16L,-3.588524723145762,0.6609712242303313,0.0844492020993115,0.8388553621902615,source HD-EEG
260,dataset12_17R,-3.175780733468009,0.7365346367332825,0.08099584483452882,0.8841293547268708,source HD-EEG
261,dataset12_17L,-2.728316342719971,1.101653098373325,0.06024944867746494,0.9596968005099559,source HD-EEG
262,dataset12_18R,-2.85582323283924,0.9321233089782902,0.07838697967780665,0.9119955323027691,source HD-EEG
263,dataset12_18L,-2.439832832951999,1.1857319573350271,0.06285693766046953,0.9631864587585158,source HD-EEG
264,dataset12_19R,-2.5087302239712317,0.8940610449496202,0.0823735914982225,0.9090207916781602,source HD-EEG
265,dataset12_19L,-2.3321465353029316,0.9552813653599272,0.08826303647885127,0.9163014967814607,source HD-EEG
266,dataset12_20R,-3.0124197187064556,0.5719037220562223,0.08952220297750257,0.769857497381611,source HD-EEG
267,dataset12_20L,-3.4893844632030997,0.7686151099323499,0.05602023580798171,0.9155608119230829,source HD-EEG
268,dataset12_21R,-3.2621458130835803,0.657351427331043,0.09472867007544317,0.8129368108837063,source HD-EEG
269,dataset12_21L,-2.9342431596168677,0.8040268915130084,0.06544386312996485,0.9049567037428998,source HD-EEG
270,dataset12_22R,-2.7245928873072818,0.9884782431605084,0.09957282783196873,0.8829079145788014,source HD-EEG
271,dataset12_22L,-2.713396404259321,0.8019550632641821,0.06946443375516637,0.8774875005538615,source HD-EEG
272,dataset12_23R,-2.8537921962651764,0.5670934923065267,0.09856033559058376,0.7317870837915684,source HD-EEG
273,dataset12_23L,-2.7171721710820727,0.8011288204041858,0.07166161057442334,0.8768341673707318,source HD-EEG
274,dataset12_24R,-2.9455637865202693,0.5272519359133947,0.10086747805700305,0.7159834652370038,source HD-EEG
275,dataset12_24L,-3.36182305115138,0.6492513018503481,0.09951863053751327,0.7753478398472641,source HD-EEG
276,dataset12_25R,-3.857436127038058,0.6093624934153504,0.08795097622284063,0.7638876330309761,source HD-EEG
277,dataset12_25L,-2.7528736721238296,0.774225197971562,0.07192410464031881,0.859404285312832,source HD-EEG
278,dataset12_26R,-3.4488142980825516,0.5613198489154845,0.08720076112835914,0.7869818914737216,source HD-EEG
279,dataset12_26L,-2.7223022098769314,0.8392779697808003,0.08008773999035282,0.8874524808119599,source HD-EEG
280,dataset12_27R,-3.086108919087414,0.5857826297813913,0.09678152556763596,0.7784827211519467,source HD-EEG
281,dataset12_27L,-3.4062681220976314,0.5795727053664885,0.08581298716691475,0.8087267952799441,source HD-EEG
282,dataset12_28R,-2.135559561103594,1.164783006297556,0.06639365766660858,0.9549553388770553,source HD-EEG
283,dataset12_28L,-2.2313851246834933,1.2408298992112723,0.06367778974740634,0.9616063127399928,source HD-EEG
284,dataset12_29R,-3.835060475485779,0.3694473004959623,0.07908205076802483,0.5705808819705794,source HD-EEG
285,dataset12_29L,-3.0306025316338356,0.9184159842432724,0.05017578500874905,0.9459528428440238,source HD-EEG
286,dataset12_30R,-3.242731640942922,0.3692455179846457,0.08101445510931339,0.5516029406587178,source HD-EEG
287,dataset12_30L,-2.9550884724559805,0.4821118330617725,0.12031590744901312,0.6014413413781375,source HD-EEG
288,dataset12_31R,-3.1166728752561283,0.4897589769322278,0.09710586230408975,0.6433403695426803,source HD-EEG
289,dataset12_31L,-3.1303938410211147,0.49874975536079263,0.10451211511862064,0.6723474638347292,source HD-EEG
290,dataset12_32R,-3.5850704906362503,0.2770691996688406,0.09592005843771745,0.3456777872033344,source HD-EEG
291,dataset12_32L,-3.268055024348184,0.5598314152470384,0.0778238195910637,0.7357944956817497,source HD-EEG
292,dataset12_33R,-2.833182810634064,0.3875509418048498,0.11081301974106074,0.6168761761606694,source HD-EEG
293,dataset12_33L,-3.097603835656183,0.48870228457720677,0.12831510860264414,0.5504175162606392,source HD-EEG
294,dataset12_34R,-3.509803371316065,0.2296190990239234,0.10755139269503557,0.254059496617724,source HD-EEG
295,dataset12_34L,-2.8899670898616643,0.66081201849653,0.08471437605083719,0.8390766459340463,source HD-EEG
296,dataset12_35R,-2.987550767890267,0.3277277048902053,0.0849496076727993,0.4807680488979638,source HD-EEG
297,dataset12_35L,-3.450424268574361,0.4512206234560975,0.11755845631838487,0.5848541937421704,source HD-EEG
298,dataset12_36R,-3.8483465794096983,0.37804157398098215,0.08580163190034763,0.5366078483092397,source HD-EEG
299,dataset12_36L,-2.9635842196009854,0.7739546920513773,0.10331491888809859,0.8108261902267869,source HD-EEG
300,dataset12_37R,-2.785753085822459,0.6078629593956544,0.0832035588933611,0.7756972615341661,source HD-EEG
301,dataset12_37L,-2.840517391379414,0.8009657659103195,0.09774070955660086,0.8375722106517063,source HD-EEG
302,dataset12_38R,-2.86349478086971,0.430317954289479,0.09096606570515112,0.7085809571092514,source HD-EEG
303,dataset12_38L,-2.6799163699692388,0.6123904618286662,0.0823693461040139,0.8026371644129506,source HD-EEG
304,dataset13_01R,-3.868133516805969,0.0174271845968631,0.08569933143796643,0.0024422912090391424,source HD-EEG
305,dataset13_01L,-3.3078535822138107,0.5384552144175807,0.05580907791900963,0.8974035799609422,source HD-EEG
306,dataset13_02R,-3.7379742151653925,-0.11399733861135475,0.06980755948801634,0.12520321565702694,source HD-EEG
307,dataset13_02L,-3.218942031994149,0.4852678286791499,0.06661652913130402,0.8227437140528789,source HD-EEG
308,dataset13_03R,-3.721361399015902,-0.1924898167911381,0.08017249505606215,0.1802737914449901,source HD-EEG
309,dataset13_03L,-3.3802263181240697,0.12217548351525936,0.07190846508022337,0.46074670175831295,source HD-EEG
310,dataset13_04R,-3.59042360917225,-0.4255007928449978,0.08983019631951418,0.5281260064097784,source HD-EEG
311,dataset13_04L,-4.455193845837558,-0.3066242771052007,0.08337185972254853,0.38145708848572296,source HD-EEG
312,dataset13_05R,-4.322945674233698,-0.23858466210391868,0.07801445625806921,0.24129233332727432,source HD-EEG
313,dataset13_05L,-4.048864875272573,-0.20241903851622634,0.07943803606031316,0.24318958800180748,source HD-EEG
314,dataset13_06R,-2.991770458265231,0.8701331172137655,0.05577164571296227,0.9521426997818256,source HD-EEG
315,dataset13_06L,-2.8768947394055924,0.9452694400640823,0.0635559764243953,0.9747155809695794,source HD-EEG
316,dataset13_07R,-3.3765514313242795,0.5367347195984911,0.07623191980517666,0.8095956038499112,source HD-EEG
317,dataset13_07L,-2.897116320386272,0.8768071402230291,0.04917026679734663,0.970510032278429,source HD-EEG
318,dataset13_08R,-3.1370303147269234,0.7931876691201963,0.050363660510335306,0.9601974715251982,source HD-EEG
319,dataset13_08L,-3.094384638764107,1.0273664079705946,0.06831814184538293,0.974507214751635,source HD-EEG
320,dataset13_09R,-2.991634693353199,0.998799015227551,0.08119537358796149,0.9431980449762942,source HD-EEG
321,dataset13_09L,-3.187251561150966,0.8934077921470421,0.09867259602658268,0.9253452223940256,source HD-EEG
322,dataset13_10R,-3.1006024316995617,0.8928149567468691,0.08316212676178392,0.9228778956565616,source HD-EEG
323,dataset13_10L,-2.9431339289812977,1.072623289665123,0.06923865340299543,0.971450001841755,source HD-EEG
324,dataset13_11R,-3.152109774185278,0.6258115333547488,0.056377482655835254,0.8956814460377199,source HD-EEG
325,dataset13_11L,-3.1583292697958507,0.5824273703867222,0.06730787296200649,0.9045631479389087,source HD-EEG
326,dataset13_12R,-2.8050471892149584,0.6238508351956354,0.06292927545507412,0.8948335386101751,source HD-EEG
327,dataset13_12L,-2.9312418882430396,0.7870504767200879,0.06953653908132991,0.9334232414799359,source HD-EEG
328,dataset13_13R,-3.068199011753358,0.8487374864996806,0.0860111612975012,0.9272096120809278,source HD-EEG
329,dataset13_13L,-2.9966131971543812,0.7726607630322723,0.0696219771062934,0.9279361516103029,source HD-EEG
330,dataset13_14R,-2.875085639642893,1.2945858400759493,0.06387313881784033,0.9671361399310509,source HD-EEG
331,dataset13_14L,-3.0796441363531213,1.042130094288307,0.09822978320812505,0.9388133540989595,source HD-EEG
332,dataset13_15R,-2.1234707130011454,0.9418627145639121,0.07806137216260123,0.9386549852693674,source HD-EEG
333,dataset13_15L,-2.528535302052631,0.8832752941729166,0.06345871057651142,0.9578550406946381,source HD-EEG
334,dataset13_16R,-2.9298367772552214,0.873888300358949,0.07510660094366539,0.9393550874581958,source HD-EEG
335,dataset13_16L,-3.202939671902062,0.8607616300160381,0.0749540899357383,0.9351869703944438,source HD-EEG
336,dataset13_17R,-1.9241954238315877,1.513638372757661,0.07335260264688265,0.9707744167986092,source HD-EEG
337,dataset13_17L,-2.043280968816694,1.4877600878911652,0.07464674085553212,0.97095010952635,source HD-EEG
338,dataset13_18R,-2.0980151682103494,1.3915088540308742,0.060561466138889915,0.975362975367291,source HD-EEG
339,dataset13_18L,-2.2584528416444583,1.3782247905391831,0.062355680737639946,0.9744334886890376,source HD-EEG
340,dataset13_19R,-2.3810234300212034,0.9491735828730424,0.08148819527771807,0.9407913356780444,source HD-EEG
341,dataset13_19L,-2.7511629372459123,0.718626711342465,0.07218190306511275,0.9125132626195548,source HD-EEG
342,dataset13_20R,-3.360368218575335,0.8012071744357031,0.057830069383033186,0.9451231508155488,source HD-EEG
343,dataset13_20L,-3.613293278171392,0.9062325253607573,0.05131812929554691,0.9760522076490411,source HD-EEG
344,dataset13_21R,-3.267593359013989,0.7886272665465264,0.08034106949069432,0.9264447546709556,source HD-EEG
345,dataset13_21L,-3.050279743037972,0.7242655595975788,0.08529637127383709,0.8882622329544628,source HD-EEG
346,dataset13_22R,-2.9913893936271285,0.7698279572268094,0.07918027534549688,0.9025903562780195,source HD-EEG
347,dataset13_22L,-3.042017355859365,0.6293324071381017,0.10050995955075907,0.8324870362801524,source HD-EEG
348,dataset13_23R,-3.13071617150574,0.9380744478813766,0.058682678399964126,0.9610115992684336,source HD-EEG
349,dataset13_23L,-3.0558562687487147,0.7881710966660019,0.08994912489583297,0.9001271026473423,source HD-EEG
350,dataset13_24R,-2.982909691047906,0.9475033030800071,0.07799832722870298,0.9435073210275537,source HD-EEG
351,dataset13_24L,-3.1785928580796043,0.8795941883810465,0.0601696676152448,0.9674522255090277,source HD-EEG
352,dataset13_25R,-3.2356609428235497,0.7691141779209992,0.0618921033585019,0.9368490643635269,source HD-EEG
353,dataset13_25L,-3.4929100986314894,0.47607926021313524,0.07292550093127013,0.8622856709891202,source HD-EEG
354,dataset13_26R,-2.333250265422448,1.2063523588219278,0.05139733617627256,0.9738188659698153,source HD-EEG
355,dataset13_26L,-2.373656390215838,1.2170692350987007,0.05912638127188433,0.9714061220490496,source HD-EEG
356,dataset13_27R,-2.5457817197930375,1.3220778311766206,0.05648291345805552,0.9788523505128182,source HD-EEG
357,dataset13_27L,-2.3700731478153965,1.3044949887195483,0.05962056787192317,0.9748769363156353,source HD-EEG
358,dataset13_28R,-2.500398331960332,0.9656480200375159,0.04800162723054303,0.9623104612350986,source HD-EEG
359,dataset13_28L,-2.794933904951381,0.8714558141047959,0.05344466694358486,0.9585980753647021,source HD-EEG
360,dataset13_29R,-3.3294356697663097,0.7830464421685814,0.08131180479884441,0.9147418429152875,source HD-EEG
361,dataset13_29L,-3.1596613136224385,0.7815344812605222,0.068977678541931,0.9593709720467781,source HD-EEG
362,dataset13_30R,-3.2588812253778876,0.9213007652726312,0.0939318006235402,0.8958696621607335,source HD-EEG
363,dataset13_30L,-3.172257479626407,0.533310749204107,0.11473125126695129,0.8020728818011283,source HD-EEG
364,dataset13_31R,-3.270705078555926,0.7210296921293846,0.07873577636360689,0.8851826423075697,source HD-EEG
365,dataset13_31L,-3.255926952518574,0.5199022661456862,0.11768274232686696,0.7531880241555358,source HD-EEG
366,dataset13_32R,-3.114867970793505,0.7136396892852911,0.05548339122541101,0.9141264717253388,source HD-EEG
367,dataset13_32L,-3.004381754500913,0.6734318863715677,0.07804389696587617,0.8833492485754395,source HD-EEG
368,dataset13_33R,-2.547847642417265,0.8069870915326756,0.09376872135535348,0.8964564020435828,source HD-EEG
369,dataset13_33L,-2.879689181880294,0.8521421539646571,0.06299310579555167,0.9476963930098123,source HD-EEG
370,dataset13_34R,-3.0773906395333306,0.9331964708034277,0.05687650887688492,0.9549071622368497,source HD-EEG
371,dataset13_34L,-2.7443604339060466,1.0945477651405195,0.06426820840674839,0.9776388392851203,source HD-EEG
372,dataset13_35R,-3.230489493844572,0.6157000582999803,0.07061773026088752,0.8821423335210596,source HD-EEG
373,dataset13_35L,-2.6641197997667416,0.8912607996103507,0.08292894397119105,0.9532961843356557,source HD-EEG
374,dataset13_36R,-3.0588830118373393,0.512000167868887,0.06870462365344723,0.8298599336690978,source HD-EEG
375,dataset13_36L,-2.535783875221131,0.7932259542540192,0.04894174543635559,0.9475906846681904,source HD-EEG
376,dataset13_37R,-2.5947123741102556,0.8984745145667488,0.0878057177649616,0.9201645867382171,source HD-EEG
377,dataset13_37L,-2.2381210440694512,0.842777522972587,0.051554605684739734,0.9530375632109528,source HD-EEG
378,dataset13_38R,-2.225994335366193,0.8871120373657712,0.08546107359934423,0.9213781822214643,source HD-EEG
379,dataset13_38L,-2.382540164889757,0.8637146057401587,0.056146508188547696,0.9551315303137107,source HD-EEG
380,dataset14_01R,-3.1191703156510004,0.9765540364570733,0.053696736882191266,0.9658041784471217,source HD-EEG
381,dataset14_01L,-3.125916211343259,0.8485800550131155,0.04175793796216201,0.9522201778861578,source HD-EEG
382,dataset14_02R,-3.158178893708063,0.8364561944327573,0.05496417353709377,0.9462194496033018,source HD-EEG
383,dataset14_02L,-3.100230229152436,0.5155084329694501,0.12836486118831744,0.6725986283045597,source HD-EEG
384,dataset14_03R,-3.0561223517203904,0.9828628179226313,0.054098552253155206,0.9695151885862902,source HD-EEG
385,dataset14_03L,-3.3593875914533315,0.9541675190464859,0.03457445203742316,0.9850426128263183,source HD-EEG
386,dataset14_04R,-3.4175468557459263,0.9368305162420159,0.05489725653783879,0.9714085704117763,source HD-EEG
387,dataset14_04L,-3.5382387728508617,0.9630574547035832,0.045878292016409195,0.9796654352675344,source HD-EEG
388,dataset14_05R,-3.6697828353886126,0.9950019160655853,0.0635036181701649,0.9633201212306116,source HD-EEG
389,dataset14_05L,-3.6545513087100616,0.9261849704954885,0.04527347417076728,0.9709330799718323,source HD-EEG
390,dataset14_06R,-3.6993345980834498,0.5448012189216827,0.08446565759108891,0.9058480212135326,source HD-EEG
391,dataset14_06L,-3.6340795291719927,0.7790655179550717,0.05299875531194824,0.9371401506771895,source HD-EEG
392,dataset14_07R,-3.4913426830567444,1.0030019646608856,0.04730107449235235,0.9662298042614678,source HD-EEG
393,dataset14_07L,-3.1070518030679497,1.0013845383410143,0.04250626096518006,0.9708240618684579,source HD-EEG
394,dataset14_08R,-3.6341077765899894,0.5771671438812795,0.04652103662884773,0.9273882340631663,source HD-EEG
395,dataset14_08L,-3.691370326114568,0.9236621348623367,0.03685446138641548,0.960216623246844,source HD-EEG
396,dataset14_09R,-3.3440362885397668,0.8374014520521095,0.04316626581510004,0.9535058221139417,source HD-EEG
397,dataset14_09L,-3.1365317322326214,0.9225351704906359,0.03802383109158882,0.9529852680179385,source HD-EEG
398,dataset14_10R,-3.0566947336075376,0.9596822783897415,0.03666814123794676,0.9709004000280009,source HD-EEG
399,dataset14_10L,-3.3799338114903725,0.7420445380025729,0.04426905846814681,0.9357705948889792,source HD-EEG
400,dataset14_11R,-3.103027905423765,1.044155262131359,0.05334467646329225,0.9673531303821501,source HD-EEG
401,dataset14_11L,-3.7207860170026437,1.0212079209138412,0.03670106880549031,0.985321977948943,source HD-EEG
402,dataset14_12R,-3.184593494310739,1.1250549185144525,0.04767686585775497,0.9792737733447804,source HD-EEG
403,dataset14_12L,-3.2931430447957357,1.085759782866474,0.04872998214368735,0.9836575860083963,source HD-EEG
404,dataset14_13R,-3.122382474218879,0.5687675657364772,0.0751789521718893,0.850932482395466,source HD-EEG
405,dataset14_13L,-3.377025665923203,0.7097259932573885,0.07343583247341724,0.897951475014568,source HD-EEG
406,dataset14_14R,-3.4726564465015954,0.491143166759911,0.06791681735302675,0.8451452689253212,source HD-EEG
407,dataset14_14L,-3.1770256336129252,0.8974832632154075,0.07385755111291131,0.9431302880136844,source HD-EEG
408,dataset14_15R,-3.43335500290733,0.513878986219692,0.07500298790874232,0.8352157036320021,source HD-EEG
409,dataset14_15L,-3.1058107204374705,0.7719391986557183,0.061109336944557356,0.9523404938740246,source HD-EEG
410,dataset14_16R,-3.493594058066518,0.6446532489025887,0.07988009187701077,0.908275352247586,source HD-EEG
411,dataset14_16L,-3.788620320156535,0.7721552357275244,0.0757888344896301,0.9367509764071321,source HD-EEG
412,dataset14_17R,-3.1741923059983344,1.0940721662228428,0.035707866730398385,0.9776435421559622,source HD-EEG
413,dataset14_17L,-3.2323938328159736,1.1219423569497968,0.043984747812897615,0.970343318968876,source HD-EEG
414,dataset14_18R,-3.2461359131867757,0.9957244465190951,0.030636864545384338,0.9852147194890787,source HD-EEG
415,dataset14_18L,-3.32159154150883,1.0541156526463618,0.040936329041143325,0.9746844978326856,source HD-EEG
416,dataset14_19R,-3.3157205323011074,0.5602834900790602,0.07737487245929237,0.8772506490317836,source HD-EEG
417,dataset14_19L,-3.560487215821798,0.5649723677089324,0.07287399467149688,0.9173472001682565,source HD-EEG
418,dataset14_20R,-3.663223563915792,0.36265437223917085,0.057138548120277875,0.836260752824623,source HD-EEG
419,dataset14_20L,-3.326128153426294,0.7406512109226557,0.08015215908193511,0.8887609539623189,source HD-EEG
420,dataset14_21R,-3.0848668262531107,0.6955408050329026,0.07762808160585283,0.8686315754903763,source HD-EEG
421,dataset14_21L,-3.5143784915373697,0.7174273057625967,0.06992204179656734,0.8972714008659065,source HD-EEG
422,dataset14_22R,-2.547041907092877,0.7565265772296386,0.07283400712937284,0.8999669789395477,source HD-EEG
423,dataset14_22L,-3.221671904043318,0.671912194641403,0.07747782929793734,0.8529168588163736,source HD-EEG
424,dataset14_23R,-2.488398026820422,0.7692718360228719,0.07622341778594943,0.8946460892683226,source HD-EEG
425,dataset14_23L,-3.089301427775305,0.7738595960995559,0.046006970607945806,0.9322998997435205,source HD-EEG
426,dataset14_24R,-3.3967747918262097,0.5223801028325576,0.07325528041155394,0.8410746499128633,source HD-EEG
427,dataset14_24L,-3.3267410567345523,0.7505969553583555,0.06275014492876084,0.9400063611760563,source HD-EEG
428,dataset14_25R,-3.0274303332664156,0.688726180472781,0.06715653307114215,0.8798276265322603,source HD-EEG
429,dataset14_25L,-3.665578601631377,0.717796046128768,0.05117055529479833,0.9437194266304789,source HD-EEG
430,dataset14_26R,-3.2720462369763057,0.8213769726615243,0.04972072173677002,0.9321409628361147,source HD-EEG
431,dataset14_26L,-3.4407961424397855,1.0054174004655725,0.0587819721921175,0.949731362287931,source HD-EEG
432,dataset14_27R,-3.8360035552854113,0.9302354836575158,0.05543479598948297,0.940072150549936,source HD-EEG
433,dataset14_27L,-3.1729181560075754,0.8925789663016686,0.03951034905335335,0.9720540381317466,source HD-EEG
434,dataset14_28R,-3.309038263189497,1.0048960092312271,0.03770631048461677,0.9661786846182728,source HD-EEG
435,dataset14_28L,-3.665052352286986,0.9539645094467358,0.045635408586846185,0.9719883781422692,source HD-EEG
436,dataset14_29R,-3.3901456439409943,0.5458320650092363,0.0923937318250211,0.8939138905564027,source HD-EEG
437,dataset14_29L,-4.025247384973264,0.5749862337750877,0.07165848711304965,0.8497420962749548,source HD-EEG
438,dataset14_30R,-2.9115090780644737,0.5554080756382407,0.06571806111764943,0.8439918758558259,source HD-EEG
439,dataset14_30L,-2.830857315567113,0.8720520933417947,0.06915104604261431,0.9193985114037838,source HD-EEG
440,dataset14_31R,-3.0389610961480953,0.6245573369153417,0.06032609919965555,0.8842928753993597,source HD-EEG
441,dataset14_31L,-3.066678894705257,0.6032484605798806,0.13324408882173827,0.683270055859449,source HD-EEG
442,dataset14_32R,-3.303864652230969,0.8155265031605315,0.07190853705489307,0.927204965947065,source HD-EEG
443,dataset14_32L,-2.9488321854775195,0.49362455272025896,0.16556966526949413,0.4931734578183386,source HD-EEG
444,dataset14_33R,-2.835623927019293,0.8005313285942706,0.054729700452179494,0.9472624234294642,source HD-EEG
445,dataset14_33L,-2.760195908215401,0.8758900738169925,0.05944733360290138,0.9465101363199755,source HD-EEG
446,dataset14_34R,-3.2972970316872163,0.3830336043939432,0.04921272605446905,0.8980470754551114,source HD-EEG
447,dataset14_34L,-3.2515577970224543,1.0449532920128755,0.0511909056663581,0.969227439508431,source HD-EEG
448,dataset14_35R,-3.474389782454575,0.5453356559422999,0.06439382097982478,0.8494023026331211,source HD-EEG
449,dataset14_35L,-3.2060130124087287,0.8957480689345019,0.0556101497772036,0.9458289366131397,source HD-EEG
450,dataset14_36R,-3.2553271086531392,0.8742286220005225,0.0637201538944546,0.9485594800914997,source HD-EEG
451,dataset14_36L,-3.2258894445559254,0.8466392788446158,0.08218780393471435,0.9208086323089792,source HD-EEG
452,dataset14_37R,-2.9344448281746778,0.918421440609329,0.06464029840634541,0.9595615365777798,source HD-EEG
453,dataset14_37L,-2.843348258780838,1.0229407616654769,0.03382758012538086,0.9764501762723498,source HD-EEG
454,dataset14_38R,-2.9146539060741348,0.9236945549617647,0.054122459724095746,0.9667932930549884,source HD-EEG
455,dataset14_38L,-3.1597837567903166,0.9152783123786908,0.049831125032414554,0.9696431081520431,source HD-EEG
456,dataset15_01R,-3.157429003232753,0.6260111351108533,0.056946844860012474,0.8999615916520772,source HD-EEG
457,dataset15_01L,-3.045613470727461,1.028274076822838,0.0673022886859926,0.9577447516972291,source HD-EEG
458,dataset15_02R,-3.275742921059726,0.469863425183905,0.06367302193876091,0.7632909573926634,source HD-EEG
459,dataset15_02L,-3.202017306676259,0.8417440861582857,0.06745986222639778,0.9505287935914338,source HD-EEG
460,dataset15_03R,-3.3431162169494892,0.5781948774018906,0.0542440550300726,0.8883006812461366,source HD-EEG
461,dataset15_03L,-2.53739849042994,1.0297916494483466,0.061087931249464045,0.9627560298262847,source HD-EEG
462,dataset15_04R,-3.3834150653554356,0.4652107961628985,0.06425662629071899,0.8290136969705261,source HD-EEG
463,dataset15_04L,-3.0835588993609693,0.599127372387151,0.0636316341302619,0.881118042748656,source HD-EEG
464,dataset15_05R,-3.3371440493551283,0.5069960038710788,0.06427699271498788,0.8732014086384193,source HD-EEG
465,dataset15_05L,-3.4339782068613167,0.7894194226632483,0.060723100779697184,0.933766616406213,source HD-EEG
466,dataset15_06R,-2.9120807807701445,1.0789322857421448,0.04304665350938127,0.9894253722629682,source HD-EEG
467,dataset15_06L,-2.789981891127623,1.1510226511157404,0.07116128203801622,0.9683458524612183,source HD-EEG
468,dataset15_07R,-2.673047086941128,1.1318381924302592,0.04351527853926795,0.9815672978666548,source HD-EEG
469,dataset15_07L,-2.6809997854979555,1.1830047335702116,0.06394531296652417,0.9732945200851848,source HD-EEG
470,dataset15_08R,-3.357572413860509,1.0111865400643951,0.034546350852373585,0.9912708121742662,source HD-EEG
471,dataset15_08L,-3.0134599102455963,1.1371658298480019,0.0757945265940404,0.964974513154291,source HD-EEG
472,dataset15_09R,-2.667020725919676,1.137136035626664,0.04056253540466274,0.9888756467666746,source HD-EEG
473,dataset15_09L,-3.0169026774960463,0.9862699766417532,0.054973873121580495,0.9699689305920792,source HD-EEG
474,dataset15_10R,-2.468028210346544,1.136527795801796,0.04777129778257846,0.9773133000798636,source HD-EEG
475,dataset15_10L,-2.9119482855554186,1.1008692574277674,0.06487343464661265,0.9613177088865914,source HD-EEG
476,dataset15_11R,-2.6229988264077435,1.1626637343188024,0.04928000503715627,0.9760453659577301,source HD-EEG
477,dataset15_11L,-2.660213256400098,1.2312753856291507,0.06456573470523404,0.9715977073103024,source HD-EEG
478,dataset15_12R,-2.4428888961171396,1.3188724587017033,0.05785858928221045,0.9790170401582541,source HD-EEG
479,dataset15_12L,-2.534357547852243,1.3333278177314232,0.06968133251684726,0.9712275815252858,source HD-EEG
480,dataset15_13R,-2.3899775586177863,1.14195120719047,0.05209460223789115,0.9686252045012191,source HD-EEG
481,dataset15_13L,-2.1179567404962354,1.0678826787967395,0.0499820439924132,0.9802738362068868,source HD-EEG
482,dataset15_14R,-2.4732591996304327,1.1566444051356986,0.05417270971435209,0.9709399799746566,source HD-EEG
483,dataset15_14L,-2.4089037293811937,1.1957667341891947,0.05116923641307273,0.9837883406237292,source HD-EEG
484,dataset15_15R,-2.2595547356967858,0.937558179955059,0.06493800205645625,0.9519827658759171,source HD-EEG
485,dataset15_15L,-2.0181190246581022,0.9810532944208613,0.05602708455739665,0.9639894701015846,source HD-EEG
486,dataset15_16R,-2.377957647413708,1.2259241645425478,0.043982534995882776,0.9796175341352769,source HD-EEG
487,dataset15_16L,-2.3551633590486416,1.412711500141338,0.04692683849302812,0.9809445515064443,source HD-EEG
488,dataset15_17R,-1.7788737667557772,1.6142511087494609,0.0847812569137433,0.9730189152216238,source HD-EEG
489,dataset15_17L,-2.0373381538513833,1.6096582468598672,0.08693329226250365,0.9714620083272703,source HD-EEG
490,dataset15_18R,-1.5547198071772832,1.5364228279165568,0.062409914883119366,0.98389730684132,source HD-EEG
491,dataset15_18L,-1.7411985123302076,1.5448666212541675,0.06438218577328123,0.981884670093785,source HD-EEG
492,dataset15_19R,-1.736205975133511,1.0400302598718976,0.05967900724715239,0.9678623240097727,source HD-EEG
493,dataset15_19L,-1.9028126705121247,1.0826700768037953,0.05672237219823785,0.9677007365842436,source HD-EEG
494,dataset15_20R,-3.234775721200496,0.9410453511157502,0.05381136944578763,0.964615639900851,source HD-EEG
495,dataset15_20L,-3.025504135089763,0.8949883282836253,0.054126739260697256,0.9713489213808848,source HD-EEG
496,dataset15_21R,-3.2318402546443736,0.9945957947238585,0.05530765720661264,0.9693285567908302,source HD-EEG
497,dataset15_21L,-2.1591157419630997,0.8690973986020182,0.04422957011663317,0.98032465140616,source HD-EEG
498,dataset15_22R,-3.742163875177008,0.6959872343906313,0.06431170017667166,0.9351646489377115,source HD-EEG
499,dataset15_22L,-2.57060476244418,0.86303639558896,0.06186416894980485,0.9571512966963769,source HD-EEG
500,dataset15_23R,-2.545755471696944,0.8761786439438766,0.09269353565908262,0.8909519805894255,source HD-EEG
501,dataset15_23L,-2.5605729653856675,0.839963661547467,0.040559131265440564,0.9784867677668486,source HD-EEG
502,dataset15_24R,-2.945768548039715,0.9791591682770227,0.05908792855859322,0.9580568624562511,source HD-EEG
503,dataset15_24L,-2.2410536400591385,0.9818942705073815,0.043704195615247424,0.9812940226690124,source HD-EEG
504,dataset15_25R,-3.3583093356326095,0.9736063480465906,0.0546675756442072,0.9578207773421542,source HD-EEG
505,dataset15_25L,-2.5691886967944515,1.167011769087906,0.06413134001138782,0.9809333558197417,source HD-EEG
506,dataset15_26R,-2.1118259454266024,1.3052514206355281,0.040641502170604894,0.9881543846130239,source HD-EEG
507,dataset15_26L,-1.6895995255010836,1.492302473654757,0.05424532185027171,0.9822176321553899,source HD-EEG
508,dataset15_27R,-2.2309354889744313,1.38263571940218,0.05686871580491559,0.978017697521474,source HD-EEG
509,dataset15_27L,-2.231896298705443,1.2964653907435646,0.053849106241862024,0.9772794483473698,source HD-EEG
510,dataset15_28R,-1.8258208361377546,1.520047324275594,0.0556996430105723,0.9876886751567144,source HD-EEG
511,dataset15_28L,-1.8630587054654533,1.5023147406522133,0.08988806378566529,0.9644204986957207,source HD-EEG
512,dataset15_29R,-2.4716262156989686,1.2099019796640587,0.031903269550574355,0.9932998942088912,source HD-EEG
513,dataset15_29L,-2.911636768488334,1.1446014198053025,0.07160419682337671,0.969184389172024,source HD-EEG
514,dataset15_30R,-2.496717143244109,1.03880444809522,0.0757286946026661,0.9593998959746675,source HD-EEG
515,dataset15_30L,-2.6157420220841616,0.916715688343745,0.07407030157988964,0.9459835420046184,source HD-EEG
516,dataset15_31R,-2.58608223568239,0.919137614062451,0.07397035120154098,0.9580237179735752,source HD-EEG
517,dataset15_31L,-2.820619129200718,1.04938112309464,0.07727985315088458,0.9546872932341794,source HD-EEG
518,dataset15_32R,-3.897585725578579,0.45723026403714107,0.06698656239629072,0.9223037548967705,source HD-EEG
519,dataset15_32L,-3.3553516415618505,0.8663886289004196,0.11486168745476,0.8440649212048978,source HD-EEG
520,dataset15_33R,-1.3959133473193925,1.1673743080067034,0.04844132285108652,0.976573556701195,source HD-EEG
521,dataset15_33L,-1.9516254916605904,0.9212709143476787,0.055439677431909716,0.9724351513498075,source HD-EEG
522,dataset15_34R,-2.7815243020007236,1.0473382263448086,0.06782780125732536,0.9666440645027475,source HD-EEG
523,dataset15_34L,-2.591772671329359,1.354064489757419,0.09240698479663369,0.9656266488383208,source HD-EEG
524,dataset15_35R,-3.22435746303179,0.9701859964721575,0.0636550899805932,0.9668374374698966,source HD-EEG
525,dataset15_35L,-2.5578280734273804,1.1071030285244812,0.06388659453604376,0.9678061684293882,source HD-EEG
526,dataset15_36R,-3.469008493692553,0.7629604385510826,0.0645934750582103,0.9381481082479417,source HD-EEG
527,dataset15_36L,-2.4019543546337374,0.9379457916973793,0.046598155089145527,0.9667288056688061,source HD-EEG
528,dataset15_37R,-1.9351265522539158,1.1083438484213735,0.04221439302726781,0.9822921915860213,source HD-EEG
529,dataset15_37L,-2.494983939121124,0.9699621476282481,0.05003174878000158,0.9687246159967742,source HD-EEG
530,dataset15_38R,-1.7470226531814037,1.0290039959429678,0.04410356634636389,0.9781272706417434,source HD-EEG
531,dataset15_38L,-1.8753530815916266,0.9673302288876627,0.05213009455176986,0.9688985238835354,source HD-EEG
532,dataset16_01R,-2.4879588699175033,1.348279524535135,0.04998652635876583,0.9752997008991349,source HD-EEG
533,dataset16_01L,-2.995649878688331,1.0676721199644128,0.05494984026423663,0.9697012114034381,source HD-EEG
534,dataset16_02R,-2.9178256953392556,1.1157853028414344,0.050502818779635646,0.9768507217365682,source HD-EEG
535,dataset16_02L,-2.9457301102538684,0.820297583876775,0.059500710996595464,0.9133645306746436,source HD-EEG
536,dataset16_03R,-3.135450438243652,1.1544875645043993,0.0807339978668041,0.9443067110835852,source HD-EEG
537,dataset16_03L,-2.5127183727467375,1.3936346418311616,0.043236700001675024,0.9847879741392382,source HD-EEG
538,dataset16_04R,-3.5609570768509973,1.158792062281595,0.1001269118730651,0.9194046141567684,source HD-EEG
539,dataset16_04L,-3.483094622999092,1.3005717352152277,0.05520802924368929,0.9757003854582493,source HD-EEG
540,dataset16_05R,-2.672008920428256,1.342597655524976,0.047040414010500964,0.9822244209438322,source HD-EEG
541,dataset16_05L,-3.5205113142011872,1.2665175455704922,0.051693031993988586,0.9756251452365021,source HD-EEG
542,dataset16_06R,-3.0223879204377453,1.3541312724952157,0.061390802063487966,0.9690794017857303,source HD-EEG
543,dataset16_06L,-2.6086160931314875,1.1326046837099928,0.042184391069205684,0.9786060981482569,source HD-EEG
544,dataset16_07R,-2.377806299073336,1.4205746367666057,0.03828558456679273,0.989266509139385,source HD-EEG
545,dataset16_07L,-1.8131552605254553,1.3730366313172444,0.08896759539859746,0.9494823704015487,source HD-EEG
546,dataset16_08R,-2.839742736128613,1.3865918584993961,0.0536848230618187,0.9757483280784841,source HD-EEG
547,dataset16_08L,-2.8113508698608385,1.2443688457251898,0.062250169409512245,0.9703142315282669,source HD-EEG
548,dataset16_09R,-2.7032355755779793,1.3599046250902045,0.0445262393963403,0.9811715590883962,source HD-EEG
549,dataset16_09L,-2.816117293647238,1.1716033139113788,0.05508315251848366,0.9641069273415769,source HD-EEG
550,dataset16_10R,-2.6546431532731978,1.3394982088883824,0.04354748089100799,0.9777591651101439,source HD-EEG
551,dataset16_10L,-2.2187813114629846,1.3574673761749363,0.04450311175536457,0.985417168324952,source HD-EEG
552,dataset16_11R,-2.450603324816015,1.436166384559213,0.04210155096167493,0.9908615453095557,source HD-EEG
553,dataset16_11L,-1.7915591294234072,1.8055588086566745,0.13840614868161066,0.9151086262441607,source HD-EEG
554,dataset16_12R,-1.9666160661154302,1.7569032405391691,0.0937038476648263,0.9747023594326012,source HD-EEG
555,dataset16_12L,-1.7615074648295872,1.8690905652256111,0.13973218168091528,0.9297603394940946,source HD-EEG
556,dataset16_13R,-2.9357341617213457,0.8114952103435328,0.06063082487704862,0.9175197412162345,source HD-EEG
557,dataset16_13L,-2.292487444765448,1.1181928256761093,0.04378289700463409,0.9689533756961676,source HD-EEG
558,dataset16_14R,-2.965528443909337,1.135318771707913,0.03822798380042939,0.9720329709755883,source HD-EEG
559,dataset16_14L,-2.550877378340852,1.296445626028046,0.03803205406261843,0.9882998630429961,source HD-EEG
560,dataset16_15R,-2.8482197204444666,0.5385387042345097,0.06312157406615965,0.824246832883317,source HD-EEG
561,dataset16_15L,-2.6286919689628263,1.0804333040512955,0.05788549390519425,0.9627033145319218,source HD-EEG
562,dataset16_16R,-3.3224199621014687,0.7291160750741843,0.05479367330129244,0.9240866296177596,source HD-EEG
563,dataset16_16L,-3.4644787096596987,0.8387799451164866,0.05481378090640951,0.9385352928563152,source HD-EEG
564,dataset16_17R,-2.7721203137482924,1.1802291232209599,0.04307886434516951,0.974335448685235,source HD-EEG
565,dataset16_17L,-2.4551488426102934,1.3042384117461152,0.046145569067361315,0.9786971174496196,source HD-EEG
566,dataset16_18R,-2.2033355759462583,1.2857060260931943,0.055964987349723196,0.9675944532420292,source HD-EEG
567,dataset16_18L,-2.246634085027098,1.3114746775315889,0.04908509735161542,0.9755572704132975,source HD-EEG
568,dataset16_19R,-2.671433019312334,0.5733482266983703,0.05889907847461818,0.8488543350799258,source HD-EEG
569,dataset16_19L,-2.843090644980233,0.8761997080077751,0.06614211462038704,0.928398292095012,source HD-EEG
570,dataset16_20R,-3.6242571035645263,1.0159630871814647,0.08038009017592561,0.9184703362808336,source HD-EEG
571,dataset16_20L,-2.9463637195604466,0.972211242824666,0.04495175141675128,0.9649750563754064,source HD-EEG
572,dataset16_21R,-3.089779813318156,0.8854370046602247,0.06309739746404647,0.9299588302668943,source HD-EEG
573,dataset16_21L,-2.1514877328863595,1.0570186308086857,0.05130799308189911,0.9553556907928434,source HD-EEG
574,dataset16_22R,-2.8326223071276617,0.9986364693837824,0.06654749308630414,0.9371251169930513,source HD-EEG
575,dataset16_22L,-2.4915234334770275,0.9331326628484009,0.07225915510031346,0.909765212003846,source HD-EEG
576,dataset16_23R,-2.5476368788670922,0.9097180198438753,0.10630023490842627,0.8419240113709079,source HD-EEG
577,dataset16_23L,-2.5352413845062753,0.984401480828413,0.053703902309907715,0.9439482610684933,source HD-EEG
578,dataset16_24R,-3.3748283666854135,0.4587563343323366,0.06581045235004561,0.7853929716978123,source HD-EEG
579,dataset16_24L,-2.627884471236107,0.9636093617715356,0.05316599962917709,0.9470876388837576,source HD-EEG
580,dataset16_25R,-3.011738383531237,0.9647580980914574,0.07563624668986221,0.9217398460835704,source HD-EEG
581,dataset16_25L,-2.5685742893717687,0.9405316566143677,0.046451016743638184,0.9494093952078562,source HD-EEG
582,dataset16_26R,-2.6073912774365438,1.092336356470532,0.05794443797097219,0.9492833690772446,source HD-EEG
583,dataset16_26L,-2.3771088442983035,1.328273572338744,0.04501811192917583,0.9794458250756596,source HD-EEG
584,dataset16_27R,-3.013988845914898,1.0245772584831805,0.05364826782065352,0.9506657291255667,source HD-EEG
585,dataset16_27L,-2.6549243676820296,1.2224625777418854,0.04997241386687056,0.9721664146141756,source HD-EEG
586,dataset16_28R,-1.954464325045151,1.531881323132684,0.07718659122672594,0.9629882565606492,source HD-EEG
587,dataset16_28L,-1.7099127048798426,1.5105998365482847,0.07482480409787506,0.9630846389173013,source HD-EEG
588,dataset16_29R,-2.712319801970436,1.3498207333280148,0.06243675273592028,0.968387413220865,source HD-EEG
589,dataset16_29L,-2.53120560713155,0.9812236106622307,0.05765852717727522,0.9528912358958243,source HD-EEG
590,dataset16_30R,-3.2618244925512707,1.0482328383948853,0.0889106684532647,0.9188580112126099,source HD-EEG
591,dataset16_30L,-2.9483648296932032,0.9529426599707647,0.04423974957117297,0.9557865439578276,source HD-EEG
592,dataset16_31R,-2.7892645466414905,0.9910315606630581,0.05416827032003,0.9444405138816048,source HD-EEG
593,dataset16_31L,-2.7551421962908385,0.8493613686153694,0.04640479703014357,0.938915302080462,source HD-EEG
594,dataset16_32R,-2.833466704109064,1.0044165011932742,0.06930381107133321,0.9414093103381925,source HD-EEG
595,dataset16_32L,-2.9652724496041047,0.6912203488004389,0.07384908188399572,0.8470278745449625,source HD-EEG
596,dataset16_33R,-2.62879857022967,0.786849899442313,0.05183288960610448,0.9336102945390369,source HD-EEG
597,dataset16_33L,-2.146444797750862,1.3181401499272904,0.057374233991468446,0.9704239443817604,source HD-EEG
598,dataset16_34R,-2.7423499268297284,1.2979004975846193,0.06197875322394584,0.9671585642897607,source HD-EEG
599,dataset16_34L,-2.4934139620280953,1.283229178222572,0.04776345732363169,0.9818405344767894,source HD-EEG
600,dataset16_35R,-2.3057193730242607,1.3128396307717862,0.06740530324522093,0.9647629142922547,source HD-EEG
601,dataset16_35L,-2.594618729036854,1.1899355487138936,0.0645617194005454,0.9568827339166107,source HD-EEG
602,dataset16_36R,-2.3963488475471615,1.3538079322258307,0.0483991839343384,0.979485690633287,source HD-EEG
603,dataset16_36L,-2.2583732589158667,1.2987275011649964,0.048879783600437536,0.9777029207549208,source HD-EEG
604,dataset16_37R,-1.9319447191684034,1.2689953259436209,0.039575276688421195,0.985599848294675,source HD-EEG
605,dataset16_37L,-1.877277609151967,1.360602242594205,0.0444715527645923,0.9813306816204146,source HD-EEG
606,dataset16_38R,-2.1936175283185673,0.9182929412765901,0.04304997099554891,0.9669723251525436,source HD-EEG
607,dataset16_38L,-1.9442720958230975,1.2879621908496097,0.03588112340149793,0.9809950795594181,source HD-EEG
608,dataset17_01R,-3.1938024108559655,0.2635023210245812,0.08133540506067541,0.622917668915718,source HD-EEG
609,dataset17_01L,-2.622953716585344,0.2950269232697383,0.0638262980795742,0.8798948207053217,source HD-EEG
610,dataset17_02R,-3.7578029542005713,0.189843018321101,0.0652192017422544,0.687004100762618,source HD-EEG
611,dataset17_02L,-3.060363391075685,0.4239918763313911,0.07529511941183957,0.9098043137791703,source HD-EEG
612,dataset17_03R,-2.8507197714343406,0.5831633225189542,0.07374593342252704,0.9232103305834454,source HD-EEG
613,dataset17_03L,-2.62221254758598,0.5644072540667118,0.07414416733608341,0.9169638850426081,source HD-EEG
614,dataset17_04R,-4.502541561829591,0.2373090701176409,0.05300160178838203,0.7941719167737812,source HD-EEG
615,dataset17_04L,-3.2762159516190996,0.5476599207517929,0.08361993032189328,0.9166882933990967,source HD-EEG
616,dataset17_05R,-3.677171009892186,0.7285517762006306,0.046515661004312224,0.9556403483174145,source HD-EEG
617,dataset17_05L,-2.7503666725573566,0.5857132770761075,0.07705305207931767,0.924640355218319,source HD-EEG
618,dataset17_06R,-2.7165880366697244,0.8414155608523575,0.0829215008174926,0.9220314395406495,source HD-EEG
619,dataset17_06L,-3.1677472051227213,0.4529346105991322,0.07348923094219276,0.8801914859772055,source HD-EEG
620,dataset17_07R,-2.6221498644132324,0.8434265910725917,0.032247574255588274,0.9864277976327871,source HD-EEG
621,dataset17_07L,-2.744348134009643,0.7265106559030119,0.04818030109740749,0.9708951706763986,source HD-EEG
622,dataset17_08R,-2.956841611385251,0.7827805238060858,0.07766608859967701,0.9181992678142188,source HD-EEG
623,dataset17_08L,-3.598819999772929,0.5211442054760972,0.060520094059741694,0.9041165024077485,source HD-EEG
624,dataset17_09R,-3.1110356991949564,0.6289791706443879,0.061404249846563896,0.8998260584912021,source HD-EEG
625,dataset17_09L,-3.4032298794001425,0.18288166384977855,0.07498347206370909,0.5938761258423909,source HD-EEG
626,dataset17_10R,-3.130955702695055,0.4356047304022506,0.06901981449771505,0.829860873772927,source HD-EEG
627,dataset17_10L,-2.8490228082191136,0.3479847386091892,0.06380176276833989,0.8996830694203157,source HD-EEG
628,dataset17_11R,-2.966562677514761,0.8405182062143809,0.03716207209904992,0.978977165199984,source HD-EEG
629,dataset17_11L,-2.905359174730214,0.7070284938497271,0.04322149440743451,0.9691813660961094,source HD-EEG
630,dataset17_12R,-2.40207204014321,0.9840199067750512,0.03849502950030422,0.9824237019631948,source HD-EEG
631,dataset17_12L,-2.4716951260263764,0.9380734478948833,0.04259130427677028,0.9795323499252739,source HD-EEG
632,dataset17_13R,-2.216152784025213,0.9359656629893172,0.08185010466800377,0.9312971005622512,source HD-EEG
633,dataset17_13L,-2.567221439923053,0.8789238766052485,0.09905048998642321,0.904721706955188,source HD-EEG
634,dataset17_14R,-2.4073030464905307,0.8670853183364226,0.06827600669767141,0.9424740544814176,source HD-EEG
635,dataset17_14L,-2.697019321156298,0.652250296370878,0.05777863069560985,0.903981187229856,source HD-EEG
636,dataset17_15R,-2.0141215103872194,0.9411870309623522,0.07837174777099282,0.9321156236528768,source HD-EEG
637,dataset17_15L,-2.1291691936622734,1.0993452469581388,0.07419678267093525,0.9522374827814971,source HD-EEG
638,dataset17_16R,-2.6104183486643016,1.1590567062566155,0.07917528456113096,0.9564870610817728,source HD-EEG
639,dataset17_16L,-2.6433316229607384,1.1911749759047474,0.07983144949226446,0.9579856415706423,source HD-EEG
640,dataset17_17R,-2.359452112947512,0.6698409470676124,0.06431043022832199,0.920749345932114,source HD-EEG
641,dataset17_17L,-2.6825450113786307,0.887225273389458,0.06889064904027602,0.9545970204130825,source HD-EEG
642,dataset17_18R,-2.6311995804341275,0.8136204968656292,0.06409721296807308,0.9519162347487858,source HD-EEG
643,dataset17_18L,-2.4413060863722036,0.883684940547369,0.06507321648422476,0.9569583077036802,source HD-EEG
644,dataset17_19R,-1.9232996696333124,1.1155342181004406,0.07645149311515548,0.9508848519309244,source HD-EEG
645,dataset17_19L,-2.094385010665189,1.1772073042440614,0.07397369125684815,0.9569564680147072,source HD-EEG
646,dataset17_20R,-3.076023305585211,0.7418941312763686,0.0694742747136177,0.932795913204168,source HD-EEG
647,dataset17_20L,-3.8068346002219795,0.40067478140998114,0.055788130642115706,0.8692738156885044,source HD-EEG
648,dataset17_21R,-2.09311048038725,0.8534459678933409,0.08698375603929083,0.9124654751200042,source HD-EEG
649,dataset17_21L,-2.276982672259792,0.923272643041365,0.10326697287761882,0.9074696779193218,source HD-EEG
650,dataset17_22R,-2.4719606102673968,0.6968730776102431,0.1018873149095428,0.8297737917945489,source HD-EEG
651,dataset17_22L,-2.733646313329447,0.6980959945707863,0.0989938290920659,0.8793339494085626,source HD-EEG
652,dataset17_23R,-2.3960525394343968,0.9703233481862091,0.10285428017868922,0.8847353891588537,source HD-EEG
653,dataset17_23L,-2.9677795055005416,0.7251702463604377,0.1061196182646142,0.8793277126592286,source HD-EEG
654,dataset17_24R,-2.281273338314468,0.932269317563557,0.09138245007556567,0.91701387492101,source HD-EEG
655,dataset17_24L,-2.6629500809151354,0.7790311497333644,0.09094840302165713,0.9063099556646844,source HD-EEG
656,dataset17_25R,-2.5925731200107833,0.7855700284805079,0.08916057126301674,0.8780663342001988,source HD-EEG
657,dataset17_25L,-2.8430209894937546,0.7487619086125524,0.10436914368846854,0.8615901911281542,source HD-EEG
658,dataset17_26R,-2.5947510441478205,0.7832547243337867,0.07199416033840816,0.9237866544874579,source HD-EEG
659,dataset17_26L,-2.801069304854091,0.8270049815590292,0.07278811012689988,0.940498603286348,source HD-EEG
660,dataset17_27R,-3.0828803083070753,0.7233482731755067,0.07030256595784845,0.9203081030441396,source HD-EEG
661,dataset17_27L,-2.7341945876555545,0.7679808937266035,0.07540971577613036,0.9115898364508429,source HD-EEG
662,dataset17_28R,-1.6562775113749495,1.1558417839037989,0.08141863702082082,0.9579267469052835,source HD-EEG
663,dataset17_28L,-2.0650203347692804,1.0860004064102469,0.08148051700772517,0.9561581698509721,source HD-EEG
664,dataset17_29R,-2.388905314108073,0.9583570950752259,0.05447777022928062,0.967781890530817,source HD-EEG
665,dataset17_29L,-3.7505328122163704,0.40122592124568024,0.05887310175304343,0.8388018657806048,source HD-EEG
666,dataset17_30R,-2.5151751256457286,0.9056475116216728,0.07619927804717815,0.9322058584179103,source HD-EEG
667,dataset17_30L,-3.625807390233822,0.019679942077493018,0.10616156899515726,0.0264515152421081,source HD-EEG
668,dataset17_31R,-2.7826222679585606,0.9647462483314161,0.06667353955618709,0.9515918069266385,source HD-EEG
669,dataset17_31L,-3.1013753704795435,0.054389529628604216,0.10513326288286569,0.0930281891309137,source HD-EEG
670,dataset17_32R,-3.0161316169268613,0.5755119194532841,0.06663565984950509,0.8748590565959877,source HD-EEG
671,dataset17_32L,-2.853120201559696,0.3796558561769088,0.07665771957844207,0.7396679119008266,source HD-EEG
672,dataset17_33R,-1.7446633959695226,1.0757359576477514,0.08226083270522765,0.9444823705175903,source HD-EEG
673,dataset17_33L,-1.8571387136676638,0.9554075521519033,0.08206860878204293,0.9350090057622392,source HD-EEG
674,dataset17_34R,-2.7049614318756636,0.9216972323561765,0.0746718717481135,0.93921302489267,source HD-EEG
675,dataset17_34L,-2.964507807243864,0.5928994146173125,0.058022252740498576,0.9170437655612113,source HD-EEG
676,dataset17_35R,-2.595579553194764,0.8007355697251535,0.08179483289583112,0.9077906375326874,source HD-EEG
677,dataset17_35L,-3.2429795900743708,0.24748599809917837,0.07028030121454301,0.6953990892366659,source HD-EEG
678,dataset17_36R,-2.976834310446126,0.9407824871117496,0.05677499536643129,0.9638830493192595,source HD-EEG
679,dataset17_36L,-2.0449276308182793,0.9286784840140978,0.045316464873520264,0.965795036432526,source HD-EEG
680,dataset17_37R,-1.6189080753328384,1.1763343913036446,0.060248236622924306,0.9713608945635372,source HD-EEG
681,dataset17_37L,-2.1545952617853987,0.9666117396225248,0.044393652438306896,0.9661554376119541,source HD-EEG
682,dataset17_38R,-1.5313080083588217,1.176479146682163,0.06410449003213989,0.9654194861280386,source HD-EEG
683,dataset17_38L,-1.631442131180183,1.0612870989279084,0.046820956883674714,0.9671524826799174,source HD-EEG
684,dataset18_01R,-2.816663362666564,0.8829142243233133,0.031273149745501314,0.9918324602999655,source HD-EEG
685,dataset18_01L,-2.914166372573,0.5424841603723175,0.04833440317441096,0.9143977167200814,source HD-EEG
686,dataset18_02R,-3.4270144166624847,0.685105730765708,0.039426090687752685,0.9589172674317497,source HD-EEG
687,dataset18_02L,-2.420414292950581,1.0114775560419502,0.10269264130537623,0.9147661853773816,source HD-EEG
688,dataset18_03R,-2.965204032983127,1.025643287133677,0.040360931215085986,0.9895218009472349,source HD-EEG
689,dataset18_03L,-2.7445352076898337,0.9066162824799395,0.028286345899142185,0.9950048573143483,source HD-EEG
690,dataset18_04R,-3.1659718467550686,0.655089620171523,0.03868450996913144,0.9712186386594147,source HD-EEG
691,dataset18_04L,-3.648119282573597,0.6995131453352861,0.046178878733998965,0.9640380664854148,source HD-EEG
692,dataset18_05R,-2.877353921521075,0.7260951105976102,0.060447685524490126,0.926009981550894,source HD-EEG
693,dataset18_05L,-3.6075812028208927,0.7777851054774534,0.04504257326582557,0.9664100123785518,source HD-EEG
694,dataset18_06R,-2.9204348104413422,1.148887446425447,0.05020913754361857,0.9736017971227251,source HD-EEG
695,dataset18_06L,-2.869713453655545,1.0925291912379675,0.10630281994215804,0.9153277606837976,source HD-EEG
696,dataset18_07R,-2.7765653230052147,1.209440533605041,0.13951694150201763,0.8925274286604923,source HD-EEG
697,dataset18_07L,-2.0445292587277266,1.3218237122502288,0.11903806371876303,0.9186254972524021,source HD-EEG
698,dataset18_08R,-2.494061537442112,1.3251573503878111,0.04823474275251066,0.9806403997127566,source HD-EEG
699,dataset18_08L,-3.551581966988937,0.9882205040570299,0.06299885763261376,0.9602927011739151,source HD-EEG
700,dataset18_09R,-2.6206759427003585,1.2040129655560199,0.05350757897276534,0.9757428478242749,source HD-EEG
701,dataset18_09L,-2.6196716384109315,1.2878881514689622,0.10530279800289917,0.9397822716836388,source HD-EEG
702,dataset18_10R,-3.2478810107895493,1.0907616381242369,0.09809096356033041,0.9332009234112738,source HD-EEG
703,dataset18_10L,-2.843312287500494,0.7523449600295755,0.05091916581130679,0.9569985241194419,source HD-EEG
704,dataset18_11R,-2.405638518350308,1.1799260233399265,0.02809706031607894,0.99591148887121,source HD-EEG
705,dataset18_11L,-2.40109302941346,1.225745392414041,0.11562182361174737,0.9292093309521343,source HD-EEG
706,dataset18_12R,-2.012635919522941,1.3417786793429485,0.1331571495461882,0.9183019674226164,source HD-EEG
707,dataset18_12L,-2.460343247606902,1.3696964948156218,0.1348211327227527,0.9167794525642936,source HD-EEG
708,dataset18_13R,-2.5265958394534636,1.0196994512793378,0.10694397224575969,0.9083124681365362,source HD-EEG
709,dataset18_13L,-2.3710194911040166,1.007853161100285,0.09544517334100659,0.9218870414128871,source HD-EEG
710,dataset18_14R,-2.4336885042878738,1.2484077691093198,0.1025429165865257,0.9322842258087424,source HD-EEG
711,dataset18_14L,-2.7376532197109364,0.9919659454450884,0.09028161285062498,0.9357747083577534,source HD-EEG
712,dataset18_15R,-2.3534196196809454,0.9238398009022195,0.09017957920320824,0.9185091442891677,source HD-EEG
713,dataset18_15L,-2.1732837609481246,0.9121444306645708,0.09292876265697403,0.9196740127726715,source HD-EEG
714,dataset18_16R,-2.6299590646022852,1.0451934210672167,0.09523700293735433,0.9311238087646135,source HD-EEG
715,dataset18_16L,-2.7727110888075557,1.078658292593205,0.09417806968039336,0.9319492307092119,source HD-EEG
716,dataset18_17R,-1.540954074337146,1.7100055020801919,0.19584451322061475,0.870317960222794,source HD-EEG
717,dataset18_17L,-1.732399071094696,1.755955025481235,0.21734038182846985,0.8508533953400067,source HD-EEG
718,dataset18_18R,-1.6696006535635155,1.654704422795264,0.18695641164544657,0.8721461489454706,source HD-EEG
719,dataset18_18L,-1.7256324554799316,1.6583239991866021,0.20007016639085387,0.8550148735480433,source HD-EEG
720,dataset18_19R,-1.8927151138513285,0.9195273927146808,0.08843494929595883,0.9214215248543152,source HD-EEG
721,dataset18_19L,-2.09545601968606,0.9017855693961002,0.08780542088638825,0.9223216941824212,source HD-EEG
722,dataset18_20R,-2.4868980972336394,1.2144446719944622,0.09186077483217012,0.9346626082112881,source HD-EEG
723,dataset18_20L,-3.431063987692173,0.8801901480910767,0.08207687310912097,0.9156243873503269,source HD-EEG
724,dataset18_21R,-2.487353110765598,0.9737063686248276,0.09712786538057543,0.9104936077995782,source HD-EEG
725,dataset18_21L,-2.584418606221571,0.9092413684201213,0.07194848842316173,0.9250420896550504,source HD-EEG
726,dataset18_22R,-2.9387677573973123,0.9701733497718906,0.08273293234633253,0.895667760222004,source HD-EEG
727,dataset18_22L,-2.528564969563873,1.030389711328315,0.09666538761230432,0.9088985174717049,source HD-EEG
728,dataset18_23R,-2.654304957121439,0.859860553973677,0.08526673000089799,0.9077542967171515,source HD-EEG
729,dataset18_23L,-2.7719718908970257,0.7496386027545923,0.1034990708351911,0.795988130285563,source HD-EEG
730,dataset18_24R,-2.378763632054723,0.9150606563967406,0.0852283974529075,0.9253561642806577,source HD-EEG
731,dataset18_24L,-2.7968157904336266,0.8704652154519941,0.07899110492010122,0.920489191664123,source HD-EEG
732,dataset18_25R,-3.0552344430272966,0.9504169355921599,0.07172821572425245,0.9207853457499691,source HD-EEG
733,dataset18_25L,-1.6015101097559552,1.6686838955956593,0.1429190932515411,0.9128293931831091,source HD-EEG
734,dataset18_26R,-2.3471406349396458,1.3158407473401448,0.1168634864132126,0.9152329659485231,source HD-EEG
735,dataset18_26L,-2.003453143655547,1.5483418507415192,0.1731889451704992,0.8702724266741975,source HD-EEG
736,dataset18_27R,-2.220134388681354,1.4808564653372713,0.16006105361251116,0.8855467519214414,source HD-EEG
737,dataset18_27L,-1.7607840504430794,1.400427870369684,0.1723867380973458,0.8531135177676559,source HD-EEG
738,dataset18_28R,-2.0922225520978386,1.464350016054411,0.048719848928828906,0.9872987652875851,source HD-EEG
739,dataset18_28L,-2.0985972297841498,1.441581826425244,0.04447336528247131,0.9873529434624293,source HD-EEG
740,dataset18_29R,-2.8564858981017642,1.0748747184529206,0.08972359506076279,0.9312087144096378,source HD-EEG
741,dataset18_29L,-2.84982701695465,1.1299471620491564,0.04257049306599369,0.9774005808924742,source HD-EEG
742,dataset18_30R,-2.1003700636465696,1.2715799313156486,0.09173205314387126,0.9405316872562165,source HD-EEG
743,dataset18_30L,-2.70697139559958,0.9993907763978526,0.0999921865902341,0.9143586863337364,source HD-EEG
744,dataset18_31R,-1.9058472585024993,1.241685254049793,0.08414038437818787,0.9472053685732569,source HD-EEG
745,dataset18_31L,-3.0796918915861267,0.9457971903770264,0.07978507995244837,0.9428013650233082,source HD-EEG
746,dataset18_32R,-3.1534466929426497,0.6022024823058999,0.10169163269580032,0.791174335269556,source HD-EEG
747,dataset18_32L,-2.909763397140796,0.8813142296980615,0.0628271498412469,0.9445999532941045,source HD-EEG
748,dataset18_33R,-1.6814549826826528,1.0311830138129472,0.09170145906320068,0.9258420760931048,source HD-EEG
749,dataset18_33L,-2.3137421221656687,0.9387844741988959,0.09413626032863384,0.9210439419619982,source HD-EEG
750,dataset18_34R,-2.221638947984951,1.3400203364373846,0.10847075585667927,0.9310308969166494,source HD-EEG
751,dataset18_34L,-2.8834569875769374,1.0261636890960488,0.06422847722913011,0.9630455209240024,source HD-EEG
752,dataset18_35R,-1.9808076727704338,1.3443564307195965,0.11742106688454844,0.923193944540619,source HD-EEG
753,dataset18_35L,-2.867299975388929,1.153991994092877,0.06471615116804381,0.9676971068566714,source HD-EEG
754,dataset18_36R,-3.358965272901607,0.5963717062100543,0.12089845848971802,0.7663886794164522,source HD-EEG
755,dataset18_36L,-2.7717861512086137,0.9962047440138837,0.075773546657959,0.9510393413412298,source HD-EEG
756,dataset18_37R,-2.0213207459801885,1.0152161701509856,0.09214638662758963,0.9376621102015432,source HD-EEG
757,dataset18_37L,-2.0874705042854815,1.0486194800631325,0.1000325641876165,0.9359296345917968,source HD-EEG
758,dataset18_38R,-1.4437400850751159,1.0253267124475023,0.09510312722779618,0.9315199163030436,source HD-EEG
759,dataset18_38L,-1.5687275802069713,1.0372064698447765,0.11243282931597615,0.9185193363194567,source HD-EEG
760,dataset19_01R,-2.7347261769183406,0.9898262181771873,0.0376618269328871,0.979306867678278,source HD-EEG
761,dataset19_01L,-2.774522652022844,0.9774480200007849,0.06425611366123835,0.9586346091321875,source HD-EEG
762,dataset19_02R,-2.9766082373512543,0.3342197786170118,0.07178079697746573,0.5798839530749448,source HD-EEG
763,dataset19_02L,-2.5061719851957225,0.781096167379165,0.0776757973326503,0.916261089378649,source HD-EEG
764,dataset19_03R,-2.3398203192096805,1.0900095436626853,0.04498880565200018,0.9805179278104935,source HD-EEG
765,dataset19_03L,-2.3522750188975197,1.4236217215656135,0.04994581061319161,0.9856387603361061,source HD-EEG
766,dataset19_04R,-3.0181563958678055,0.6231531104323,0.0410262899942193,0.9500389671958668,source HD-EEG
767,dataset19_04L,-2.6337996196386317,1.1778042327092535,0.06662307160191007,0.9719763865500172,source HD-EEG
768,dataset19_05R,-2.853415668007971,0.6156368593451356,0.04684863602695207,0.9255567067093415,source HD-EEG
769,dataset19_05L,-2.5476782519408245,1.1303387277085146,0.08736508014826473,0.9563362530804504,source HD-EEG
770,dataset19_06R,-2.574862514631263,1.157997071248883,0.06129122967995363,0.9608789654888023,source HD-EEG
771,dataset19_06L,-3.390957064049303,1.0558583136388537,0.04564421957083031,0.9731374927369983,source HD-EEG
772,dataset19_07R,-2.6785134696461608,1.3684746039725424,0.04782193956416516,0.9809554679180057,source HD-EEG
773,dataset19_07L,-2.4797683254603298,1.2601910350440764,0.05346204211562728,0.9822355975825019,source HD-EEG
774,dataset19_08R,-3.100216855948823,0.8670128237735264,0.061149593069066074,0.9488704962120305,source HD-EEG
775,dataset19_08L,-3.556455420960114,0.9898354704234954,0.04382433581389803,0.9825368048167653,source HD-EEG
776,dataset19_09R,-3.0721644238413854,1.1814666399714413,0.05399365051806404,0.9762666692002577,source HD-EEG
777,dataset19_09L,-2.733035392869072,1.096244873333811,0.0494977876886612,0.9749593885844849,source HD-EEG
778,dataset19_10R,-2.9876071340882824,1.0565945309589793,0.04804439736831277,0.9653867271837842,source HD-EEG
779,dataset19_10L,-3.1328717834677935,1.176571517866699,0.046177289132999205,0.9765975677031624,source HD-EEG
780,dataset19_11R,-2.2399019094907633,1.5334886417174731,0.11781872900288821,0.9567751257556316,source HD-EEG
781,dataset19_11L,-2.2762838079810694,1.5430852872817329,0.11780865949058883,0.9565918980124315,source HD-EEG
782,dataset19_12R,-2.411576222860654,1.5316211842205587,0.0678463679529154,0.9803756150030353,source HD-EEG
783,dataset19_12L,-2.773939834113986,1.5406135644710368,0.07090234363246213,0.9820478192589479,source HD-EEG
784,dataset19_13R,-2.7598871545862504,0.9258710037107335,0.06713909292315114,0.9373028047572738,source HD-EEG
785,dataset19_13L,-2.275725407249553,1.2047388375037513,0.09030014345717831,0.9359520780313464,source HD-EEG
786,dataset19_14R,-3.035281870128024,1.034523006379126,0.07116080514003191,0.9544778783728664,source HD-EEG
787,dataset19_14L,-2.4221753944852624,1.2799598781216655,0.08928407778897735,0.9560187523061809,source HD-EEG
788,dataset19_15R,-2.154711044228897,0.8674016715079291,0.13053329701790511,0.8282312702087694,source HD-EEG
789,dataset19_15L,-1.970694938352594,1.054395589748676,0.1205590414896969,0.8745158954021909,source HD-EEG
790,dataset19_16R,-2.635239691702664,1.1881685192055331,0.11532081205710508,0.9047310531454928,source HD-EEG
791,dataset19_16L,-2.627011424983957,1.1762059702590817,0.11494225800017116,0.9023714078458053,source HD-EEG
792,dataset19_17R,-2.2664067240757615,1.5251450791942094,0.09249933894800907,0.9425440856627517,source HD-EEG
793,dataset19_17L,-2.222116020084548,1.5655575758081028,0.09704900562735842,0.9425169406803046,source HD-EEG
794,dataset19_18R,-1.9571986578212845,1.4469822142545004,0.08568472370781942,0.9450446785350805,source HD-EEG
795,dataset19_18L,-2.0907720322894883,1.4449291552901888,0.08590352455729171,0.9461885382086213,source HD-EEG
796,dataset19_19R,-2.1702193031980688,1.0261490358302887,0.12532298328579328,0.8617451729787189,source HD-EEG
797,dataset19_19L,-1.98322463849996,1.060101496953545,0.1246149372965482,0.8698209214821213,source HD-EEG
798,dataset19_20R,-3.029669286628537,1.0137775860930374,0.0708891204662053,0.9414179487589681,source HD-EEG
799,dataset19_20L,-3.1291385218191334,0.9803906684118635,0.049672151438499276,0.9665966929835538,source HD-EEG
800,dataset19_21R,-3.1513805970765394,0.8446316440799976,0.06553896366067834,0.9270867787018637,source HD-EEG
801,dataset19_21L,-2.320306908576075,1.0431252447527588,0.08439521106451679,0.9319033030610291,source HD-EEG
802,dataset19_22R,-2.5650601970559967,0.9840122438168828,0.05219025581431094,0.9507168332850765,source HD-EEG
803,dataset19_22L,-2.7282565666057703,0.8962660232042633,0.06883434417392871,0.9320671639310394,source HD-EEG
804,dataset19_23R,-3.0610029482368155,0.5659617794747984,0.06488669301095605,0.8335280333802556,source HD-EEG
805,dataset19_23L,-2.6257471789624973,0.9715387738092517,0.08663043472738863,0.919220405600901,source HD-EEG
806,dataset19_24R,-2.996410254265922,0.7619165971427941,0.06408442091069179,0.9185355525321002,source HD-EEG
807,dataset19_24L,-2.353321337603337,1.0873887967785072,0.11775301018389364,0.8999207448570217,source HD-EEG
808,dataset19_25R,-3.3832546181999916,0.8909270370746507,0.06716258414863419,0.9254984483486439,source HD-EEG
809,dataset19_25L,-2.7569029509220973,0.964367572807459,0.05561097430012988,0.9483810051404636,source HD-EEG
810,dataset19_26R,-2.103789597371682,1.2307308750948418,0.06493181083095982,0.9560826523917759,source HD-EEG
811,dataset19_26L,-2.5212431226647998,1.2736032386106517,0.0672360066632453,0.9555732873232275,source HD-EEG
812,dataset19_27R,-2.9476942336723004,1.0926572686927203,0.05289328412395259,0.9610075983200945,source HD-EEG
813,dataset19_27L,-3.0138104672916923,1.2048199268807027,0.05688055389126246,0.9663350534424102,source HD-EEG
814,dataset19_28R,-2.7943673291880557,1.3747966500969022,0.036893497193512315,0.9915691178848376,source HD-EEG
815,dataset19_28L,-2.9765226420095257,1.2421482806700406,0.05727370928528169,0.9737527497453532,source HD-EEG
816,dataset19_29R,-3.1645543152646773,1.0772967035408856,0.04430156966572617,0.9708782383587659,source HD-EEG
817,dataset19_29L,-3.6165714329651864,0.8581696792466509,0.05588238838036469,0.9385349660522841,source HD-EEG
818,dataset19_30R,-3.1007574229206893,0.6351976005227957,0.09568745298913209,0.7834924292420186,source HD-EEG
819,dataset19_30L,-2.8477537525506778,0.7308398876791105,0.05526984951022274,0.9489558963970022,source HD-EEG
820,dataset19_31R,-3.566498502595528,0.5611221243970695,0.10760584759640561,0.6976743457721953,source HD-EEG
821,dataset19_31L,-3.100412003932745,0.6209852548948758,0.061713573164643834,0.9173760219835144,source HD-EEG
822,dataset19_32R,-2.8458961432714087,0.49964702225697555,0.10474172109772732,0.6734049486988708,source HD-EEG
823,dataset19_32L,-2.5753250672201076,0.8076146491898777,0.0684637734995185,0.9311128785043117,source HD-EEG
824,dataset19_33R,-2.4092798182577493,0.7688507840112263,0.10788016552501599,0.8365943083469091,source HD-EEG
825,dataset19_33L,-2.062848286148733,1.1017372533669147,0.10460856449595966,0.9145631355659696,source HD-EEG
826,dataset19_34R,-3.4683182418091327,0.8775663821966153,0.08881039326637054,0.8909617928826585,source HD-EEG
827,dataset19_34L,-3.082873977635169,0.9399750336048576,0.04579025391517915,0.9718200046592527,source HD-EEG
828,dataset19_35R,-3.020542250511188,0.9024514033359238,0.09124845521341562,0.9056579827811255,source HD-EEG
829,dataset19_35L,-3.1081738498345857,1.0217205171754762,0.03277659127329623,0.9925182638836019,source HD-EEG
830,dataset19_36R,-2.706469029826428,0.8502194835913635,0.10362279822979084,0.8665494946977507,source HD-EEG
831,dataset19_36L,-1.8102073110557941,1.2320575638693472,0.12302140630032195,0.9070668774526215,source HD-EEG
832,dataset19_37R,-2.059745952160932,0.9738923117023534,0.12099372189775978,0.8607549600416919,source HD-EEG
833,dataset19_37L,-1.859860086163043,1.2954165927008465,0.1250138783350844,0.9123142178352195,source HD-EEG
834,dataset19_38R,-1.8276426212134382,0.9141369241787238,0.12236235866146689,0.8434015407573815,source HD-EEG
835,dataset19_38L,-1.5405973447019372,1.1787204724577232,0.12046004224533058,0.8971395182161324,source HD-EEG
836,dataset02_01R,-2.538816236535847,1.4866934507712901,0.046609959371982944,0.9861481353574827,source HD-EEG
837,dataset02_01L,-2.0493967542117835,1.3895022276947087,0.04472486252947574,0.9873995142049119,source HD-EEG
838,dataset02_02R,-2.918450003229323,1.106653142720295,0.04627634784045447,0.9835959769379456,source HD-EEG
839,dataset02_02L,-2.351488699251833,1.3961714372987661,0.03858168549154255,0.9903441129047202,source HD-EEG
840,dataset02_03R,-1.8900961399273253,1.5007561493272301,0.03745211911752528,0.9893925499381668,source HD-EEG
841,dataset02_03L,-1.9278830464532142,1.5599443657357657,0.03386299778535431,0.9917967908491567,source HD-EEG
842,dataset02_04R,-2.1107801542353406,1.5438650174734563,0.042657865838550295,0.9911369445902819,source HD-EEG
843,dataset02_04L,-2.351882763497496,1.5992183915168938,0.03905448837958374,0.9913829402451119,source HD-EEG
844,dataset02_05R,-2.1770036270311923,1.5845070703365576,0.0342704619258353,0.9946856967501675,source HD-EEG
845,dataset02_05L,-2.3705113902534722,1.6099570758072448,0.04384955669299735,0.9904576086060385,source HD-EEG
846,dataset02_06R,-2.6834663226892546,1.3292313772228082,0.034921914724619724,0.9889236941686416,source HD-EEG
847,dataset02_06L,-2.271526636088232,1.285846861504115,0.056346568615561275,0.9681845304955152,source HD-EEG
848,dataset02_07R,-2.468988593694163,1.4886753239838426,0.047196739069896736,0.9823862013790968,source HD-EEG
849,dataset02_07L,-2.3359429244438723,1.3186651992937852,0.04792189195147582,0.9781610122902589,source HD-EEG
850,dataset02_08R,-2.910772139835845,1.1110426242528744,0.055414880372458085,0.9702809958321491,source HD-EEG
851,dataset02_08L,-2.724270421884021,1.2273650242274328,0.12261205193844324,0.8988819570944953,source HD-EEG
852,dataset02_09R,-2.9573264292886625,1.0816468845083524,0.03541996973987474,0.984977635744713,source HD-EEG
853,dataset02_09L,-2.547675022039317,1.1882664656380728,0.05023530411051315,0.9762451811505053,source HD-EEG
854,dataset02_10R,-2.5756642668192233,1.2882497580443664,0.03817513033173373,0.9858052747631082,source HD-EEG
855,dataset02_10L,-2.1205015441321966,1.3436350663862948,0.04382691716273167,0.9886653130937234,source HD-EEG
856,dataset02_11R,-2.5395510067657785,1.5403348618756911,0.06649725736313897,0.9746063417661373,source HD-EEG
857,dataset02_11L,-2.1851506401732372,1.5519474113998715,0.046276894948926985,0.9903885681471417,source HD-EEG
858,dataset02_12R,-1.539326360503751,1.9858932035204073,0.18882070640383108,0.902997372540161,source HD-EEG
859,dataset02_12L,-2.565775343537375,1.5951962239963795,0.06069315695170455,0.9853979017696773,source HD-EEG
860,dataset02_13R,-2.3280912746161513,1.4141209748809218,0.09072997823613756,0.9541121099672225,source HD-EEG
861,dataset02_13L,-2.3265915655720497,1.239181871449186,0.05456060961454736,0.9790705243263182,source HD-EEG
862,dataset02_14R,-2.4765685357714724,1.2418391823819928,0.05436842874809348,0.9743754067967683,source HD-EEG
863,dataset02_14L,-2.3212346137316398,1.3705357514194636,0.1127400966673991,0.9361520134931304,source HD-EEG
864,dataset02_15R,-2.3034975879323842,0.9258532185909701,0.052026895992915635,0.965545952909429,source HD-EEG
865,dataset02_15L,-2.1032666731541174,0.9808581823536889,0.07202128345188838,0.9393504500411377,source HD-EEG
866,dataset02_16R,-2.806760056821764,1.128370025040534,0.06396042024552509,0.9650162905503026,source HD-EEG
867,dataset02_16L,-2.616191260474027,1.2170264951676513,0.06995904302465328,0.9604953184701185,source HD-EEG
868,dataset02_17R,-1.5875503514700189,1.6640533188591284,0.10494869641433555,0.9516942111474952,source HD-EEG
869,dataset02_17L,-2.0695760468125424,1.5922957232907942,0.09252436287954187,0.9553941456898182,source HD-EEG
870,dataset02_18R,-2.1042459659278054,1.510245649622265,0.03634915112550397,0.9922096673168344,source HD-EEG
871,dataset02_18L,-1.962694041271475,1.4366600354839265,0.03936138898545667,0.9905768900617091,source HD-EEG
872,dataset02_19R,-1.7865116992103267,1.0160697032123862,0.06454063730113228,0.9529078125068956,source HD-EEG
873,dataset02_19L,-2.1149660862800905,1.0469267657041597,0.06761905154778379,0.9491271942649022,source HD-EEG
874,dataset02_20R,-2.8817110244997997,1.1017484177905665,0.06102806736073072,0.967256529947734,source HD-EEG
875,dataset02_20L,-2.420777082338275,1.2635938506209974,0.08176133022443045,0.955380551650876,source HD-EEG
876,dataset02_21R,-2.6966379500329696,1.1677416740671887,0.0312897555604811,0.9926832550151798,source HD-EEG
877,dataset02_21L,-2.446588356741871,1.0886147877845995,0.07680879052423477,0.9408177355957326,source HD-EEG
878,dataset02_22R,-2.3348700358232874,1.123153306610366,0.03587390746243917,0.9881627941280132,source HD-EEG
879,dataset02_22L,-2.540906574177248,1.0946416410542867,0.04840854633036912,0.9770863227092484,source HD-EEG
880,dataset02_23R,-2.718908811428568,0.8757084118414671,0.057966676470144765,0.9517316860680938,source HD-EEG
881,dataset02_23L,-2.4086151602731807,0.9358067747303226,0.05226128779246446,0.9386439613085572,source HD-EEG
882,dataset02_24R,-3.046436844778639,0.9793535468925767,0.03514919799764105,0.985996786204867,source HD-EEG
883,dataset02_24L,-2.916091046398156,1.0957732023987017,0.037469368896176934,0.9884501699187663,source HD-EEG
884,dataset02_25R,-2.5962163947785286,0.8206871456297261,0.07731222160550767,0.9078379361299302,source HD-EEG
885,dataset02_25L,-2.5687860452098743,1.0753517984868806,0.05089822580849555,0.9604665720660686,source HD-EEG
886,dataset02_26R,-2.399757873295231,1.276119583899623,0.049615350248324364,0.9828231078494668,source HD-EEG
887,dataset02_26L,-2.955221955282514,1.1974767065109555,0.06969693823901747,0.9570311667424564,source HD-EEG
888,dataset02_27R,-2.790533746647225,1.145911657692343,0.053592445198183354,0.9776674598785832,source HD-EEG
889,dataset02_27L,-3.097150412086351,1.1186810883596041,0.07052908435587309,0.9521073474782412,source HD-EEG
890,dataset02_28R,-1.5737713715979207,1.6569075361069556,0.11820199162414156,0.9362243869145211,source HD-EEG
891,dataset02_28L,-2.1549676127247723,1.5015876159205357,0.0435848557097697,0.9862287516562748,source HD-EEG
892,dataset02_29R,-2.6734262273829152,1.2640607328753621,0.029783132880270055,0.9910500258994117,source HD-EEG
893,dataset02_29L,-2.6700550515777777,1.2278531594852327,0.04634052133045058,0.9764990998723118,source HD-EEG
894,dataset02_30R,-2.506261866458573,0.8127371459712497,0.0573311796322339,0.9354891892977312,source HD-EEG
895,dataset02_30L,-2.595952788928759,0.9799993167667755,0.05982482305912763,0.9573535816561971,source HD-EEG
896,dataset02_31R,-2.836250286391044,0.7758347409789075,0.057993758956058905,0.9314774747984593,source HD-EEG
897,dataset02_31L,-2.344884699570754,0.9573346100699665,0.06942692221923966,0.9426049699187207,source HD-EEG
898,dataset02_32R,-2.9581232281195464,0.639956660180304,0.05940236393162917,0.8855580742118524,source HD-EEG
899,dataset02_32L,-2.480700903349911,1.0602606023579886,0.05805965196225045,0.9625285304739629,source HD-EEG
900,dataset02_33R,-2.186127543559425,1.0380707355096024,0.057055571077630665,0.9661463378691315,source HD-EEG
901,dataset02_33L,-1.9346306471005623,1.3152176422448398,0.07335255783611358,0.9629005389636962,source HD-EEG
902,dataset02_34R,-2.2293390393788233,1.1820563508893944,0.08463590772329797,0.9375889614170767,source HD-EEG
903,dataset02_34L,-2.3142661856656916,1.2267728956006239,0.07120919510994375,0.9698285603411674,source HD-EEG
904,dataset02_35R,-2.910372849880132,1.0904166964296487,0.0516210266511693,0.9700825901017734,source HD-EEG
905,dataset02_35L,-2.014467855925393,1.2408797559089988,0.1295200461004476,0.8913060803860668,source HD-EEG
906,dataset02_36R,-2.538298721177882,1.1073187731541727,0.07461598721929627,0.9563061742870325,source HD-EEG
907,dataset02_36L,-2.1151750735376704,1.2520262457093354,0.06399152273604933,0.9697822666637319,source HD-EEG
908,dataset02_37R,-2.238168065654792,1.2020357448815524,0.07240976906131504,0.9610678551241673,source HD-EEG
909,dataset02_37L,-2.032164209937823,1.335315188992767,0.06629513948049313,0.9729974115632234,source HD-EEG
910,dataset02_38R,-1.842227924816812,1.137164216171806,0.07522076877339655,0.9551328604821389,source HD-EEG
911,dataset02_38L,-1.8959895927469275,1.351775171963054,0.08993376251342979,0.9565414389188848,source HD-EEG
912,dataset03_01R,-3.0262000727004486,0.9724779132183033,0.07905841336352921,0.9673777274624821,source HD-EEG
913,dataset03_01L,-3.1928876656394096,0.6502264392697951,0.04552987260604032,0.9626761907183625,source HD-EEG
914,dataset03_02R,-3.0670914737503145,0.6187065610388489,0.0752670149647864,0.9333473175575977,source HD-EEG
915,dataset03_02L,-3.227372038668553,0.35657800352640523,0.06349454415443846,0.8375627472299694,source HD-EEG
916,dataset03_03R,-2.241319079580537,1.2884704557473639,0.05033166192099936,0.9873786068253221,source HD-EEG
917,dataset03_03L,-2.44277747183428,1.1347641156825192,0.06743911139335942,0.9717987529106077,source HD-EEG
918,dataset03_04R,-2.578738931156547,0.8197157190256498,0.06048854840219078,0.9659963030885836,source HD-EEG
919,dataset03_04L,-3.445349540651333,0.5437477548197537,0.057008383303660315,0.9457830615986902,source HD-EEG
920,dataset03_05R,-2.7795065798019514,0.8579951309382801,0.07870308034554525,0.9626751738797936,source HD-EEG
921,dataset03_05L,-3.2265327953432155,0.5095281645848582,0.05503416055461109,0.9416860680406232,source HD-EEG
922,dataset03_06R,-2.9060135274780627,0.8923751744052758,0.05639118199889156,0.970396828058726,source HD-EEG
923,dataset03_06L,-3.2603192699247123,0.5669270278098912,0.07486694796405467,0.8753842704215915,source HD-EEG
924,dataset03_07R,-2.2215750838064863,1.3842264387212557,0.035827030905156,0.9937379209292635,source HD-EEG
925,dataset03_07L,-3.0866553897538096,0.9368978436102314,0.0404199196129266,0.9866642621108785,source HD-EEG
926,dataset03_08R,-3.191627753863605,0.9200153725877306,0.045133387318008464,0.9776178208504619,source HD-EEG
927,dataset03_08L,-3.337431038062222,0.721315722662477,0.0748086949268024,0.9307853003272725,source HD-EEG
928,dataset03_09R,-3.134488405482951,0.844778662638989,0.05329881324526787,0.9694133100991877,source HD-EEG
929,dataset03_09L,-3.254276161307242,0.5654513585199781,0.07440158658875064,0.868585751438533,source HD-EEG
930,dataset03_10R,-2.659964356705366,0.8456027153992222,0.06384225512349337,0.9703898259066368,source HD-EEG
931,dataset03_10L,-3.478205224629143,0.7600649039425698,0.05798207273629065,0.9631928569667882,source HD-EEG
932,dataset03_11R,-2.1717633138887735,1.3992365618803628,0.05793316285561887,0.9883312186214495,source HD-EEG
933,dataset03_11L,-2.486817690947147,1.3103737270969902,0.07188300478594221,0.9777280871282613,source HD-EEG
934,dataset03_12R,-2.310180228302339,1.5009799736660716,0.09770399624318513,0.976263813778552,source HD-EEG
935,dataset03_12L,-2.9342532819200744,1.3331595350590664,0.06698668335968672,0.979922267121299,source HD-EEG
936,dataset03_13R,-3.146102471337115,0.9821524802937147,0.05173715802336436,0.9597374335234663,source HD-EEG
937,dataset03_13L,-2.8866153959914276,0.9157630842191528,0.045996490352033036,0.9701492118722931,source HD-EEG
938,dataset03_14R,-2.845917713831088,0.9197441391564702,0.05694268714537664,0.9715414523979221,source HD-EEG
939,dataset03_14L,-2.7585857722254454,0.9225625574742139,0.08481446129056262,0.9325285818541312,source HD-EEG
940,dataset03_15R,-2.0994330558755894,1.0912933375088116,0.06297832493339378,0.9606751369440027,source HD-EEG
941,dataset03_15L,-2.1530970210591023,1.0786335076456262,0.04245259763606814,0.9790085071506535,source HD-EEG
942,dataset03_16R,-3.0328980808689585,1.1766063226369725,0.06091008914900554,0.976619980638384,source HD-EEG
943,dataset03_16L,-2.9876676176265877,1.1848224769295503,0.0575441876078152,0.978438290233633,source HD-EEG
944,dataset03_17R,-2.302648429381798,1.531406927965353,0.05586503032773384,0.989420403779403,source HD-EEG
945,dataset03_17L,-2.2683964170000053,1.573353677233744,0.059078265879413276,0.9888939862594402,source HD-EEG
946,dataset03_18R,-2.0482109936020363,1.4831627633468503,0.054903671192098165,0.9884269793614212,source HD-EEG
947,dataset03_18L,-2.1396523916031014,1.4332362236563523,0.04982304144045568,0.9892634083236024,source HD-EEG
948,dataset03_19R,-2.1907329392165966,1.180203767555707,0.04231379492125487,0.9893757082675044,source HD-EEG
949,dataset03_19L,-2.312002853541081,1.1865749635234806,0.06226442965055104,0.9749018226265785,source HD-EEG
950,dataset03_20R,-2.6472686395198384,0.8942209383653159,0.05891893876999711,0.9658236165080699,source HD-EEG
951,dataset03_20L,-3.1419247916771993,0.7023461364279662,0.05371595382838815,0.9424271511373801,source HD-EEG
952,dataset03_21R,-3.01886907068708,0.7915323798866898,0.05770368968569204,0.9250803897079913,source HD-EEG
953,dataset03_21L,-2.6189259873481068,0.7982399700535275,0.0587334905468985,0.932333133205194,source HD-EEG
954,dataset03_22R,-2.9965234129214293,0.865011988273717,0.04382203235305337,0.9662612997211423,source HD-EEG
955,dataset03_22L,-3.3695280432432364,0.7497840321611243,0.06331335721039827,0.9200520520434733,source HD-EEG
956,dataset03_23R,-3.1476093427462946,0.8276489681772888,0.06068338630966027,0.9367413969951028,source HD-EEG
957,dataset03_23L,-3.0052092976333142,0.7916449980974314,0.05337449631436569,0.9471207019037023,source HD-EEG
958,dataset03_24R,-3.2842568243595474,0.8338531188887127,0.06291461972481324,0.9201100956552626,source HD-EEG
959,dataset03_24L,-2.873455310515002,0.9115475529508885,0.05045855035966496,0.9657457254652592,source HD-EEG
960,dataset03_25R,-2.867754222986925,1.0367720106772464,0.054050199587080655,0.9785563834517653,source HD-EEG
961,dataset03_25L,-3.233614769429177,0.7433408059259692,0.06023687622926807,0.913162898363688,source HD-EEG
962,dataset03_26R,-2.2229764949460757,1.2904236324609115,0.054878253764182344,0.9828329430805701,source HD-EEG
963,dataset03_26L,-2.8912255780115106,1.2604159929675494,0.051340053744600406,0.984573007306012,source HD-EEG
964,dataset03_27R,-2.8419093789786545,1.2208386113158392,0.050846164446170274,0.9897373857835279,source HD-EEG
965,dataset03_27L,-3.147354447086405,1.1027923364441328,0.048477706648632206,0.9887829139706519,source HD-EEG
966,dataset03_28R,-2.193130068933528,1.50355324874873,0.062236464197610974,0.9879244383348159,source HD-EEG
967,dataset03_28L,-2.5590215942410452,1.4918914796637737,0.06012293672250768,0.9878544131517637,source HD-EEG
968,dataset03_29R,-3.228294962703009,0.9093964509940844,0.05194684995759998,0.9698030174364823,source HD-EEG
969,dataset03_29L,-3.1176362359649175,0.8245008422129183,0.05075452232392561,0.9506794385536809,source HD-EEG
970,dataset03_30R,-3.034357102784937,0.6633652419617632,0.06783030647427431,0.9294919949575369,source HD-EEG
971,dataset03_30L,-2.8548552516446644,0.4613540919483562,0.05655707512472401,0.8893397864167492,source HD-EEG
972,dataset03_31R,-2.623737238407666,0.715974407989741,0.06037825648107025,0.9392896454665473,source HD-EEG
973,dataset03_31L,-2.721786765346346,0.6137812273920156,0.05492728191341879,0.9293191585983681,source HD-EEG
974,dataset03_32R,-2.7806582503971886,0.8048482458875844,0.05951501188880964,0.9430733959210603,source HD-EEG
975,dataset03_32L,-2.910707646027806,0.4513426486252445,0.07020831176578719,0.8873347902697465,source HD-EEG
976,dataset03_33R,-1.880071268328842,1.032018828291862,0.05958814468987413,0.9594109487569293,source HD-EEG
977,dataset03_33L,-2.4162344039053467,0.7400512037363789,0.06560966497371577,0.9130259748821116,source HD-EEG
978,dataset03_34R,-2.555331227752683,0.8089467018942311,0.0726375723456989,0.9364814486394213,source HD-EEG
979,dataset03_34L,-2.7691984071840494,0.8264637686927446,0.07623806842145554,0.9512385649942525,source HD-EEG
980,dataset03_35R,-2.7344706372337657,0.8324345042404382,0.052370498776194076,0.9718186792584368,source HD-EEG
981,dataset03_35L,-2.71023767875186,0.7229821731761261,0.06713957255469818,0.93817404025818,source HD-EEG
982,dataset03_36R,-2.840056507999746,0.9472080188289501,0.048031502358293725,0.973239911052358,source HD-EEG
983,dataset03_36L,-1.896056422488076,1.1216271412830405,0.0818853864395416,0.9431117433398902,source HD-EEG
984,dataset03_37R,-1.8484377433099062,1.0002812559506227,0.06000305796339152,0.9609271556468003,source HD-EEG
985,dataset03_37L,-1.8838486678660369,1.125388639668012,0.07821285584389184,0.9501771233636731,source HD-EEG
986,dataset03_38R,-1.7854643308162843,1.0147488378702247,0.07404527840955205,0.9397997529841811,source HD-EEG
987,dataset03_38L,-1.9474284194665372,1.1725278399757424,0.07227493785235192,0.9608499536156457,source HD-EEG
988,dataset04_01R,-3.505651725954639,0.6089220286174916,0.10251218931480671,0.8290108303649366,source HD-EEG
989,dataset04_01L,-3.011873698904819,0.7522920167651967,0.06821701961290333,0.9438631457671774,source HD-EEG
990,dataset04_02R,-3.8435449431147157,0.666350525348086,0.09602462442049559,0.8383715477609266,source HD-EEG
991,dataset04_02L,-3.950438262790375,0.20502660091213215,0.0557149436860586,0.5215964427543176,source HD-EEG
992,dataset04_03R,-3.212841933221795,0.6983359477264602,0.04533613251408041,0.9490295340725496,source HD-EEG
993,dataset04_03L,-2.707650360599761,0.734794030644077,0.042135679416447594,0.9642310040425105,source HD-EEG
994,dataset04_04R,-3.8044078833725345,0.5862233361454346,0.08422707256100519,0.8656926545427874,source HD-EEG
995,dataset04_04L,-3.7034352443113914,0.5998196873069979,0.03806738095898079,0.9473016198279012,source HD-EEG
996,dataset04_05R,-3.3352118732559903,0.6898061144955099,0.06497149257230575,0.924290334580335,source HD-EEG
997,dataset04_05L,-3.397685650661465,0.32914324282541924,0.0514016909455273,0.7947076007739173,source HD-EEG
998,dataset04_06R,-3.7671387373197813,0.47165929028779074,0.07098921460838266,0.84929300633926,source HD-EEG
999,dataset04_06L,-3.301008366628725,0.562804776453252,0.10131766118087758,0.800550071023597,source HD-EEG
1000,dataset04_07R,-2.4916171391262907,1.0280757127091498,0.05599656384619055,0.9721031628688602,source HD-EEG
1001,dataset04_07L,-2.7649931045414156,0.9352384391054986,0.04538485904077109,0.9813213122054494,source HD-EEG
1002,dataset04_08R,-3.7732565599269203,0.6414987117243125,0.0858638561844766,0.8442154905453804,source HD-EEG
1003,dataset04_08L,-4.062285113699517,0.44155980075251394,0.11689152952424234,0.6760454879467418,source HD-EEG
1004,dataset04_09R,-4.005415885731061,0.4021671970347439,0.1108232091420641,0.7182785456767815,source HD-EEG
1005,dataset04_09L,-3.6199477651098944,0.4886295595835037,0.10730486852198937,0.7411847470540998,source HD-EEG
1006,dataset04_10R,-3.3525981344906075,0.580051596098075,0.12770319483672188,0.7713121055384136,source HD-EEG
1007,dataset04_10L,-3.367355067766986,0.6676237378059313,0.07368169810986515,0.924220183627923,source HD-EEG
1008,dataset04_11R,-2.2327267272753843,1.297748996058525,0.06570926815148553,0.9728238294768696,source HD-EEG
1009,dataset04_11L,-2.7394249182289188,0.9889206319845705,0.04351404476343653,0.9767819133553904,source HD-EEG
1010,dataset04_12R,-2.5433499342659975,1.2697944768660983,0.06027928815052479,0.9758144063759023,source HD-EEG
1011,dataset04_12L,-2.5075240485911174,1.1205667114525952,0.04721135583073735,0.97954688347944,source HD-EEG
1012,dataset04_13R,-2.7983237898488067,0.7840944679007142,0.07353983748901681,0.9018040661432636,source HD-EEG
1013,dataset04_13L,-3.006993085121415,0.5840568124470698,0.06137839449266857,0.9000032625401367,source HD-EEG
1014,dataset04_14R,-3.440638917865063,0.6391886426000712,0.07698060148719209,0.8802923747847791,source HD-EEG
1015,dataset04_14L,-2.654410535709626,0.8082898532157188,0.08863974623416034,0.910186660301295,source HD-EEG
1016,dataset04_15R,-3.0179021779050594,0.6268506164113747,0.06143153024398352,0.8887437694027414,source HD-EEG
1017,dataset04_15L,-2.3271682091262598,0.7874049063220749,0.0734825337424226,0.8927704149461081,source HD-EEG
1018,dataset04_16R,-3.2682106957181416,0.9107814119587935,0.058337598929380834,0.9496149300000885,source HD-EEG
1019,dataset04_16L,-3.5617501114944456,0.6555881936705298,0.06063206957796489,0.9011789112911099,source HD-EEG
1020,dataset04_17R,-3.205437141281703,0.8983707942272683,0.05140377917878905,0.9582156083534286,source HD-EEG
1021,dataset04_17L,-3.4886847390841833,0.5986537036411038,0.0665831325473068,0.8503378018057989,source HD-EEG
1022,dataset04_18R,-3.570387192028825,0.7589447544246544,0.07017870237892897,0.9003241321711829,source HD-EEG
1023,dataset04_18L,-3.8701693482643047,0.4398063872249159,0.07660683878404516,0.7078866458779591,source HD-EEG
1024,dataset04_19R,-2.4109498058526952,0.7494010519774175,0.05933001520136476,0.9187306619935051,source HD-EEG
1025,dataset04_19L,-2.451593270292256,0.6678018396672324,0.06029778534286079,0.8941478480217679,source HD-EEG
1026,dataset04_20R,-3.5985157242182515,0.4025418207920232,0.0814639851915385,0.7442842800987921,source HD-EEG
1027,dataset04_20L,-3.7142293254133816,0.6719956388764223,0.09084261142973701,0.8605433852271205,source HD-EEG
1028,dataset04_21R,-2.624577579414141,0.75179828483587,0.07902120246503257,0.8804172065486735,source HD-EEG
1029,dataset04_21L,-3.0506856489153202,0.48246797778953787,0.06837224526672907,0.7374729310731315,source HD-EEG
1030,dataset04_22R,-3.454258855472358,0.6638240201993657,0.10372615687608186,0.7622297558936062,source HD-EEG
1031,dataset04_22L,-3.3856504304724355,0.5216691548052443,0.08311130983110371,0.759537185586912,source HD-EEG
1032,dataset04_23R,-3.202131536962566,0.5745240527884761,0.10302729040471356,0.7070507142239949,source HD-EEG
1033,dataset04_23L,-3.286759503011888,0.19206144653771245,0.08742897460800375,0.25745779596510404,source HD-EEG
1034,dataset04_24R,-3.330673419968279,0.6070407116038891,0.0692544055959065,0.8938536801655992,source HD-EEG
1035,dataset04_24L,-2.85976117696196,0.4578716596808724,0.06038138388912064,0.790910740032183,source HD-EEG
1036,dataset04_25R,-3.397077620041646,0.7319194635452593,0.09427560945752794,0.8244538094039057,source HD-EEG
1037,dataset04_25L,-3.832589433964746,0.13309442555519924,0.10178821056115031,0.11252799840226596,source HD-EEG
1038,dataset04_26R,-3.3137021114507634,0.7260120549140345,0.05969117600973627,0.9134709444631216,source HD-EEG
1039,dataset04_26L,-3.998117351564319,0.3710935919840136,0.0800681680366155,0.5651280956219609,source HD-EEG
1040,dataset04_27R,-3.014628058004248,0.831926409612382,0.05630676967557383,0.9385250644484584,source HD-EEG
1041,dataset04_27L,-3.5782390352163294,0.8541541805577784,0.06431957454880328,0.933550910979715,source HD-EEG
1042,dataset04_28R,-2.656083827857435,1.296403944102276,0.05169202204113104,0.9729611883116951,source HD-EEG
1043,dataset04_28L,-2.5774765621755265,1.2134831721980532,0.044598681074021276,0.9756983140088297,source HD-EEG
1044,dataset04_29R,-3.2564266596001783,0.8010493231985688,0.0926085569572583,0.8686023464075743,source HD-EEG
1045,dataset04_29L,-3.8517846566094267,0.6153936015247565,0.08750281604836792,0.8466243139226619,source HD-EEG
1046,dataset04_30R,-4.105627768558893,0.3623339171703857,0.10804397730796694,0.7391444491241251,source HD-EEG
1047,dataset04_30L,-2.992762178252189,0.7782233117489402,0.13416781827319668,0.7780798011159787,source HD-EEG
1048,dataset04_31R,-3.2685637704633157,0.5285794185956754,0.11554874849271411,0.7724374905519884,source HD-EEG
1049,dataset04_31L,-2.709650136845129,0.806904660453969,0.09240559866933974,0.901371523399106,source HD-EEG
1050,dataset04_32R,-3.7117331737522603,0.5843302779368356,0.11210505515053872,0.8176166925590469,source HD-EEG
1051,dataset04_32L,-2.7906363612845233,0.8598828795651111,0.0722482494386152,0.9407860990183007,source HD-EEG
1052,dataset04_33R,-2.7676678405650597,0.7098310850407148,0.07773524406065564,0.8887040556540958,source HD-EEG
1053,dataset04_33L,-2.2506510884028508,0.8683627904900064,0.09725904261722115,0.8836479832059558,source HD-EEG
1054,dataset04_34R,-3.5403307323889193,0.5459156197087097,0.09457260377854886,0.7803886926660041,source HD-EEG
1055,dataset04_34L,-2.945449208890836,0.7003741766043011,0.08224684630245488,0.9009351759186506,source HD-EEG
1056,dataset04_35R,-3.421989316653339,0.5966099858798326,0.09773290609698249,0.8408963022680567,source HD-EEG
1057,dataset04_35L,-3.3207761395214894,0.6710348563361216,0.09451168974103169,0.8645610774687672,source HD-EEG
1058,dataset04_36R,-3.274354838228709,0.7159174774360668,0.08003928079994921,0.9300149573477049,source HD-EEG
1059,dataset04_36L,-2.18147489821216,0.7776486152600535,0.06497516483945308,0.9347958523322454,source HD-EEG
1060,dataset04_37R,-2.455839083336748,0.7843204342532786,0.06287853919576021,0.9428154309882107,source HD-EEG
1061,dataset04_37L,-2.067911051021729,0.8454152099198872,0.07223666134398218,0.9396761087758893,source HD-EEG
1062,dataset04_38R,-2.1271677460780984,0.8325630043817567,0.06395221110666645,0.9347703343009983,source HD-EEG
1063,dataset04_38L,-1.8354398989676888,0.8746965193522418,0.0829497822817612,0.9279977494239773,source HD-EEG
1064,dataset05_01R,-3.085163694694535,1.0843320434597483,0.07316189927256497,0.9409521739128739,source HD-EEG
1065,dataset05_01L,-2.8381281641425824,0.9918435596367323,0.059892819465320005,0.9723419491264502,source HD-EEG
1066,dataset05_02R,-3.138070968935304,0.9190363517786989,0.06353784218453186,0.9337201665295137,source HD-EEG
1067,dataset05_02L,-3.1208778400066706,0.8547511057176125,0.09532704237298589,0.8992584884438937,source HD-EEG
1068,dataset05_03R,-2.8513668671483967,1.0593068021099195,0.04609841495258962,0.9770411280088749,source HD-EEG
1069,dataset05_03L,-2.9040168055462323,0.7944077157463487,0.074500776920432,0.9258504378242802,source HD-EEG
1070,dataset05_04R,-3.2259156114451533,0.883997470474903,0.07792727609150155,0.9266137953090471,source HD-EEG
1071,dataset05_04L,-3.703260439842624,0.6737689451724471,0.09590879138272601,0.8159118219292469,source HD-EEG
1072,dataset05_05R,-2.8544076211564486,1.016979325405114,0.08596475065862536,0.9208055519989824,source HD-EEG
1073,dataset05_05L,-3.2892245671224836,0.8074056026431693,0.07609529944154801,0.920194567454946,source HD-EEG
1074,dataset05_06R,-3.501351361033246,0.9645709372489761,0.07611213930484637,0.9266098063119319,source HD-EEG
1075,dataset05_06L,-2.9569077340851693,1.0948829441168657,0.07620641279864371,0.9442147460810298,source HD-EEG
1076,dataset05_07R,-2.869006435091606,1.1818176120949115,0.0559208045861087,0.9790545724307967,source HD-EEG
1077,dataset05_07L,-2.472968501267112,1.1688880283799223,0.04822211085804296,0.9786899906095282,source HD-EEG
1078,dataset05_08R,-2.7323117217731636,1.0586555730359608,0.07156854840391347,0.9542684286023494,source HD-EEG
1079,dataset05_08L,-3.288266927909712,1.1505018306757846,0.06618083377050865,0.9596911509790435,source HD-EEG
1080,dataset05_09R,-3.1126727819581994,1.009072925810186,0.06297583641824923,0.9480192535682256,source HD-EEG
1081,dataset05_09L,-2.829059033107101,1.1074108900944697,0.06992146222541684,0.9503811497727847,source HD-EEG
1082,dataset05_10R,-3.6135490131483605,0.9513626298996933,0.05510212051752898,0.9581707217137418,source HD-EEG
1083,dataset05_10L,-3.066088441484485,0.9816968932354163,0.05505350265414362,0.965617244807427,source HD-EEG
1084,dataset05_11R,-2.8284187217931938,1.1081069987291285,0.04711503715878013,0.9791602028944846,source HD-EEG
1085,dataset05_11L,-2.823538835635267,1.114958088907871,0.050512365395557215,0.9713251609029996,source HD-EEG
1086,dataset05_12R,-2.5011542041934622,1.2127814533416394,0.04745743019135464,0.9751582739303798,source HD-EEG
1087,dataset05_12L,-2.580955097691975,1.2960417585765238,0.08383437894061725,0.9528786682159897,source HD-EEG
1088,dataset05_13R,-2.3952302272004835,1.062324225481088,0.11232811055658573,0.8983875325141424,source HD-EEG
1089,dataset05_13L,-2.3833923428434156,1.2238787655527459,0.07801858505556601,0.9573159069450937,source HD-EEG
1090,dataset05_14R,-2.5568341472134866,1.2420748418372018,0.0660341085305355,0.9667267466821825,source HD-EEG
1091,dataset05_14L,-2.521394079068194,1.2646046890905795,0.08192409010247946,0.9494840735870467,source HD-EEG
1092,dataset05_15R,-2.1682672551505857,1.087922168105346,0.11626479087386596,0.9023381801437549,source HD-EEG
1093,dataset05_15L,-1.8734518776317466,1.2755188618473916,0.11136196034386953,0.9413875769494431,source HD-EEG
1094,dataset05_16R,-2.745311468722887,1.2091775389537633,0.08601347816610773,0.9414714137605599,source HD-EEG
1095,dataset05_16L,-2.7209939230897744,1.2587420333622528,0.08358468021199006,0.9462650212360302,source HD-EEG
1096,dataset05_17R,-2.3739110198776783,1.3493347915210627,0.053296460794034835,0.9771418693395241,source HD-EEG
1097,dataset05_17L,-2.8180248777707777,1.2216837193526822,0.05971206837077631,0.9686122036190935,source HD-EEG
1098,dataset05_18R,-2.5067141378040128,1.287056459745865,0.05312405001705474,0.9773562285278662,source HD-EEG
1099,dataset05_18L,-2.3825813951629753,1.2458958198325472,0.055730705168459856,0.9739210292518405,source HD-EEG
1100,dataset05_19R,-1.8975753531704724,1.280653102964988,0.09231871528588526,0.9391528427437593,source HD-EEG
1101,dataset05_19L,-1.770568327119323,1.1885985531066752,0.09429624786302883,0.9452081514937425,source HD-EEG
1102,dataset05_20R,-2.4926651114527107,1.2453887395194392,0.08142749269201302,0.9422236273907358,source HD-EEG
1103,dataset05_20L,-3.5196618429969315,0.9607205737228798,0.08764198978111029,0.9103133564160011,source HD-EEG
1104,dataset05_21R,-2.653381521670649,0.946134622563162,0.11538167925571098,0.8714882679462717,source HD-EEG
1105,dataset05_21L,-2.375765600664874,1.2112196763305458,0.08736804923888208,0.9510210713902,source HD-EEG
1106,dataset05_22R,-2.8202975948303166,1.0938081791602303,0.07878248809655591,0.9384836711461964,source HD-EEG
1107,dataset05_22L,-2.5998834211540793,1.0870138550114896,0.07387874166722382,0.9424563311023719,source HD-EEG
1108,dataset05_23R,-3.0785178415444094,0.6551398205954175,0.11170875094548054,0.7729087700107202,source HD-EEG
1109,dataset05_23L,-2.4396472923940387,1.0749451682283493,0.07289433880654413,0.9434819160344983,source HD-EEG
1110,dataset05_24R,-2.922761582906739,0.8080084356858278,0.13647299744993713,0.7971603438230848,source HD-EEG
1111,dataset05_24L,-2.2432226281389465,1.2445287618762921,0.08937321142327721,0.9478981020238899,source HD-EEG
1112,dataset05_25R,-3.632334232239471,0.9009599661319885,0.0673521589492002,0.9227640873238739,source HD-EEG
1113,dataset05_25L,-3.3032095072647825,0.9912861561615164,0.06508264961996534,0.9390391752693662,source HD-EEG
1114,dataset05_26R,-2.9036487380285685,1.1178685384606455,0.06670636870992484,0.95245423047558,source HD-EEG
1115,dataset05_26L,-1.9789445445913327,1.2313136534209175,0.05486698479598,0.9736457381344834,source HD-EEG
1116,dataset05_27R,-3.322089413474929,1.1298294263047408,0.06946422164739044,0.9524370816845963,source HD-EEG
1117,dataset05_27L,-2.2656569682364625,1.1279166566993881,0.09080038453815296,0.9267452069630385,source HD-EEG
1118,dataset05_28R,-2.288216707207845,1.2814670206928673,0.05351258504072401,0.9793330343974618,source HD-EEG
1119,dataset05_28L,-2.7007049131611414,1.248893758797465,0.051545561381434325,0.982282012010184,source HD-EEG
1120,dataset05_29R,-3.4146893352729566,0.8490130722216526,0.0812646022514815,0.9013675081177838,source HD-EEG
1121,dataset05_29L,-2.952746032090472,1.0668311688792995,0.07630160763193024,0.9408621462496766,source HD-EEG
1122,dataset05_30R,-2.068153101036731,1.2099695108170885,0.0626337722204962,0.9707701181666851,source HD-EEG
1123,dataset05_30L,-2.4020978967347504,1.1414635601610352,0.0740160919744486,0.9471613273364798,source HD-EEG
1124,dataset05_31R,-2.001796851433637,1.2211213373670449,0.07757541697784988,0.9547761462997773,source HD-EEG
1125,dataset05_31L,-2.6183703187511727,1.077988891832711,0.0730588549933012,0.9429743902777058,source HD-EEG
1126,dataset05_32R,-3.6231944000036154,0.7963623732852028,0.08415349284837935,0.8780299873978988,source HD-EEG
1127,dataset05_32L,-2.5041301619156675,1.0566287933454344,0.08906076694759602,0.9302566871148021,source HD-EEG
1128,dataset05_33R,-1.7204693835618685,1.2817786962857713,0.07928674321700607,0.9560819184958554,source HD-EEG
1129,dataset05_33L,-2.6698243044579955,1.1750204307230572,0.10219366551789455,0.9360537412337946,source HD-EEG
1130,dataset05_34R,-2.6312024308394704,1.1920840614170527,0.07180705432108524,0.9583217134164126,source HD-EEG
1131,dataset05_34L,-2.9080839928150457,1.2406602315823612,0.06854594684134745,0.9646505666903108,source HD-EEG
1132,dataset05_35R,-2.6884231355189376,1.0820215618371445,0.06042278341132944,0.9652303986852748,source HD-EEG
1133,dataset05_35L,-2.783504338770267,1.2310924001561692,0.07041940006009752,0.9617236930060428,source HD-EEG
1134,dataset05_36R,-2.9748281686956286,1.0271694640384856,0.08735535609175729,0.9229219369700673,source HD-EEG
1135,dataset05_36L,-1.7596378408450346,1.3955276837752133,0.12226046362707577,0.92450402571152,source HD-EEG
1136,dataset05_37R,-1.544604785629275,1.3790362140493613,0.08295783641882824,0.9568730764037473,source HD-EEG
1137,dataset05_37L,-1.3325981725036655,1.4486581024519105,0.12046826782820164,0.9300003227321789,source HD-EEG
1138,dataset05_38R,-1.2535919043795793,1.3521327508678236,0.07700260263331292,0.958881907445624,source HD-EEG
1139,dataset05_38L,-1.1210254109910598,1.4447112082634557,0.12780555398931515,0.9181245783151714,source HD-EEG
1140,dataset06_01R,-3.2050659620766107,0.864252829711179,0.048886994421213255,0.9676590148827409,source HD-EEG
1141,dataset06_01L,-2.758967969526729,0.7692697089498368,0.0696765575150383,0.9408326681109594,source HD-EEG
1142,dataset06_02R,-3.401068088378313,0.8927646693313039,0.06790314688116826,0.9541183512141617,source HD-EEG
1143,dataset06_02L,-2.938037355665613,0.9725154411308727,0.07197881201267109,0.9417915341222273,source HD-EEG
1144,dataset06_03R,-2.679441140826128,0.9962720714865866,0.06224994341441242,0.9674693819740953,source HD-EEG
1145,dataset06_03L,-2.3255420453311135,0.9863583807106142,0.0472007507398227,0.9763195782228978,source HD-EEG
1146,dataset06_04R,-3.67904661935509,0.8807654698592886,0.06615478062692147,0.953093731580513,source HD-EEG
1147,dataset06_04L,-3.1725835992531395,0.8804538947711722,0.075207723349865,0.948426976702494,source HD-EEG
1148,dataset06_05R,-3.302667713054261,1.3933391432950628,0.057791173493562005,0.9792497786422059,source HD-EEG
1149,dataset06_05L,-2.8662471226854724,1.111185570395235,0.07304665467689989,0.9642492381999103,source HD-EEG
1150,dataset06_06R,-2.6200774475538124,1.097260193246254,0.05724117479813876,0.9588584881086627,source HD-EEG
1151,dataset06_06L,-3.1639094196735384,0.8129071786255843,0.05049627123252914,0.9590491903021098,source HD-EEG
1152,dataset06_07R,-2.9649502773699545,1.222087287385646,0.04099529975597754,0.9829787796283902,source HD-EEG
1153,dataset06_07L,-2.328753375683187,1.2304646890416935,0.03586635126632678,0.9860534541786689,source HD-EEG
1154,dataset06_08R,-2.2511841901809166,1.3829171192903191,0.035249400341028685,0.9874996027672034,source HD-EEG
1155,dataset06_08L,-3.398740171294798,0.7775881331435488,0.07979466057273593,0.9047025562935423,source HD-EEG
1156,dataset06_09R,-2.968107304251161,0.9057539732397492,0.04145891989738277,0.9731679852707299,source HD-EEG
1157,dataset06_09L,-3.100877751185265,0.5969447363226441,0.10574083637695597,0.7725383727724001,source HD-EEG
1158,dataset06_10R,-2.8675728948627497,0.8768094195730198,0.04586231587219619,0.9690772043686687,source HD-EEG
1159,dataset06_10L,-2.8612430157298294,0.9690193392736808,0.05797546745041314,0.9659334412231471,source HD-EEG
1160,dataset06_11R,-2.807819150938891,1.1093033096967888,0.03182865105844482,0.9865031099490342,source HD-EEG
1161,dataset06_11L,-2.5237667624464346,1.2495687349418578,0.03799415357957529,0.9870042849535493,source HD-EEG
1162,dataset06_12R,-3.187964687322287,1.4443991080724894,0.03944999954363637,0.9890506783574964,source HD-EEG
1163,dataset06_12L,-2.663643311855138,1.4681336730486505,0.033871410510297316,0.9909758928410297,source HD-EEG
1164,dataset06_13R,-2.6646788656113234,1.047479152760936,0.05610443359292595,0.9623210855651453,source HD-EEG
1165,dataset06_13L,-2.0243057767227755,1.1246281847232047,0.04516258331561233,0.9752203096585575,source HD-EEG
1166,dataset06_14R,-2.2296235824986668,1.3189213024269208,0.08221761283655793,0.9660916347288464,source HD-EEG
1167,dataset06_14L,-2.805332132231194,0.9003664321708431,0.0745364315630867,0.9305448734760786,source HD-EEG
1168,dataset06_15R,-2.0956502520822298,0.8555898572479687,0.06667502850795105,0.9272540215535496,source HD-EEG
1169,dataset06_15L,-2.0389592017450826,1.1126883075734015,0.06423991281912338,0.9632619019679725,source HD-EEG
1170,dataset06_16R,-3.4420416173918067,0.5619830661183987,0.11225272738224204,0.7841934505066586,source HD-EEG
1171,dataset06_16L,-3.0740242223181653,0.9174928376981696,0.06183019078466015,0.9543166062419739,source HD-EEG
1172,dataset06_17R,-2.721563841437299,1.0851364224580704,0.03815870536452779,0.9866873297506347,source HD-EEG
1173,dataset06_17L,-2.639157591656934,1.01904341038766,0.0761299681542164,0.9621714906218636,source HD-EEG
1174,dataset06_18R,-2.590341470730804,1.0612262503577086,0.06804352867568199,0.9697004267864546,source HD-EEG
1175,dataset06_18L,-2.3587798483366886,1.1314251123116503,0.05754255398698586,0.9778116516463222,source HD-EEG
1176,dataset06_19R,-2.371682160589926,0.7396302500283981,0.07207495932849295,0.8865660744433467,source HD-EEG
1177,dataset06_19L,-3.0303487734121384,0.7238440940518056,0.06215230214142552,0.9203562503694852,source HD-EEG
1178,dataset06_20R,-2.3614178525091556,1.1766592292375764,0.07058154659266506,0.961537505911074,source HD-EEG
1179,dataset06_20L,-2.932250144355966,0.9963249144360242,0.06790303378336829,0.9430419978878537,source HD-EEG
1180,dataset06_21R,-2.862679095517339,0.9300877922623063,0.0796326512833114,0.9255228028133935,source HD-EEG
1181,dataset06_21L,-3.0169257822258975,0.9195979072676606,0.06241019346579064,0.937791969560434,source HD-EEG
1182,dataset06_22R,-2.866097782080197,0.9127081560483684,0.06876693858295438,0.9277437999687386,source HD-EEG
1183,dataset06_22L,-2.7423659106052165,0.7179740524003067,0.0834347849796678,0.8283205598699854,source HD-EEG
1184,dataset06_23R,-3.5018889595463087,0.70130644233159,0.08007127701672447,0.8339268985170539,source HD-EEG
1185,dataset06_23L,-2.9954501378977265,0.7225841032936895,0.06492888562723648,0.8697128596549434,source HD-EEG
1186,dataset06_24R,-3.0611010767966023,0.8315323414172119,0.06273290206203132,0.9181151510677772,source HD-EEG
1187,dataset06_24L,-2.88623390136509,0.983766686787344,0.05045468261529405,0.9629972031884676,source HD-EEG
1188,dataset06_25R,-2.774390860296041,0.8958218197212271,0.06867199357467448,0.909393996210326,source HD-EEG
1189,dataset06_25L,-2.979720646387474,0.5833323131401503,0.09426326599199673,0.8700673435229086,source HD-EEG
1190,dataset06_26R,-2.717346738760066,0.7553519387945677,0.07042219935245275,0.9270712759113898,source HD-EEG
1191,dataset06_26L,-2.514033726184277,0.8391741337686683,0.0642342168541753,0.9545656850467361,source HD-EEG
1192,dataset06_27R,-2.96604774062999,0.8222670582475017,0.08336949981538128,0.899151779524279,source HD-EEG
1193,dataset06_27L,-3.5313576249526935,0.5745152447009738,0.10176149644484934,0.8411423853598184,source HD-EEG
1194,dataset06_28R,-2.1953106899927533,1.2032420159720876,0.062334828426864934,0.9785042429012925,source HD-EEG
1195,dataset06_28L,-2.571184708696539,1.210636172967829,0.0530974660655425,0.9818363473396897,source HD-EEG
1196,dataset06_29R,-2.66550614964663,1.1157032446766297,0.051553051353932754,0.9730031030679033,source HD-EEG
1197,dataset06_29L,-3.489884714794075,0.7088278725333573,0.07645436407923359,0.9037264957721627,source HD-EEG
1198,dataset06_30R,-2.149834485248033,1.1042835033032283,0.07546289363118129,0.9590124550873893,source HD-EEG
1199,dataset06_30L,-2.998491590043072,0.6885519051056654,0.06967766130798529,0.9097792298379014,source HD-EEG
1200,dataset06_31R,-1.519850019702303,1.1156617114853988,0.08863560299198,0.9501342852565882,source HD-EEG
1201,dataset06_31L,-2.3704152405153525,0.7394202890247829,0.06004610284801946,0.9263621773405248,source HD-EEG
1202,dataset06_32R,-2.9840690201379916,1.1745648418575736,0.07625742335788607,0.9634576273293898,source HD-EEG
1203,dataset06_32L,-2.073861401054914,0.9901446807286773,0.06373008617629308,0.9522427986734066,source HD-EEG
1204,dataset06_33R,-1.3884179359648692,1.2253648619562119,0.04309374534850246,0.979056815311043,source HD-EEG
1205,dataset06_33L,-1.8942378683791283,1.214495227129395,0.04804026589927313,0.9750454444560889,source HD-EEG
1206,dataset06_34R,-2.4194025288555543,1.2490885196076347,0.0672278357719393,0.9717518582822213,source HD-EEG
1207,dataset06_34L,-2.4919489084517696,0.9934206818675323,0.07191718340097926,0.9428669977265086,source HD-EEG
1208,dataset06_35R,-2.1175244668580837,1.370561397846231,0.07077307286325026,0.9727573872037336,source HD-EEG
1209,dataset06_35L,-3.443083687409298,0.4711669394928266,0.09305081291302111,0.7920354177949613,source HD-EEG
1210,dataset06_36R,-2.3924429071486286,1.3796174560839467,0.062227308158925174,0.9789822753675009,source HD-EEG
1211,dataset06_36L,-1.4749344753300326,1.462592256733663,0.04336982774497651,0.9865872489932196,source HD-EEG
1212,dataset06_37R,-1.3994769131805234,1.4656697673695758,0.048917243632886055,0.9837013293787319,source HD-EEG
1213,dataset06_37L,-1.4843214098512183,1.5005717440812658,0.042420632652177694,0.9856831047787608,source HD-EEG
1214,dataset06_38R,-1.3214290312230426,1.2891003224078692,0.04301718580525751,0.9806857901148607,source HD-EEG
1215,dataset06_38L,-1.327415889247167,1.3963199155358443,0.06731485788246916,0.9699119198422783,source HD-EEG
1216,dataset07_01R,-3.664017307821204,0.8211667628945918,0.058567747887159946,0.9711322089732682,source HD-EEG
1217,dataset07_01L,-3.6901542773136375,0.7411646739930922,0.038012981827131795,0.9883000110437701,source HD-EEG
1218,dataset07_02R,-3.3028066739024653,0.9418255059909308,0.057237595299157014,0.9764656320088313,source HD-EEG
1219,dataset07_02L,-3.144590324329121,0.9029238215152808,0.06298109873257991,0.9614824555586805,source HD-EEG
1220,dataset07_03R,-2.5255515035996754,1.299493747469732,0.041869021594530716,0.9940745828839715,source HD-EEG
1221,dataset07_03L,-2.3663017635928756,1.3589220460940015,0.048374075904907034,0.9925869698811205,source HD-EEG
1222,dataset07_04R,-3.694096959653945,1.1125096561709227,0.03706228699994119,0.9942119476359125,source HD-EEG
1223,dataset07_04L,-3.0964764965202325,1.2296565538882858,0.03680077730521289,0.994891624495512,source HD-EEG
1224,dataset07_05R,-2.9949856014383647,1.4750006515957994,0.04774180565206026,0.9930851407504949,source HD-EEG
1225,dataset07_05L,-3.2588402831222316,1.3137135317340483,0.041962588780639035,0.9940979393742412,source HD-EEG
1226,dataset07_06R,-3.196615565357537,1.007951912198278,0.0596558585844841,0.9618991048063273,source HD-EEG
1227,dataset07_06L,-3.126457286100028,0.8346061117250484,0.042423644873252626,0.9772611892255851,source HD-EEG
1228,dataset07_07R,-2.9242851643223493,1.1173949895405852,0.044734098361810345,0.9902957264970494,source HD-EEG
1229,dataset07_07L,-3.1894287269072774,1.0481513141302612,0.04923733761740613,0.9861508306033604,source HD-EEG
1230,dataset07_08R,-3.100769971739542,0.8866148898971065,0.10383310130954225,0.9099032159839007,source HD-EEG
1231,dataset07_08L,-3.467397283528857,0.8385958421741778,0.053420925250254034,0.9636350246666654,source HD-EEG
1232,dataset07_09R,-3.3418658787007796,0.7907436343034576,0.09429108831634288,0.9090097880885408,source HD-EEG
1233,dataset07_09L,-2.7280868348819483,0.9502155372146577,0.034915843900101766,0.977638282005413,source HD-EEG
1234,dataset07_10R,-3.7837761134260885,0.8459232735579436,0.041310218047452406,0.9818413862630947,source HD-EEG
1235,dataset07_10L,-3.2021784915619564,1.0078839692006107,0.04198140769091214,0.984407138089569,source HD-EEG
1236,dataset07_11R,-2.4715602828473213,1.3093510750945214,0.04775161056886613,0.9928238555563142,source HD-EEG
1237,dataset07_11L,-2.3444234497483345,1.3800757704172546,0.049432965161788606,0.9922748934591147,source HD-EEG
1238,dataset07_12R,-2.7455508795139902,1.2922541215900205,0.04555697408664138,0.9933576487281415,source HD-EEG
1239,dataset07_12L,-2.8093437534854053,1.2651165133769409,0.03363645220711597,0.9965843329440149,source HD-EEG
1240,dataset07_13R,-2.7319901065417747,0.7020783079169584,0.0792097694362968,0.8552713812985955,source HD-EEG
1241,dataset07_13L,-2.55449444120797,0.747474756317851,0.05397391142693446,0.9387224726850321,source HD-EEG
1242,dataset07_14R,-2.574680653295794,1.2330551297097208,0.06220466409451483,0.9758449703618333,source HD-EEG
1243,dataset07_14L,-2.554612594876831,0.9976449862670509,0.06633066135122041,0.9604472221294288,source HD-EEG
1244,dataset07_15R,-1.9974201620956449,0.7010113852208998,0.08812484602777143,0.8306412673150985,source HD-EEG
1245,dataset07_15L,-1.9303092127096786,0.6667217240334931,0.07970044557790465,0.8534296810924915,source HD-EEG
1246,dataset07_16R,-3.3539286337871017,0.2763782900336539,0.07454340077018133,0.5691700605417366,source HD-EEG
1247,dataset07_16L,-3.3021163289455773,0.40681194355699557,0.0707843211847841,0.7474631806111968,source HD-EEG
1248,dataset07_17R,-2.0908731438440338,1.3003272311719818,0.07511451141336294,0.9675090678306751,source HD-EEG
1249,dataset07_17L,-2.4993275396453387,1.0684778311195169,0.06841298390086303,0.9627307276472591,source HD-EEG
1250,dataset07_18R,-2.3622511810287063,1.0690645327081776,0.06154618267382556,0.9695688216855421,source HD-EEG
1251,dataset07_18L,-2.361580069745072,1.1139352555367124,0.06141252545342954,0.9695191819256384,source HD-EEG
1252,dataset07_19R,-1.8831255874168602,0.8760375912642056,0.09035816637382386,0.8916012603898535,source HD-EEG
1253,dataset07_19L,-2.6424326761174552,0.5337886355148903,0.08335722371898736,0.7442391266989796,source HD-EEG
1254,dataset07_20R,-2.3046463545818727,1.1371090634925898,0.08526526355995083,0.9539956499195518,source HD-EEG
1255,dataset07_20L,-2.8748499899108904,0.8958245176484009,0.05653430494717302,0.9563677240907716,source HD-EEG
1256,dataset07_21R,-2.719921927791008,0.5721337004583253,0.0779725985138803,0.793048872186788,source HD-EEG
1257,dataset07_21L,-2.339514599026298,0.7615561407514831,0.06142960283804398,0.9229279619524732,source HD-EEG
1258,dataset07_22R,-2.690182126440441,0.9358101269806616,0.13001229503455608,0.8815940070437701,source HD-EEG
1259,dataset07_22L,-3.4739956017709606,0.3002087325282485,0.10907766238267373,0.4244111881252495,source HD-EEG
1260,dataset07_23R,-2.7005527844205233,0.4647820098272557,0.07916488810887988,0.7012725842925775,source HD-EEG
1261,dataset07_23L,-3.2339140399602684,0.33717346739159815,0.09082600373700805,0.5045935994695052,source HD-EEG
1262,dataset07_24R,-3.5409042372977972,0.32045044705878895,0.06895819729507169,0.7084302400425719,source HD-EEG
1263,dataset07_24L,-2.7132867952425883,0.39465969567630144,0.06216031652538651,0.7906165191607106,source HD-EEG
1264,dataset07_25R,-2.930764738244731,0.3265211925543625,0.06590337646597966,0.7257962983636578,source HD-EEG
1265,dataset07_25L,-3.3776690770574387,-0.07342703623178554,0.08766919846198527,0.038286473793257156,source HD-EEG
1266,dataset07_26R,-2.4854326069817128,0.8003127244692221,0.050583653659762744,0.9632691398782338,source HD-EEG
1267,dataset07_26L,-2.590965514383723,0.8088510434959727,0.058789738209989874,0.9525018227004134,source HD-EEG
1268,dataset07_27R,-2.5975929759565375,0.908605727939571,0.06632440416716907,0.9521550302505586,source HD-EEG
1269,dataset07_27L,-3.19990012923631,0.37162552332729004,0.07201255853009887,0.6560533976329568,source HD-EEG
1270,dataset07_28R,-2.6878452948706233,1.4116114987186408,0.060573176365830116,0.983839252114287,source HD-EEG
1271,dataset07_28L,-2.3399582241988415,1.3495689360527672,0.06465263066766017,0.9810039383589052,source HD-EEG
1272,dataset07_29R,-3.1115763874264597,0.8400518376706292,0.05727166153383681,0.9465814991679241,source HD-EEG
1273,dataset07_29L,-3.6858899016203814,0.7246757265675017,0.08067156688176023,0.914090705384265,source HD-EEG
1274,dataset07_30R,-2.0464770162660897,1.0700043708475437,0.09888287487202117,0.9392468652834096,source HD-EEG
1275,dataset07_30L,-2.7435737345086246,0.7629102967407266,0.06840638687110692,0.9334396931472807,source HD-EEG
1276,dataset07_31R,-2.0227168588949813,1.104110880622248,0.08320967158009314,0.9622987750247636,source HD-EEG
1277,dataset07_31L,-2.421340682552725,0.808891468915772,0.06302543956485604,0.9504094478507912,source HD-EEG
1278,dataset07_32R,-2.304848380587697,1.0934762737020234,0.07144782443506136,0.9678793818384708,source HD-EEG
1279,dataset07_32L,-2.2441572560879983,0.865035469398412,0.06771203594110754,0.9491710156179429,source HD-EEG
1280,dataset07_33R,-2.037332286596472,1.1127837008030688,0.06240991291216479,0.9627629920392538,source HD-EEG
1281,dataset07_33L,-2.0229601302964384,0.9484763871951107,0.08101919238557392,0.9377302031954662,source HD-EEG
1282,dataset07_34R,-2.496005499133538,1.1344164644344394,0.07806839774987122,0.9634050364872057,source HD-EEG
1283,dataset07_34L,-3.0119911885360526,0.9003152288975927,0.05522150932776175,0.9626823857548523,source HD-EEG
1284,dataset07_35R,-2.6992504174420304,1.0107207786211319,0.10058577706210009,0.9303242684667326,source HD-EEG
1285,dataset07_35L,-2.9116595360358413,0.826803955656185,0.06937877983531125,0.9381111464407264,source HD-EEG
1286,dataset07_36R,-2.208644750500303,1.3431811904088742,0.06200007629577261,0.9835738611924353,source HD-EEG
1287,dataset07_36L,-1.9930235859506822,1.1838649940825667,0.0618559421022941,0.9755701171785277,source HD-EEG
1288,dataset07_37R,-1.379612048510774,1.348261930859992,0.057051445610879686,0.9828247060336036,source HD-EEG
1289,dataset07_37L,-1.6344667323371302,1.2157527252896958,0.05774336070116,0.9780923242919723,source HD-EEG
1290,dataset07_38R,-1.5372296804665253,1.2415823764843783,0.05232060347491673,0.9773552553460636,source HD-EEG
1291,dataset07_38L,-1.4405266126938558,1.1798670430567746,0.059274511540000525,0.9734808421953925,source HD-EEG
1292,dataset08_01R,-4.212205358097714,0.37203263092307465,0.06115237946271928,0.7065904479445196,source HD-EEG
1293,dataset08_01L,-3.8076038403108172,0.5329674358291399,0.05735698833571535,0.8257277518641587,source HD-EEG
1294,dataset08_02R,-4.417209858992165,0.3465726347465586,0.04969335851297602,0.722415556812336,source HD-EEG
1295,dataset08_02L,-3.807436260518277,0.2675735303442992,0.06147777720508695,0.5456091529943913,source HD-EEG
1296,dataset08_03R,-4.278674902916391,0.5009335400555475,0.05137827461116163,0.8419327462134578,source HD-EEG
1297,dataset08_03L,-3.726211130619848,0.5339770170250656,0.05721181219316025,0.8640198278368296,source HD-EEG
1298,dataset08_04R,-4.364860191326687,0.38519295140906595,0.059835937109756765,0.734053607119642,source HD-EEG
1299,dataset08_04L,-4.143734065119078,0.4199030930843164,0.059435166801281754,0.7705542673432013,source HD-EEG
1300,dataset08_05R,-4.403899082600986,0.6220203833153736,0.07357948930209357,0.8454282214830444,source HD-EEG
1301,dataset08_05L,-4.002596029986293,0.44263917858276014,0.05839048634501438,0.7889265382116871,source HD-EEG
1302,dataset08_06R,-4.056411782533065,0.5116300194464023,0.061662418442485975,0.8299130216793941,source HD-EEG
1303,dataset08_06L,-3.6376498464213616,0.48919465424256103,0.06827194063839587,0.7709641561417173,source HD-EEG
1304,dataset08_07R,-4.286849212059825,0.6899809413068724,0.04295435114993912,0.9358739352370066,source HD-EEG
1305,dataset08_07L,-3.4712600285469737,0.4980211160078491,0.05831726241833048,0.8498126648231912,source HD-EEG
1306,dataset08_08R,-3.5628500728491526,0.5772978934266279,0.06117084140082646,0.8380814892122854,source HD-EEG
1307,dataset08_08L,-4.042401245034794,0.6150719577507567,0.06277056469935201,0.8531511038904012,source HD-EEG
1308,dataset08_09R,-4.063204752152446,0.5852436512999684,0.06045367240672,0.8396500447686254,source HD-EEG
1309,dataset08_09L,-3.2572429011609345,0.5456785645982944,0.05941050522825038,0.8179981005219513,source HD-EEG
1310,dataset08_10R,-4.131595064953555,0.5490420372304907,0.04902225754534227,0.8620013608859589,source HD-EEG
1311,dataset08_10L,-3.791018861663015,0.5109752758212801,0.05700655332013033,0.8200492337559572,source HD-EEG
1312,dataset08_11R,-3.872949803327142,0.7369618624567982,0.05316022196659516,0.9266006743879813,source HD-EEG
1313,dataset08_11L,-4.161931134161847,0.5654944389525386,0.055719383628987595,0.8855325895870303,source HD-EEG
1314,dataset08_12R,-4.000496219838545,0.8532994194940752,0.052789650327131545,0.9470507208522305,source HD-EEG
1315,dataset08_12L,-3.680990909666145,0.6212389126676517,0.05787016247925452,0.8946131693951763,source HD-EEG
1316,dataset08_13R,-3.0505888855662753,0.8070121658823919,0.05002784590538499,0.950134302914081,source HD-EEG
1317,dataset08_13L,-3.1252114329151635,0.41908956062817065,0.0763103033487676,0.6701283264176375,source HD-EEG
1318,dataset08_14R,-3.070732505818028,0.8002812146803793,0.045286207382151375,0.9452128245425366,source HD-EEG
1319,dataset08_14L,-3.605700987386926,0.4299544387854574,0.0749550010528221,0.6889991707792279,source HD-EEG
1320,dataset08_15R,-2.112356340703972,0.811238995344703,0.052273000589355675,0.9367487979670216,source HD-EEG
1321,dataset08_15L,-2.377444972196641,0.5478868850588481,0.08812332828780793,0.7614813988899195,source HD-EEG
1322,dataset08_16R,-2.626258993993644,0.6464840393062825,0.07049825009540568,0.8500624097378496,source HD-EEG
1323,dataset08_16L,-2.7148318117738848,0.5649126064339528,0.0816080272474827,0.7825871357728404,source HD-EEG
1324,dataset08_17R,-3.1201517754562196,0.7502954273281428,0.07304533082310619,0.882458377158769,source HD-EEG
1325,dataset08_17L,-3.246290618621362,0.5828545228812874,0.07788349941412347,0.7992120979698815,source HD-EEG
1326,dataset08_18R,-2.707701140563867,0.8009533368272692,0.05122547153940803,0.9422457270553216,source HD-EEG
1327,dataset08_18L,-3.2803314937413672,0.7556358515296295,0.05261883533300702,0.9329775135491752,source HD-EEG
1328,dataset08_19R,-2.0300680885399736,0.6768969785487208,0.06600746866516195,0.8681211712076257,source HD-EEG
1329,dataset08_19L,-2.2491818030469797,0.6189612201606731,0.06887019194051555,0.8373058741141417,source HD-EEG
1330,dataset08_20R,-3.293077300419917,0.7161405924995393,0.05927570355296471,0.903253478116158,source HD-EEG
1331,dataset08_20L,-4.095548975608422,0.295642555850367,0.08407337531040879,0.469045500849141,source HD-EEG
1332,dataset08_21R,-2.8898306466510673,0.7044312618743195,0.06912241075281267,0.9102813280459742,source HD-EEG
1333,dataset08_21L,-3.131117499717062,0.3744232139519916,0.08740900095216185,0.5829227021033307,source HD-EEG
1334,dataset08_22R,-3.0146470962040834,0.47718750560239653,0.10834335738096686,0.6482925166050789,source HD-EEG
1335,dataset08_22L,-3.8913840754537077,0.09996409971906983,0.10046391961477949,0.5152410427718384,source HD-EEG
1336,dataset08_23R,-2.5654498512373975,0.6150563849146664,0.08451009120554352,0.8197555610372369,source HD-EEG
1337,dataset08_23L,-3.6327763449782875,0.2184667454911372,0.09828968927985123,0.6179480771813444,source HD-EEG
1338,dataset08_24R,-2.523754316577505,0.8138817646445019,0.04765475775460929,0.9489808990782753,source HD-EEG
1339,dataset08_24L,-2.659756025410221,0.41744843937640946,0.08156070189866763,0.6561749570089347,source HD-EEG
1340,dataset08_25R,-3.219632086691423,0.47788898789310097,0.0929937429403801,0.6950948463345691,source HD-EEG
1341,dataset08_25L,-3.3069784444772905,0.09368632253071368,0.09723515299160368,0.47653649001402204,source HD-EEG
1342,dataset08_26R,-2.891586852563035,0.6704146656098207,0.06664092123037166,0.8669441791568939,source HD-EEG
1343,dataset08_26L,-4.188507415058696,0.3566375795283759,0.060938853366464374,0.7497851282847234,source HD-EEG
1344,dataset08_27R,-3.2456830400816172,0.5788260568372731,0.11078618858099362,0.6954905118625362,source HD-EEG
1345,dataset08_27L,-3.36351727359947,0.4813573150619653,0.10616193310155372,0.6259313871344107,source HD-EEG
1346,dataset08_28R,-2.896650475918677,0.8497297874670446,0.05282638569037694,0.9455831923518837,source HD-EEG
1347,dataset08_28L,-3.182522789699367,0.8077426324749338,0.05248807603995881,0.9396711720216596,source HD-EEG
1348,dataset08_29R,-4.438145846099669,0.3754052949973546,0.0833316650418876,0.6317864224738177,source HD-EEG
1349,dataset08_29L,-4.09171695749737,0.26586584562794857,0.08314412078450108,0.6028779435486774,source HD-EEG
1350,dataset08_30R,-3.4840117052285944,0.729279956624546,0.04661223776214567,0.9335250252376041,source HD-EEG
1351,dataset08_30L,-3.575924263078626,0.5760410335132746,0.06201300029214289,0.8390063800371919,source HD-EEG
1352,dataset08_31R,-3.0353115198471845,0.8436711655692782,0.039961284818982555,0.9582139407213144,source HD-EEG
1353,dataset08_31L,-3.888483195223955,0.26081210836752416,0.06930972944183152,0.4755180440401812,source HD-EEG
1354,dataset08_32R,-3.066072656733354,0.8846278464572018,0.04056929372136313,0.95935147937565,source HD-EEG
1355,dataset08_32L,-3.570889312279435,0.35711803133128556,0.07054299058906126,0.6211409561426078,source HD-EEG
1356,dataset08_33R,-2.797097771121353,0.9248912365374624,0.03960105552425138,0.9636090940747055,source HD-EEG
1357,dataset08_33L,-2.8465687659137306,0.48054861811452165,0.08827171970115089,0.7102278786614799,source HD-EEG
1358,dataset08_34R,-3.264520631741655,0.7739531797207286,0.054354268899247556,0.9197951621453574,source HD-EEG
1359,dataset08_34L,-3.672305925128666,0.5881203609053708,0.07989083983532483,0.7875438241618251,source HD-EEG
1360,dataset08_35R,-3.5877878081994514,0.8001194893620254,0.05517644060019515,0.9228382177366758,source HD-EEG
1361,dataset08_35L,-3.3237851809953285,0.6101762114791563,0.06271311519538288,0.8491837650061088,source HD-EEG
1362,dataset08_36R,-3.1723278029909494,0.8778904304158518,0.045065790780427294,0.9519315066793428,source HD-EEG
1363,dataset08_36L,-2.643121932700116,0.6982379961430216,0.0743106960743163,0.8686251209589714,source HD-EEG
1364,dataset08_37R,-2.372088629032608,0.8915871491475513,0.04274313040408144,0.9580075532884473,source HD-EEG
1365,dataset08_37L,-2.6917146419312497,0.6425256121774225,0.08329567431219054,0.8291897803967629,source HD-EEG
1366,dataset08_38R,-2.284166162888157,0.9268946428903954,0.04010427262502744,0.964846687648992,source HD-EEG
1367,dataset08_38L,-2.4912201183144416,0.5565162665101404,0.08877931355021892,0.7680624947924818,source HD-EEG
1368,dataset09_01R,-3.3825811874583205,0.6148186242922947,0.0471549490245575,0.9162106589268494,source HD-EEG
1369,dataset09_01L,-3.221645201269378,0.7269558107303483,0.061363090756709295,0.9592906415931783,source HD-EEG
1370,dataset09_02R,-3.1350534546130575,0.6866435319492616,0.08603587816685333,0.8401664947642322,source HD-EEG
1371,dataset09_02L,-3.024539898083786,0.6872084161290356,0.07170958547725562,0.9236065321550768,source HD-EEG
1372,dataset09_03R,-3.329913979532011,0.6754706226297795,0.06039976659910491,0.9562069009302561,source HD-EEG
1373,dataset09_03L,-3.2498389287540905,0.6899699531690648,0.038122097547637235,0.98840598125993,source HD-EEG
1374,dataset09_04R,-3.7235571598407873,0.46459535035982436,0.05544685516721909,0.9166411247767727,source HD-EEG
1375,dataset09_04L,-3.6801491047191255,0.5284220567596337,0.04492528890080093,0.9732491737297503,source HD-EEG
1376,dataset09_05R,-3.7578964053063855,0.5915731588112609,0.05562519123883116,0.8923567487421861,source HD-EEG
1377,dataset09_05L,-3.6979111601723607,0.7022904027580155,0.057729069061799046,0.9411716690590096,source HD-EEG
1378,dataset09_06R,-2.867502995668673,0.8921906756179786,0.05464524786566123,0.9434458637900095,source HD-EEG
1379,dataset09_06L,-3.098106499862659,0.8634622586404872,0.04661759968906484,0.9737493864892248,source HD-EEG
1380,dataset09_07R,-2.523664303414861,0.9392027255055914,0.041812031667645716,0.976487643116519,source HD-EEG
1381,dataset09_07L,-3.3928651930318137,0.7872934722905618,0.03460359130625316,0.9906303289358943,source HD-EEG
1382,dataset09_08R,-3.138928626721174,0.894487492715625,0.04354297473615934,0.9649345352634077,source HD-EEG
1383,dataset09_08L,-3.7596931945477197,0.8621476621836445,0.045992664823366385,0.9772602349944725,source HD-EEG
1384,dataset09_09R,-3.222403867903953,0.8285984244715724,0.04350625800248425,0.9605335036177788,source HD-EEG
1385,dataset09_09L,-3.019802659021641,0.8453510775708476,0.05429282556348987,0.9595866668984152,source HD-EEG
1386,dataset09_10R,-3.3018097299384257,0.6834933683162168,0.048449108746964134,0.9236109837608195,source HD-EEG
1387,dataset09_10L,-3.542143600540286,0.7308941630687158,0.051358787031983946,0.969789301957312,source HD-EEG
1388,dataset09_11R,-2.976260795541961,1.0637522638676744,0.028079962278290252,0.995028942303183,source HD-EEG
1389,dataset09_11L,-2.9904754153357134,1.0656587597991267,0.030472331570464768,0.9950464295673227,source HD-EEG
1390,dataset09_12R,-2.5056550791875867,1.0849588392142384,0.027688593071639664,0.9942700274582936,source HD-EEG
1391,dataset09_12L,-3.0346916864164477,1.1531281970608689,0.03435246795868244,0.9930707573172651,source HD-EEG
1392,dataset09_13R,-2.6205488480258796,0.8797458867011044,0.06818430840082766,0.9317848798466728,source HD-EEG
1393,dataset09_13L,-2.7851978089781015,0.9994282849633,0.06525991967765539,0.9482979558147258,source HD-EEG
1394,dataset09_14R,-3.4373599535760126,0.8015605065469268,0.06557635620890691,0.909010029343745,source HD-EEG
1395,dataset09_14L,-3.637554476125895,0.7699683818298135,0.06021076540366567,0.9641683251935267,source HD-EEG
1396,dataset09_15R,-2.4864585055046096,0.8967430360928956,0.08067827327083894,0.9044661929072905,source HD-EEG
1397,dataset09_15L,-2.094515927912091,0.9570796955925716,0.05416509788287299,0.9688621984218783,source HD-EEG
1398,dataset09_16R,-3.197863165303498,0.9692929948615836,0.05580517417617959,0.9639311168967204,source HD-EEG
1399,dataset09_16L,-3.229223229995818,1.009288574200947,0.05884451371717822,0.9670264812309431,source HD-EEG
1400,dataset09_17R,-2.177156126241382,1.2800773618726604,0.04994684587037742,0.9788303648351464,source HD-EEG
1401,dataset09_17L,-2.1846986924112057,1.3343618659225331,0.04258815659752428,0.9834044293565948,source HD-EEG
1402,dataset09_18R,-2.1715403830949724,1.2034395787408527,0.04277844188538007,0.9788891701224935,source HD-EEG
1403,dataset09_18L,-2.040326798612569,1.26755659426241,0.04593855279193206,0.9798016426970398,source HD-EEG
1404,dataset09_19R,-2.5207673859928548,0.9387556207183017,0.05927039730013413,0.9599259246585624,source HD-EEG
1405,dataset09_19L,-2.4519038545450393,0.868528637049958,0.04988202833857981,0.969185509398131,source HD-EEG
1406,dataset09_20R,-3.1625040886846714,0.8665348836870503,0.07228161556157987,0.9308258831002516,source HD-EEG
1407,dataset09_20L,-3.8650452293677566,0.6683092323771973,0.09457024517284374,0.8676873353840134,source HD-EEG
1408,dataset09_21R,-2.7656006776415833,0.8243610939038685,0.06782161319494243,0.9281605742092586,source HD-EEG
1409,dataset09_21L,-3.046578420315609,0.8080992733691513,0.05597320501712457,0.9389309378091385,source HD-EEG
1410,dataset09_22R,-2.791699759946199,0.710029273415651,0.06438218406502608,0.9122771009903446,source HD-EEG
1411,dataset09_22L,-3.393346934535603,0.6629606620857795,0.049580934376514244,0.9087733245136714,source HD-EEG
1412,dataset09_23R,-3.2085677255928027,0.757579169223293,0.06074826183881384,0.935713448074165,source HD-EEG
1413,dataset09_23L,-3.090796560027721,0.6195184813296846,0.055953535373558745,0.897914280602152,source HD-EEG
1414,dataset09_24R,-2.334677814867713,0.8645699244485244,0.06851382348700646,0.9298645944591426,source HD-EEG
1415,dataset09_24L,-2.538018109516404,0.9555142689644667,0.05779397848205437,0.9635772317944716,source HD-EEG
1416,dataset09_25R,-3.282800729494725,0.7465008607601188,0.05033655330381892,0.9415837182164911,source HD-EEG
1417,dataset09_25L,-3.9305002631222217,0.5326279471980574,0.04875998546577194,0.9218146634071553,source HD-EEG
1418,dataset09_26R,-2.2976363662578594,1.1274004945487504,0.040822628723247545,0.9774382587949201,source HD-EEG
1419,dataset09_26L,-2.4369658420127163,1.212165802959766,0.07978726802191463,0.9446217918843508,source HD-EEG
1420,dataset09_27R,-2.8288739536249277,1.1272960346904666,0.07115900183048646,0.9455657337918221,source HD-EEG
1421,dataset09_27L,-2.437920256372802,1.0911807300481704,0.04159569253655476,0.9778263932127386,source HD-EEG
1422,dataset09_28R,-2.694106059335359,0.8563913775308565,0.039406983372361384,0.9682245319601837,source HD-EEG
1423,dataset09_28L,-2.4451117055414167,1.0645004088614207,0.06866202099825229,0.9532395900083898,source HD-EEG
1424,dataset09_29R,-2.9133693341465765,0.8665909589730698,0.052807463421190415,0.9477756874806477,source HD-EEG
1425,dataset09_29L,-3.2350905128420484,0.8162283215411148,0.05314465382460763,0.9585815320822912,source HD-EEG
1426,dataset09_30R,-2.819385995382416,1.0025267823766586,0.08672362693785528,0.9287674617997526,source HD-EEG
1427,dataset09_30L,-3.7922275739219735,0.7207437949239073,0.06715001540104551,0.9132593314759352,source HD-EEG
1428,dataset09_31R,-2.734273646465112,0.885585047159708,0.07905630658026007,0.9237571522123162,source HD-EEG
1429,dataset09_31L,-2.939956014932737,0.8119091945278862,0.09179227513979113,0.9081881627307204,source HD-EEG
1430,dataset09_32R,-3.3024870786308265,0.6243917902071974,0.08207136173794695,0.7598929185833545,source HD-EEG
1431,dataset09_32L,-3.0636042787896107,0.830334479659428,0.08687477748051962,0.906204760546432,source HD-EEG
1432,dataset09_33R,-2.5032564998788613,0.8822651363219761,0.0727881976676175,0.9133246970701413,source HD-EEG
1433,dataset09_33L,-2.4993253412068026,0.8893083878408752,0.058391037754077446,0.9426658401512071,source HD-EEG
1434,dataset09_34R,-2.75642815137085,1.047170886718191,0.08339614930305883,0.9349640608711475,source HD-EEG
1435,dataset09_34L,-3.4148238561343187,0.8124074380428744,0.044918388560064464,0.9809398614732571,source HD-EEG
1436,dataset09_35R,-2.8314764994357096,1.008269158935466,0.07141099511360004,0.9377739363722669,source HD-EEG
1437,dataset09_35L,-3.2138785126815397,0.8089501774319074,0.044593046072783304,0.9736765866771815,source HD-EEG
1438,dataset09_36R,-3.3486186844018855,0.701445853117334,0.06543412707091588,0.8648098204098092,source HD-EEG
1439,dataset09_36L,-2.300960699115613,0.8420688022244252,0.05448265268685796,0.950235782271901,source HD-EEG
1440,dataset09_37R,-2.383024008915493,0.9277033126000481,0.05398899462688567,0.9512293241744996,source HD-EEG
1441,dataset09_37L,-2.4731385013072478,0.9109844080219521,0.05613304630460412,0.9560529547357277,source HD-EEG
1442,dataset09_38R,-1.9233157962021468,0.9713169907225208,0.06054746112894909,0.9518372631784952,source HD-EEG
1443,dataset09_38L,-1.8617639752790074,0.9881093478305664,0.05763775988009286,0.9599807750684312,source HD-EEG
