ID,channel,offset,exponent,knee,error_mae,gof_rsquared,dataset
0,GD001Lc_11,4.962905599289979,3.5539726974720858,21154.00698848615,0.06552191714401825,0.9886127663238146,iEEG atlas
1,GD001Lc_12,5.331922781172757,3.69252345483697,46742.48185757683,0.07918600990748659,0.9819464804700112,iEEG atlas
2,GD001Lc_13,5.326624019539279,3.5629883442870036,27357.74063886577,0.07095115157001662,0.9860769079437905,iEEG atlas
3,GD001Lc_14,5.942939628925186,3.9866066089878474,70041.39766425441,0.0906251998983512,0.9797891898722154,iEEG atlas
4,GD001Lo_1,3.317206952873151,2.2325479553127527,146.6563836848868,0.06563091669105046,0.9809408045584855,iEEG atlas
5,GD001Lo_2,3.0416750437608444,2.035217768540809,66.71522961356463,0.049887730511930975,0.9871367460999629,iEEG atlas
6,GD001Lo_3,3.429442461265501,2.3107136479524226,118.81401140281633,0.07385562598393788,0.9746651870963947,iEEG atlas
7,GD001Lo_4,3.0573172621494766,2.499606362634888,394.434245942433,0.05942598415502154,0.9861903501207853,iEEG atlas
8,GD001Lv_1,3.5245756740307064,2.200876646501914,337.45959459579905,0.09433023549924192,0.9493030398430926,iEEG atlas
9,GD001Lv_2,5.760133078765872,3.2403214357855785,60330.17591187142,0.11639203914031973,0.8941339329305442,iEEG atlas
10,GD001Lv_3,4.73749990516569,2.742938818381189,1616.333555601796,0.08839580591032489,0.9692748989913436,iEEG atlas
11,GD001Lv_4,5.280364667782819,3.206012817637216,13712.348439734367,0.08224831464805771,0.9671290731307077,iEEG atlas
12,GD001Lv_5,5.738768097158973,3.577764333556206,42882.34843741553,0.07340782501984666,0.9809775046781701,iEEG atlas
13,GD001Lv_6,5.528564039429805,3.7237644698068477,36395.16443990657,0.060950617770824306,0.9912662666364418,iEEG atlas
14,GD002Rh1,3.702094192630488,2.9049692542028462,224.82671046964393,0.07340149279008104,0.9867732421820187,iEEG atlas
15,GD002Rh2,3.408193482836452,2.9571756879334012,381.0909131741689,0.07135824618089938,0.9903745156983657,iEEG atlas
16,GD002Rh3,3.6640557106326597,3.1776179275813194,1426.730225241615,0.06988806406180458,0.9915661086269907,iEEG atlas
17,GD002Rh13,3.1164659059000814,2.5533910885603444,173.4086011084021,0.09689127191255772,0.9789112277163747,iEEG atlas
18,GD002Rh14,3.6333802900725614,2.6891843060418688,489.26823725824937,0.11560610134857098,0.9702530587548794,iEEG atlas
19,GD002Rh15,3.66681563149843,2.5626149449085136,265.3130347103198,0.13569920707450508,0.9585491283047182,iEEG atlas
20,GD002Rm1,6.382509284822002,4.0411876434636875,91086.39802882474,0.11539779903713084,0.974798937040109,iEEG atlas
21,GD002Rt1,3.182203103914372,2.6753302207544825,109.30446225891062,0.08989559399337876,0.9822075458220145,iEEG atlas
22,GD002Rt2,4.0977537492903915,2.958857153212262,40.05600651322111,0.061399499830035266,0.9942065849584837,iEEG atlas
23,GD002Rt3,4.402517775843462,3.00937569807874,90.31918012695294,0.05768180111255605,0.9953026529995289,iEEG atlas
24,GD002Rt4,4.118736737912614,2.8737768590685313,94.76410916330437,0.05708827004930396,0.9937213832158523,iEEG atlas
25,GD002Rt5,4.202660952583951,2.963456113241095,197.46780514314003,0.0846950206495007,0.9882714918573429,iEEG atlas
26,GD002Rt6,4.49385268240895,3.3184702935016186,402.5484147139307,0.09078966270767433,0.989798583975313,iEEG atlas
27,GD002Rb1,3.305906632694064,2.0833056877085028,4.736487772795757,0.08845827277958308,0.980685360525286,iEEG atlas
28,GD002Rb2,3.0612980489744683,1.8102945671858288,0.27708782564686124,0.06791710610755243,0.9865082627286731,iEEG atlas
29,GD003Lt_4,5.020144355871486,2.9468775360730186,959.2074167754836,0.07632876317807083,0.9847842781280451,iEEG atlas
30,GD003Lt_5,4.610835623060087,3.0090558857988103,1386.6190063073739,0.0685168462875687,0.9884741623704879,iEEG atlas
31,GD003Lt_6,5.571344822752702,3.7833744655437114,16621.857401577323,0.0919657310907519,0.98108180755561,iEEG atlas
32,GD003Lu_1,2.825083797946923,1.785172662506993,16.262073887348183,0.08036516018715774,0.9744628054683147,iEEG atlas
33,GD003Lf_1,5.116457506584549,3.2217784718251044,731.37765795586,0.06821420100304731,0.9929311771672231,iEEG atlas
34,GD003Lf_2,4.399863011493754,3.1455413971645254,699.1136200181304,0.08345741551440584,0.9829108678690733,iEEG atlas
35,GD003Lf_3,5.456687094918574,3.974188432903533,12440.331204879027,0.08409331396681856,0.9910970818445933,iEEG atlas
36,GD003Lf_4,4.242503496774537,3.1188718496906143,592.6213086131468,0.07642447971901964,0.9850045801927882,iEEG atlas
37,GD003Lf_5,4.81048153200007,3.083986121164157,723.6692775759918,0.05882757919825526,0.9930108510592871,iEEG atlas
38,GD003Lf_6,5.2574478206197695,3.559683655178845,2274.4324435005633,0.10919354005700874,0.9795214124990932,iEEG atlas
39,GD003Lf_10,4.508678059832166,2.950433951309523,372.3678809815475,0.06734887106699551,0.9903184181217284,iEEG atlas
40,GD004Rt1,3.2030388994086803,2.2834854196189904,10.030890386610075,0.04941498290687758,0.9940611797595705,iEEG atlas
41,GD004Rt2,4.065267320550499,2.9589942966003613,344.4815148850214,0.06944860118158085,0.9899854660276417,iEEG atlas
42,GD004Rt3,3.9629254719163187,3.237484720171045,454.65584358641865,0.07149863104305074,0.9923870763230384,iEEG atlas
43,GD004Rt6,3.8130964718723708,2.9759594332244537,724.7375283212465,0.06653266721981027,0.988858429733255,iEEG atlas
44,GD004Rt7,3.423637364431514,2.768992488094851,209.91017781181753,0.059571443404932624,0.9919748968770501,iEEG atlas
45,GD004Lt_1,3.6882599501773927,2.533990815722104,90.06112465627523,0.07978935649894651,0.9834488112100416,iEEG atlas
46,GD004Lt_2,3.3706837356368218,2.4838797528963386,92.8525194989112,0.0758822756107056,0.9850515533727986,iEEG atlas
47,GD005Lv_1,4.257686698875413,2.675940486679662,1144.5923120013379,0.07217937290028552,0.981866368460521,iEEG atlas
48,GD005Lv_2,4.544778547708675,2.8382310288114434,1455.351604418112,0.06954115522851267,0.9835693604458066,iEEG atlas
49,GD005Lv_9,4.791769972063868,3.7357458291609658,8926.136680122625,0.06549902257965867,0.9927499895340608,iEEG atlas
50,GD005Lx_2,3.7593667933539407,2.5547026321145805,273.1776995959813,0.08464809825040633,0.9807140482858242,iEEG atlas
51,GD005Lx_3,4.904155057910848,3.0837686130360997,6095.338893775335,0.06779754537698722,0.9855455268565879,iEEG atlas
52,GD005Lx_4,5.01072794650595,3.142008332485564,7772.21245706555,0.06350938172919925,0.9845579226311714,iEEG atlas
53,GD005Lx_5,5.467930519505414,3.4173348401497043,9207.836619757063,0.07311637163173783,0.9883267927088899,iEEG atlas
54,GD005Ly_6,2.4259163371242374,2.342196103692319,49.900208111407196,0.060373110277281865,0.9904169343085668,iEEG atlas
55,GD005Ly_7,3.038987619271176,2.6554535652467743,269.8025430780651,0.06447372903903223,0.9889835023202788,iEEG atlas
56,GD005Ly_8,3.195538771800849,2.6139849240249795,359.137028228701,0.04946890650591237,0.993183402409023,iEEG atlas
57,GD005Lw_1,4.112734587467794,2.7482114808129685,164.23271453907913,0.06896022667198827,0.9889743519984738,iEEG atlas
58,GD005Lw_2,4.749521668892575,3.19665092913891,1661.5676618221319,0.0819975858729729,0.9868377293972773,iEEG atlas
59,GD005Lw_3,4.349466198371242,3.146968172791671,1403.2067444103207,0.07249552363713001,0.9886188434787441,iEEG atlas
60,GD005Lw_4,5.089142881956454,3.5425859330374028,6820.561318131991,0.08170130646720668,0.986078902775155,iEEG atlas
61,GD005Lw_5,4.745952409741971,3.26562408788823,3934.6747531505084,0.08544133235681928,0.9777433456408198,iEEG atlas
62,GD005Lu_4,3.147596436510251,2.0021078313571814,41.27914846186658,0.053535596734581456,0.9874922731657352,iEEG atlas
63,GD005Lu_5,3.574187999872967,2.4209829574820794,219.88892063875966,0.0633587549745075,0.9864208408817404,iEEG atlas
64,GD006Rs4,4.092091425200127,2.4192972814736033,314.4165833617499,0.10700176257797812,0.9600319711885414,iEEG atlas
65,GD006Rs5,5.157349770940375,2.953524427659481,11127.682163652125,0.06167149474337049,0.9816468612527585,iEEG atlas
66,GD006Rs6,5.272740866794103,3.106461949934073,10037.81291970299,0.07414071532955202,0.9752174105120779,iEEG atlas
67,GD006Rq3,5.280043437684507,3.226990805520325,3940.2752557284907,0.0744686995864903,0.9861158720900753,iEEG atlas
68,GD006Rq4,4.484918220752287,2.863252005770887,523.5598458887685,0.0713129063598398,0.9878546328316601,iEEG atlas
69,GD006Rq5,5.398928048050947,3.3923570048718785,5436.28348633199,0.06851822469805523,0.9917784116183801,iEEG atlas
70,GD006Rq6,5.132427706355965,3.206220411920943,4312.674631216237,0.07124139599395005,0.9874659434461718,iEEG atlas
71,GD006Rq7,4.625174065917351,3.0220579207777867,2208.837820125825,0.08080270936895849,0.9820815600219727,iEEG atlas
72,GD006Ry8,7.591640372847482,4.727807822142888,1679098.3774466526,0.09777184019305496,0.9850953534754359,iEEG atlas
73,GD006Ry9,7.794511487098456,4.865469896123793,936777.7196603646,0.10244274879921922,0.9882106209928061,iEEG atlas
74,GD006Rx11,6.122958572377094,3.6051598109906435,27897.038360882245,0.061714651921402845,0.9914667453137553,iEEG atlas
75,GD006Rx12,6.190512932088917,3.796052580874932,95410.1464236988,0.08705975232803599,0.977750589129065,iEEG atlas
76,GD006Rg_1,4.490431898938137,3.0620862450454536,1014.3108023555656,0.08603095679927393,0.9835911046588343,iEEG atlas
77,GD006Rg_2,4.276220313800132,3.002443932278635,440.6333487106544,0.06598856283138833,0.9912883782443402,iEEG atlas
78,GD007Rd1,4.675151370760813,3.2945268393172213,5421.322947201159,0.05659627898049155,0.989491355103379,iEEG atlas
79,GD007Rd2,6.554135716439254,4.674166833933322,226582.61763109104,0.07969303693956356,0.99157217448925,iEEG atlas
80,GD007Rd3,5.250739603605423,4.2280052026822235,49478.00076033715,0.10372287535555996,0.9818956189435409,iEEG atlas
81,GD007Rt2,5.842536935056751,4.004590430951717,120294.2346435713,0.07895432510023062,0.9804213984727033,iEEG atlas
82,GD007Rt5,6.083600463377072,4.167235837084328,98201.33234802319,0.08231937080828575,0.9881509404861093,iEEG atlas
83,GD007Rt6,6.706730155801863,4.301482036068291,201586.88535847788,0.07609146715112512,0.9871761296021149,iEEG atlas
84,GD007Rq1,4.741817670781811,3.1646026908725,2509.1154485565085,0.1072459629836325,0.9755031692007595,iEEG atlas
85,GD007Rq2,5.662993278637208,3.6242079081687435,28247.81862387938,0.0938271065296169,0.9759716902756748,iEEG atlas
86,GD007Rq3,5.964153986321843,3.7120143452369803,47254.612063703455,0.1127029563224965,0.9652323205978318,iEEG atlas
87,GD007Rq4,7.298072161980233,4.62841479743075,1520108.326900753,0.08804178235927043,0.985676843452588,iEEG atlas
88,GD007Rq5,8.684507194089822,5.284474458393627,13957645.477255784,0.11623248975332283,0.9827122980287099,iEEG atlas
89,GD007Rr1,6.87251008169906,4.3475677407244655,119448.60491768921,0.11148637373140251,0.9770115066184998,iEEG atlas
90,GD007Rr2,6.400736169881079,4.067933123195809,82032.14503384753,0.07933615767556149,0.9875585427312316,iEEG atlas
91,GD007Rr3,7.727607556765611,4.855969633168009,656927.5772661538,0.1049246360347747,0.9863800867985071,iEEG atlas
92,GD007Rr4,7.358859948496572,4.7117409010678495,1476864.0630244426,0.08803377642535276,0.9857005003738633,iEEG atlas
93,GD007Rr5,6.9445266723412225,4.306979614326234,305963.5667873641,0.10205414356613507,0.9789296928188942,iEEG atlas
94,GD007Rr6,7.263014044137084,4.666852662456852,2688374.448596091,0.09703211626719728,0.9760156292168385,iEEG atlas
95,GD007Rr7,7.181283352412109,4.712512020016368,2251346.2530703694,0.0728911188189764,0.9892075729521242,iEEG atlas
96,GD007Rs2,4.898855108783512,4.226824648862549,80692.6045979028,0.1266376475694719,0.9726090924989967,iEEG atlas
97,GD007Rs3,6.236117091637064,5.0052467787270505,947684.1268864279,0.06932176351283789,0.9937109686688606,iEEG atlas
98,GD007Rs4,6.938501985982259,5.287449140579811,2301504.9516308284,0.08057763974530184,0.9900655279867746,iEEG atlas
99,GD007Rs5,6.905389873272303,5.165118017141492,1247628.2362788701,0.0959573702065252,0.9875501732248134,iEEG atlas
100,GD007Rz7,6.629546349729531,4.161961550944835,100232.97022641722,0.08164803103456918,0.9880858629832001,iEEG atlas
101,GD007Rz8,5.72976666635928,3.8918831685178215,55825.742278236976,0.09007021122058831,0.9751583689545019,iEEG atlas
102,GD007Rz13,8.795170740868384,5.417421593710774,6726853.904294256,0.07328637901892039,0.9943201847539531,iEEG atlas
103,GD007Rz14,8.287673332162386,4.8992934810006545,759151.711318031,0.08503341506362488,0.989637375206893,iEEG atlas
104,GD007Ry1,6.706130638592059,4.247488826832319,53449.42527311987,0.1340164358838124,0.9710719809452913,iEEG atlas
105,GD007Ry2,6.6132845062781005,4.161402696571297,116094.06467633546,0.08439546097402237,0.9865109332036729,iEEG atlas
106,GD007Ry3,5.603478527391054,3.8371134214704887,69258.24047528194,0.0865210348713787,0.9787375227539485,iEEG atlas
107,GD007Ry4,6.877704409920513,4.770175172776067,2617076.6857547713,0.07903842015191888,0.9860477224897067,iEEG atlas
108,GD007Ry5,7.455177149322846,4.6740020459415055,1760977.7665203281,0.07543712956931892,0.9864583001520828,iEEG atlas
109,GD007Ry6,8.615745162525924,5.0402819853325225,16310110.379086925,0.07783125016516687,0.9886674332572902,iEEG atlas
110,GD007Ry14,9.882339343037907,5.866707459019801,278369844.55585426,0.10740331103417101,0.9795955088279461,iEEG atlas
111,GD007Rx1,4.573715371661082,3.068832039205018,4555.963505500202,0.10972356882108125,0.9578901492449438,iEEG atlas
112,GD007Rx2,9.899356418248068,5.682224295095075,178506278.94636685,0.10765791422894665,0.9798458647076553,iEEG atlas
113,GD007Rx3,8.48073369521017,5.126520095977469,43864880.38301726,0.08715701688849382,0.9751557076027144,iEEG atlas
114,GD007Rx10,10.170255207593407,5.99721310554942,122304492.00983207,0.17818636303684005,0.9659699451858823,iEEG atlas
115,GD007Rx14,6.8262327171331,4.017712726617734,527266.1265392657,0.08145748201180374,0.9733647106680495,iEEG atlas
116,GD007Rf1,7.667790136653938,4.7766139000462156,2873573.803732077,0.113718749966188,0.9735876311704939,iEEG atlas
117,GD007Rf2,6.5098256879900696,4.261481709240335,591361.9948579004,0.08977461832715844,0.9780044599083217,iEEG atlas
118,GD007Rf7,6.6238797794950575,4.35170606127012,1050484.7991390447,0.07415927361384346,0.9863967082035083,iEEG atlas
119,GD007Rf8,8.385539323950736,4.825058312299075,5124696.8310221,0.06958943236736445,0.9914460401842795,iEEG atlas
120,GD007Rf9,8.351896798850898,4.886375430689943,3115598.363050504,0.07954516294752366,0.9909452457732117,iEEG atlas
121,GD007Rf14,9.197225671525018,5.465401984794036,9641530.003298555,0.08672843878853284,0.9912051657893154,iEEG atlas
122,GD007Rb1,8.82197459287087,5.086708946893421,32751214.255061485,0.10196789929651451,0.9764890428543899,iEEG atlas
123,GD007Rb2,9.000508359526316,5.212396626099121,78033196.53627816,0.07661576120866732,0.9888244221463288,iEEG atlas
124,GD007Rb3,8.589071020588113,5.038237363923681,14383677.418278964,0.06749675746214522,0.9926602983221416,iEEG atlas
125,GD007Rb7,10.293917509490885,5.919572739618922,492938458.9662544,0.08355661864169528,0.9890705187713221,iEEG atlas
126,GD007Rb8,10.022077100879319,5.569824580698007,197715051.49157965,0.11217274513819711,0.9769013411386553,iEEG atlas
127,GD007Rb9,10.213121867062716,5.7110002262951935,542838409.2715585,0.08512303433418132,0.9828284654180425,iEEG atlas
128,GD008Lb_1,3.301879977733904,2.113974842667383,9.88134541508894,0.057547582167098855,0.990450094163775,iEEG atlas
129,GD008Lb_2,4.493886018582026,2.6291311294199913,68.42001952579017,0.0930539513920298,0.9831662636347109,iEEG atlas
130,GD008Lb_3,4.029820575955401,2.2779483057120187,20.898556959291707,0.09375565997952544,0.977444582343085,iEEG atlas
131,GD008Lb_14,6.326493834818974,4.422273945212766,52809.08177856982,0.12799178917165221,0.9831649323368888,iEEG atlas
132,GD008Lf_1,3.1530316264951166,2.462987469505243,102.80144313796531,0.08615307272004795,0.9757316280675206,iEEG atlas
133,GD008Lf_2,3.0454873218778347,2.665046212113951,269.58068994351663,0.0929195100941779,0.9778452827347589,iEEG atlas
134,GD008Lf_3,2.8320890029581864,2.3971836808000258,137.31146634220812,0.08239101391806862,0.9756909123013512,iEEG atlas
135,GD008Lf_9,4.9445798925116256,3.2026916084684753,1664.6161276411312,0.09339688514766155,0.9805267093583936,iEEG atlas
136,GD008Lf_12,4.896358233622377,3.4207954726870193,10715.113625563523,0.08089138740364579,0.9824874832546489,iEEG atlas
137,GD008Le_5,5.354592659046354,3.4682792187681644,24217.659685781487,0.06941224270066147,0.9864760176111922,iEEG atlas
138,GD008Le_6,5.456726122870375,3.489534715840125,15722.706860341168,0.06760210973253289,0.991209405898711,iEEG atlas
139,GD008Lq_5,6.760796099216098,4.464576008567718,257831.10196263943,0.14972948609682615,0.9648457381756307,iEEG atlas
140,GD008Lz_1,3.9924186958097514,2.6412920910022373,432.84460034811246,0.10949367214208287,0.965321016762773,iEEG atlas
141,GD008Lz_2,4.002021369775763,2.8392387665731422,738.8911711427485,0.10242604232488002,0.9705917478857355,iEEG atlas
142,GD008Lz_3,3.864772699921275,3.0702466802389106,1238.8728354004506,0.09002802305948923,0.9817836622005895,iEEG atlas
143,GD008Lz_4,4.1557012312826656,3.1231019518451983,4469.670505460914,0.07323616723356864,0.9850350675552523,iEEG atlas
144,GD008Lm_1,2.7726729878627485,2.2305705590523286,11.571284250095479,0.11563410321888908,0.970112327298385,iEEG atlas
145,GD008Lm_2,4.081042051551747,2.7694200091191803,305.2658840653229,0.10441528077841274,0.9719522526230567,iEEG atlas
146,GD008Lm_3,3.634344666701531,2.609752705386621,85.71456757403975,0.12049954239838988,0.9680647198488613,iEEG atlas
147,GD008Ln_1,4.653621659945442,2.9257562878074297,2547.626122051371,0.056207762886143785,0.9899900822978422,iEEG atlas
148,GD008Ln_2,4.862557723758013,3.086605873739026,3465.0489388495866,0.06319873410550716,0.9900391747936189,iEEG atlas
149,GD008Ln_5,6.072069419170515,3.7846093602771886,31043.65425433456,0.07756023658927078,0.9898383774260817,iEEG atlas
150,GD008Lp_1,5.7591245714727695,3.622168846556361,113239.9190633875,0.07723996079700382,0.9845760693745774,iEEG atlas
151,GD008Lp_5,5.166151719322008,3.5004746776032385,6764.8287466994825,0.09406243614834325,0.9826725013781007,iEEG atlas
152,GD008Lx_6,4.248736223652322,2.8533620331351504,890.0627413012379,0.06488631303208568,0.9894370045111204,iEEG atlas
153,GD008Lx_7,4.079244017367721,2.7177600417795844,592.9401694651815,0.0886329375474758,0.9761161063164624,iEEG atlas
154,GD009Rn01,6.534399309657946,4.041011486343087,800981.7891302948,0.07361594481495283,0.9869870931746835,iEEG atlas
155,GD009Rn02,5.670521188396081,3.765858499810939,278334.5961496496,0.06957769675090003,0.9874794433096704,iEEG atlas
156,GD009Rn03,2.5833460446700354,2.1674773306721193,111.26070940764569,0.09787150480139109,0.9753079873808067,iEEG atlas
157,GD009Rn04,3.6844602232830996,2.5140956114184063,979.7272494173566,0.044680196854632974,0.9920061353124805,iEEG atlas
158,GD009Rn05,3.3662430946236745,2.0432524992386902,58.17704979635719,0.0870276990168074,0.9696741579589283,iEEG atlas
159,GD009Rn06,3.482294073683864,1.9868529625588753,30.625092119529537,0.09633683261512103,0.9668997712260203,iEEG atlas
160,GD009Rn07,3.8068116081319228,2.1299925342647374,50.59156393132469,0.08863134318836359,0.9743944832110605,iEEG atlas
161,GD009Rn08,5.056451181203059,3.058833227616775,14126.939707501131,0.08205557216971471,0.9768098268534028,iEEG atlas
162,GD009Rn09,3.498728578394799,2.2355524920496768,129.60393505872094,0.07345420366705563,0.9825124017147296,iEEG atlas
163,GD009Rn10,3.7823896706108453,2.527144368497051,529.3012550629602,0.07352418882470063,0.9810838481511135,iEEG atlas
164,GD009Rn11,5.113865445037059,3.3133350417875906,12577.965206671486,0.05476104436532311,0.991974704787545,iEEG atlas
165,GD009Rj01,7.85979322427675,4.63687869601825,21081830.05713316,0.0689569620500019,0.9832653987554635,iEEG atlas
166,GD009Rj02,6.549169290107015,4.196096505528797,2133878.982966914,0.0773283839152594,0.9832824021953694,iEEG atlas
167,GD009Rj03,5.609349844169584,3.6446125891958165,246298.82596998455,0.06848452459758163,0.9831827649213851,iEEG atlas
168,GD009Rj08,7.720433453501818,4.617602463570648,7511091.270842269,0.05148442690313498,0.9929062316176381,iEEG atlas
169,GD009Rj09,8.312365901107329,4.779121231697088,6352127.344065913,0.0686302230771949,0.991425163204747,iEEG atlas
170,GD009Rj10,9.019934302371746,4.802279607087265,41398231.475406386,0.06966927442292277,0.9842387144402964,iEEG atlas
171,GD009Rj11,4.811381585431155,2.6947467271206436,1566.245275557493,0.07094754833398793,0.9831895136999117,iEEG atlas
172,GD009Rj12,5.199426687838326,2.8612829838975467,2636.4746317795416,0.06919565096349714,0.9848110437051386,iEEG atlas
173,GD009Re10,4.109134567422217,2.6443312384051727,310.55292845233225,0.10303300058247745,0.9718286260708301,iEEG atlas
174,GD009Re11,2.1816221606259427,1.9475042622993197,43.59831724597653,0.06513501263361626,0.9800744394039675,iEEG atlas
175,GD009Rb01,7.615394410492453,4.491229283937375,9709642.174893847,0.05914109757969586,0.9869935798629224,iEEG atlas
176,GD009Rb02,5.077839753314931,3.5802909672332497,89716.08113173977,0.06666151058960314,0.9876810673901099,iEEG atlas
177,GD009Rb05,2.2327593442556486,1.9707475054872983,38.26409439462957,0.08743274541397725,0.9702322395049379,iEEG atlas
178,GD009Rb06,4.158986858026549,2.350554470484092,818.9188366412722,0.06556901087425568,0.9824137261741626,iEEG atlas
179,GD009Rb07,3.3904495265570636,1.8345902280073485,13.38824296881273,0.06914981074475163,0.9819929310122633,iEEG atlas
180,GD009Rb08,2.915457338702699,1.672349962485503,7.499002113903094,0.07457086189444972,0.9752276451103371,iEEG atlas
181,GD009Rb09,2.8561974231018024,1.7127865257178645,13.277968748270247,0.0818799702366366,0.9674834353981964,iEEG atlas
182,GD009Rb10,3.9805090927454874,2.348263910698488,1108.2869504170326,0.06393329462571026,0.980577727258721,iEEG atlas
183,GD009Rb11,5.719801004122356,3.3683394849279895,101131.74519872919,0.07483750838265867,0.9763888572981764,iEEG atlas
184,GD009Rb12,4.001864010545741,2.6281960890202747,1346.0487598982784,0.10943216294410472,0.9515078057876996,iEEG atlas
185,GD010Rf1,6.473237758818427,3.7972931720855065,8867.65991651016,0.08226191551174605,0.9899833442778697,iEEG atlas
186,GD010Rf2,7.391625042469698,4.4243854637586,78058.69635648823,0.10219199037296245,0.9901033328651455,iEEG atlas
187,GD010Rf3,6.501778085150077,4.132056331665524,48604.917983366235,0.10596061522684791,0.9825018679965662,iEEG atlas
188,GD010Rf4,7.903352761264133,4.601458892019016,126946.98105697722,0.10959889973190916,0.9883469411680667,iEEG atlas
189,GD010Rf5,7.520669568517152,4.398910070086977,91985.30968349421,0.10979456246230003,0.9869253935869265,iEEG atlas
190,GD010Ry7,4.296271282855618,2.615723294404768,537.7378225035991,0.0714485970338951,0.9833181757450423,iEEG atlas
191,GD010Rs1,4.408777036953074,2.975373945193312,1879.289107744009,0.09150566185196052,0.9763304571334525,iEEG atlas
192,GD010Rs2,4.970069633308157,3.3146542956859597,5839.345949664124,0.09109797787252197,0.9787292573403945,iEEG atlas
193,GD010Ro1,6.592398163853415,3.866817639512628,36535.219405494376,0.0819644388605053,0.9854960968669645,iEEG atlas
194,GD010Ro2,5.515084934270805,3.1697242919983633,2717.987463931412,0.10189145617625175,0.9781806259401303,iEEG atlas
195,GD010Rp1,4.032957212747173,2.541293359117591,255.86932244065346,0.07165468616770289,0.9805722201947482,iEEG atlas
196,GD010Rp2,2.7334057739810746,1.636135534022168,1.3765118500760403,0.07420861643121525,0.9784555125898551,iEEG atlas
197,GD010Rp3,2.826869324002839,1.566995196770608,14.491213955352992,0.08123144680929775,0.9543104364194681,iEEG atlas
198,GD010Rp10,3.9070009428331405,2.6261233973932585,244.0507545080839,0.08986526932323306,0.9756507274557237,iEEG atlas
199,GD010Rp11,2.910836643752987,2.014072877865865,29.006203998352465,0.09509277542041805,0.9669441166004601,iEEG atlas
200,GD010Rp12,3.652549707234608,2.441024231837969,68.58080225198596,0.08818265405223732,0.9774269509490927,iEEG atlas
201,GD010Rp13,4.773794025359135,3.2678674367698735,4783.750942949579,0.10071629415942292,0.9749730948528192,iEEG atlas
202,GD010Rp14,4.253519390632081,3.1051126494408545,3730.841005881914,0.08669305593801782,0.9775580875246045,iEEG atlas
203,GD011Rl9,3.0348635660738523,2.3721580841049215,134.28555351254928,0.0714319400390395,0.9838463971038417,iEEG atlas
204,GD011Rx6,3.5697156287542664,2.3760772223313626,324.80998006394753,0.08215641025854171,0.9641292959422786,iEEG atlas
205,GD011Rx13,1.8462558535960443,1.8940148322022878,26.03179289235162,0.07701759885095526,0.9752463193016894,iEEG atlas
206,GD011Rx14,3.4193524941243503,2.214405202851431,73.53685277881488,0.07832608730223897,0.9797147942183068,iEEG atlas
207,GD011Ry11,1.7906961230528573,1.9963018866846982,22.426587893196505,0.07681542195757896,0.9706679561396385,iEEG atlas
208,GD011Ry12,2.1933336719243828,2.1847335794214398,63.68192685179225,0.07332675184374905,0.9791553984624491,iEEG atlas
209,GD011Ry13,1.827674787452445,1.8712668606444294,10.091427537358344,0.08575573361606587,0.9736085398343426,iEEG atlas
210,GD011Rq1,4.253871431586032,2.959756272752745,1524.7402988890044,0.0840985640013815,0.9771699633819751,iEEG atlas
211,GD011Rq2,3.2884799255937307,2.7247905933056886,613.6556000597734,0.0959241333930679,0.9720505659570989,iEEG atlas
212,GD011Rq3,2.713202036099269,2.298095345970383,83.99748154767246,0.09767125973729986,0.9750534249894502,iEEG atlas
213,GD011Rq6,3.7828718286345464,2.644821684431685,953.9701237662471,0.10231690350400867,0.9575962942531638,iEEG atlas
214,GD011Rq7,3.252610185257425,2.3165147688166723,77.11143138703642,0.07765802911251904,0.9829871608741447,iEEG atlas
215,GD012Lo_1,5.048094031859296,3.1928058313064804,10929.538831046144,0.08914654209935804,0.9733999271079214,iEEG atlas
216,GD013Lr_12,7.910566601688308,4.947819711566845,18767142.7190828,0.0792298638324325,0.9846223551893445,iEEG atlas
217,GD013Lr_13,9.742661278565901,5.770047712767025,249565680.84780732,0.083245755845647,0.9887399765591505,iEEG atlas
218,GD013Lr_14,8.534338245035011,5.381636498895832,55768303.42052932,0.12437468398613533,0.9723776835339006,iEEG atlas
219,GD013Lz_1,6.3004802133212685,4.224433315870898,366709.4970733128,0.08287155171803859,0.9882914521595073,iEEG atlas
220,GD013Lz_2,6.521096890698111,4.546749811687635,1034924.5421231088,0.06675675527968372,0.9918155133632635,iEEG atlas
221,GD013Lz_3,7.427651873528038,5.162147885972032,4732610.458417562,0.10730834579202848,0.9841893190160111,iEEG atlas
222,GD013Lz_4,8.299272492692394,5.636950879043986,63435327.7156112,0.08052255005796798,0.9918230308959404,iEEG atlas
223,GD013Lz_5,7.285049612013346,5.082149490736436,8149248.407649887,0.08582492982406226,0.9887775111780087,iEEG atlas
224,GD013Lp_1,4.419258901220793,2.9108600734244,697.246932816066,0.08231976671460836,0.9852093218192,iEEG atlas
225,GD013Lp_2,4.812325423442101,3.251366477261509,2207.933120842332,0.0787214061606137,0.9866670548446961,iEEG atlas
226,GD013Lp_6,6.905617124070851,4.136955097931188,5019.846813807783,0.07889774489017526,0.994144031378324,iEEG atlas
227,GD013Lu_2,4.422600630432517,3.17351954112615,55.86202650442844,0.07002903284504657,0.9929270074444323,iEEG atlas
228,GD013Lu_3,4.669601658132693,3.050497419781639,239.1742825558528,0.11080326420046897,0.9790463136086367,iEEG atlas
229,GD013Lu_8,7.02201975927746,4.306550613014338,29910.190238501567,0.11213032634566697,0.9844558911558565,iEEG atlas
230,GD014Rv12,4.649945182772826,3.011484523276594,1524.1104878089013,0.10231437012127688,0.9718677974203775,iEEG atlas
231,GD014Ry13,6.321635805419072,4.056750732225158,76110.93453701347,0.10872323270791946,0.98155627638155,iEEG atlas
232,GD014Ry14,6.72043587685478,4.038300454507807,86699.52587811871,0.09224848854925144,0.984215756839154,iEEG atlas
233,GD015Lr_7,3.882350822770204,2.751558487783984,896.4075671555281,0.059238126880108107,0.9895829997953602,iEEG atlas
234,GD015Lr_8,4.013643157363883,2.656567834309123,920.7307811452603,0.06692312361774111,0.9833915237151298,iEEG atlas
235,GD015Lr_9,3.4956551023766367,2.4944359330613897,403.0563927461908,0.07617927011993374,0.978338756465981,iEEG atlas
236,GD015Ls_7,2.425875609245583,2.30284805079212,112.0867502700757,0.07817544647245954,0.9814664753241548,iEEG atlas
237,GD015Ls_8,2.870036737148614,2.6138702577833777,358.1843898616986,0.1309895072114867,0.9506634823986323,iEEG atlas
238,GD015Ls_9,4.529490944102819,3.409612986545711,1759.400081268554,0.061054625778355395,0.9943989789122126,iEEG atlas
239,GD016Rj1,4.996274540107108,3.1307913910277096,3600.3745824546913,0.09099920900125566,0.9818640378714643,iEEG atlas
240,GD016Rj10,5.76956243401295,3.553568339200135,1718.9111161018363,0.0803330477420869,0.9910936177442671,iEEG atlas
241,GD016Rj11,5.670152303711286,3.8485074107242374,2740.6609274620328,0.07874170132382331,0.9917368747216991,iEEG atlas
242,GD016Rj12,6.543681229320547,4.315741670877081,2335.238499595048,0.07242750452156416,0.9951898585255917,iEEG atlas
243,GD016Rb1,4.495796838076445,2.9030683217451245,966.9302055796807,0.1163047287358142,0.9779453593635808,iEEG atlas
244,GD016Rb4,3.9972772014864484,2.6091273070164887,111.59215790379605,0.054766271796583804,0.9947640361199402,iEEG atlas
245,GD016Rb5,4.135770899996933,2.7972455918966848,365.36469215493617,0.0861270997351509,0.9866168596364335,iEEG atlas
246,GD016Rb6,4.132912427466409,2.658105579945229,80.10224513839839,0.07229416194974657,0.9902851283423096,iEEG atlas
247,GD016Rb7,6.388878211980523,4.0433096680645475,71410.05672222082,0.10739779842255037,0.9835989489967448,iEEG atlas
248,GD016Rb10,6.884079029477345,4.249933218657856,83447.7787850409,0.06963086712452472,0.9952561785700227,iEEG atlas
249,GD016Rb11,4.436753067130695,2.7896551205818487,76.80254050555571,0.115552239951539,0.9816617429616329,iEEG atlas
250,GD017Rf1,6.611381406977571,4.130139625445302,22876.011978728842,0.0921691378228094,0.9895278892388979,iEEG atlas
251,GD017Rf2,5.768052527524249,3.9258909352596256,34298.644149546286,0.08342303304067371,0.9863111901678628,iEEG atlas
252,GD017Rf3,5.999472836808246,4.289415720296846,72856.26142882339,0.06367811753665698,0.9943789976050811,iEEG atlas
253,GD017Rf6,5.051404885880744,3.312237120262829,1556.3614289398606,0.0628535084938113,0.9923171134421918,iEEG atlas
254,GD017Rf7,4.810433534723059,3.132933418984777,1134.2324819825496,0.05659949355342432,0.9938417809856118,iEEG atlas
255,GD017Rf8,4.053113997181551,3.0070794549721853,933.6749380652408,0.05615101961009888,0.9934313514670077,iEEG atlas
256,GD017Rf9,3.637731669817338,2.8965835063273757,275.751863441583,0.0809394933664172,0.9860769676942127,iEEG atlas
257,GD017Rf10,4.868143035191179,3.48758896820885,3289.358469097945,0.07300895376939293,0.990768240652732,iEEG atlas
258,GD017Rf11,4.13616583997353,3.0949202290834177,771.7625944453454,0.06750092602196385,0.9904835901157247,iEEG atlas
259,GD017Lt_1,4.0668167885205,3.003713824109504,966.7036194498104,0.06637882626430103,0.9893155662660331,iEEG atlas
260,GD017Lt_2,4.420787510868121,3.1510439053136587,485.2271786693102,0.07598691211354613,0.9890370717159205,iEEG atlas
261,GD017Lt_3,4.953090398200195,3.2392084925387676,1329.8357736095916,0.08807001554766114,0.9839729708827064,iEEG atlas
262,GD017Lt_4,4.772149187603959,3.300760105273255,4010.199541695975,0.08329963156707045,0.9827175930193065,iEEG atlas
263,GD017Lt_7,5.588043072004288,3.9287132112712193,32760.01940237881,0.11504422024975662,0.9778306814982783,iEEG atlas
264,GD018Ly_05,4.4315397542922375,3.134795773500644,1227.5425283171062,0.08567616376098816,0.9871473952769652,iEEG atlas
265,GD018Lm_01,4.4064912285385,2.9630106041142965,659.6428570969393,0.09299416613878708,0.9805331691470709,iEEG atlas
266,GD018Lm_02,5.50264777840096,3.8121924852286764,20547.395518523586,0.11035304411850723,0.978636856773955,iEEG atlas
267,GD018Ln_01,5.443622915563319,3.7832406464867523,91454.37139004433,0.06440668218107913,0.9923064152121475,iEEG atlas
268,GD018Ln_03,7.126282577224003,4.475912394650886,255483.91763080546,0.09978003342299933,0.9878616999166548,iEEG atlas
269,GD018Ln_04,6.898596208825651,4.1847030314923135,113735.21060265365,0.08303998799188508,0.9897547455834996,iEEG atlas
270,GD018Ln_05,6.044318170426533,3.870123498897199,54533.265162557196,0.08329017926747931,0.9875591043342916,iEEG atlas
271,GD018Ln_06,7.654658582589707,4.561853106463595,403202.71170203865,0.08917658651127952,0.9892886322393448,iEEG atlas
272,GD018Ln_07,7.547162704964988,4.537814539140157,382394.2795788455,0.11060439972682463,0.9833175697960389,iEEG atlas
273,GD018Ln_08,4.577794535079547,2.890087810055657,1327.6073858700777,0.07747822947478823,0.9864883467245493,iEEG atlas
274,GD018Ln_09,5.475705553411916,3.544883027734273,17868.911962967362,0.08015517183815234,0.9867928417274372,iEEG atlas
275,GD018Lf_05,4.34427702366531,3.1955881112304545,1463.5329128378646,0.0962499598314027,0.9811375724565591,iEEG atlas
276,GD018Lf_06,6.321872659842137,4.540395417451308,97666.29216400218,0.1229559722156538,0.9835728892849229,iEEG atlas
277,GD018Lf_07,6.177735047143197,4.256140060982278,62763.9837345407,0.12154241500596011,0.9794620472038337,iEEG atlas
278,GD018Lf_08,6.994528831057784,4.564939716800655,106233.4372644421,0.14182584919253446,0.9797424538919302,iEEG atlas
279,GD018Lh_01,1.9620926074562397,2.329452877758322,15.3363609879001,0.06593447360182507,0.9899732597336699,iEEG atlas
280,GD018Lh_12,5.503121705129642,3.782580031910653,14974.161698996197,0.07613649292066825,0.9899079362426834,iEEG atlas
281,GD018Lh_13,5.787228077562013,4.156165481031758,49309.405085972205,0.13951697560343976,0.9771230648184911,iEEG atlas
282,GD018Lb_01,4.837512371051107,3.2089642784623305,772.572761905139,0.06773070653739531,0.9921225806011627,iEEG atlas
283,GD018Lb_02,4.616471103413046,3.0986516872943253,491.38857535454497,0.06892073290438143,0.9923790873565761,iEEG atlas
284,GD018Lq_01,4.382955445900392,3.111774497393358,1903.2736149975906,0.10606245319506481,0.9707047321303798,iEEG atlas
285,GD018Lq_03,4.390688893720025,3.4629564154500105,5522.985080475846,0.14646353778918492,0.9658890536759214,iEEG atlas
286,GD018Lq_04,5.111006657194885,3.9723141254478436,23389.773057259055,0.12323801366552416,0.9766103488527157,iEEG atlas
287,GD018Lq_05,4.15388514789841,3.366482157533189,2318.907266568138,0.1415520345355935,0.9693215480168165,iEEG atlas
288,GD018Lq_06,5.596042853826031,4.193410427354559,26206.427993574867,0.19951582257456502,0.9602884822108767,iEEG atlas
289,GD018Lo_01,4.164363564567485,3.00232957761758,877.6047853319675,0.09793255572247545,0.9807913893542234,iEEG atlas
290,GD018Lo_02,3.769638339255417,2.6565068124998255,270.37618908302875,0.09897609596836539,0.9694678757816779,iEEG atlas
291,GD018Lo_03,4.499378650416043,2.9945942201750357,1196.721965530755,0.10680685970744642,0.9713739037648017,iEEG atlas
292,GD018Lo_04,5.3511520960194146,3.5840161069772027,8499.065866451612,0.11073105846296089,0.9790632165106927,iEEG atlas
293,GD018Lo_05,6.4711901178688365,4.35380803251656,116495.49328472688,0.14150778106140888,0.9743609360917934,iEEG atlas
294,GD018Lx_01,2.77559178175875,2.6320463226858903,72.18233776235186,0.1566212908161623,0.960788597692593,iEEG atlas
295,GD018Lx_02,3.8262881461551683,3.102776297627783,1134.7807862665545,0.11938631100867493,0.9805014881435828,iEEG atlas
296,GD018Lx_03,4.471440587576343,3.4094712544140355,3696.0743244308774,0.11067867213270835,0.9813487507711397,iEEG atlas
297,GD018Lx_04,4.720745780527124,3.3930196688676046,3596.9226255701296,0.09310763860192005,0.9845086122634803,iEEG atlas
298,GD018Lx_05,4.420892758991566,3.187313751734467,2248.6152041840537,0.09161330512198045,0.9850170585444876,iEEG atlas
299,GD018Lt_01,3.960714956132345,2.86372771013357,42.79678668006667,0.0718831560326689,0.9916643905189749,iEEG atlas
300,GD018Lt_02,4.307096051663487,3.1428952138996995,261.93238223105317,0.09257766232336202,0.9890936691777568,iEEG atlas
301,GD018Lt_03,4.401438012692397,3.3043897474994828,1062.0250546207315,0.108138570368987,0.981265725670788,iEEG atlas
302,GD018Lt_04,4.0547242327232915,2.9449658942802937,83.7040475777527,0.09786474902510314,0.985327485666162,iEEG atlas
303,GD018Lt_05,3.8355287602666923,2.9632092696236434,119.23686008979612,0.1065967557874035,0.9803231267386606,iEEG atlas
304,GD018Lt_06,3.233328090109476,2.799527276767636,51.18857932230178,0.10819553964427082,0.9845814497879304,iEEG atlas
305,GD018Lc_01,5.917587797005715,3.503860014097676,2735.3895224985363,0.09735601706846125,0.984127259935671,iEEG atlas
306,GD018Lc_02,5.438810987024455,3.0913129810296214,1168.5656694031456,0.06843926542329357,0.9906534348358162,iEEG atlas
307,GD019Lj_1,6.2522008770476445,3.8399041729506984,405312.439209416,0.0783436413417228,0.980009593718059,iEEG atlas
308,GD019Lj_2,5.5116150892830476,3.4291450442283913,46106.21050510447,0.06300693032802318,0.9886622526567175,iEEG atlas
309,GD019Lj_3,5.148380645660212,3.246166599127084,13443.67149967639,0.06533798736606168,0.9875084029475201,iEEG atlas
310,GD019Lx_13,4.001632526831872,2.5967905552073773,309.51180330722616,0.07859593529456796,0.9774349282189184,iEEG atlas
311,GD019Lx_14,3.8959567293142694,2.534230731258132,433.96402920128014,0.07810574959064157,0.9705490210865042,iEEG atlas
312,GD019Lf_1,5.074892947151101,3.5581497189291182,17430.83915427741,0.10044550239640745,0.9745478821909624,iEEG atlas
313,GD019Lf_5,3.6957853143101995,2.480792704105649,209.00572555937003,0.07208007903235893,0.9828359702773538,iEEG atlas
314,GD019Lf_8,4.721716530882162,2.9353880074081538,1167.093042069748,0.09478782718947751,0.9796066300696538,iEEG atlas
315,GD019Lf_9,4.390000622002577,2.7219460138225733,325.6368112190846,0.11987577815264001,0.9653971497564904,iEEG atlas
316,GD019Lf_10,5.722526496745765,3.4948415379880027,36879.323264412065,0.07218271477822419,0.9833001944070642,iEEG atlas
317,GD019Lf_11,6.085999106641019,3.7694584812204535,70198.07487881806,0.06739085453930974,0.9895380410301033,iEEG atlas
318,GD019Lg_1,2.971861082049867,2.5436794143192496,344.1828140511707,0.0709109485912896,0.9858047718033182,iEEG atlas
319,GD019Lg_2,2.689165422858298,2.4778383186294546,154.98282272351554,0.06875875356950467,0.988780691058871,iEEG atlas
320,GD019Lg_9,4.378837487881151,2.896308548355887,2085.492378936264,0.07914177537428173,0.9791081853218638,iEEG atlas
321,GD019Lg_10,3.816805803304375,2.5500388150991697,201.3338904440618,0.08482981108716381,0.9804363825087453,iEEG atlas
322,GD019Lg_11,3.217123475242786,2.273017736438456,58.184236156376535,0.08884834431607448,0.979028834264444,iEEG atlas
323,GD019Lg_12,4.81539819380271,3.4113942690507715,14973.95588001183,0.0924956199676342,0.9788930140007367,iEEG atlas
324,GD019Lg_13,5.229438657144952,3.592532727703414,24746.29246524026,0.09049215720805799,0.9839515421702251,iEEG atlas
325,GD019Lg_14,7.240793615543314,4.629492394637776,455994.6068161113,0.15450193919672864,0.9691352437692108,iEEG atlas
326,GD019Lq_5,5.231766864159584,3.5777851304244264,7480.719997393244,0.08124155475078196,0.9884943771016039,iEEG atlas
327,GD019Lq_6,5.353841608356619,3.425356879309826,6520.79246250069,0.07464092708730187,0.989234482993526,iEEG atlas
328,GD019Lq_7,5.231327504710459,3.3151525757317564,4951.922010978982,0.07523695887593505,0.9869809216718117,iEEG atlas
329,GD019Lq_8,5.822415298766776,3.819997269218785,38297.74045060998,0.11070464968009265,0.9756659984897209,iEEG atlas
330,GD019Lm_4,5.7443717829955485,3.752783110939263,29075.135148472258,0.0816105434787972,0.9888619848283542,iEEG atlas
331,GD019Lm_5,4.924041598104412,3.1008545680020285,3317.205263913018,0.07192221814187026,0.9870288664760967,iEEG atlas
332,GD019Lm_6,6.165264307460684,3.9016731413300203,46015.02400582699,0.06403397284429423,0.9937680019319446,iEEG atlas
333,GD019Lm_7,5.043730799135815,3.2559942022856214,5925.555120269803,0.08387423309281751,0.9835487190087027,iEEG atlas
334,GD019Lm_8,4.537001475860721,2.90940884093384,2980.6313006127625,0.0767772569547722,0.9796057568957705,iEEG atlas
335,GD019Lm_9,5.562989197155731,3.39779719017563,17441.191073840626,0.06852315094100517,0.9870575034537452,iEEG atlas
336,GD019Lm_10,5.268122904199997,3.3931127377215864,12321.935989321591,0.0656260092336243,0.9891425631170289,iEEG atlas
337,GD019Lm_11,5.9439220235339,3.762264774363183,54672.17768535156,0.07267722159237029,0.9868964828317914,iEEG atlas
338,GD019Lm_12,7.236939286340494,4.448227873919619,898215.3234832879,0.08688391696433605,0.9850656893820358,iEEG atlas
339,GD019Ln_8,7.3931039801851925,4.454390574613912,198796.47717061022,0.08149029882044129,0.9913411245573429,iEEG atlas
340,GD019Ln_9,8.62255258029606,5.287379509801615,10690862.25403194,0.07912693712518343,0.9920253446952002,iEEG atlas
341,GD019Lb_1,6.329577885677864,4.057124392969812,452771.41483583,0.08547792686564369,0.9838476800651959,iEEG atlas
342,GD019Lb_2,5.539506272683335,3.902483212296368,152412.6839050489,0.08091651907266866,0.9887230105863982,iEEG atlas
343,GD019Lb_7,8.549783161853384,5.033158625573409,5460002.335856113,0.10066072560363316,0.9863568548132078,iEEG atlas
344,GD020Rp12,6.214326780190251,3.911860276701966,72495.2936566812,0.11011103285621145,0.9684967684218778,iEEG atlas
345,GD020Rp13,7.691745348957526,4.755633869368227,693332.9244914337,0.17023952283649102,0.9602204821958426,iEEG atlas
346,GD020Rp14,4.516031509145224,3.2389148164336317,3916.126693636793,0.10467284089550846,0.9666351814460274,iEEG atlas
347,GD020Rg9,5.687650473615187,3.9619810233131347,108743.35002672503,0.09899367813556294,0.980198306120967,iEEG atlas
348,GD020Rg10,4.871851389904953,3.41841034967644,23686.41653221757,0.08971475317603407,0.9715510372024653,iEEG atlas
349,GD020Rg11,4.673316585902536,3.0284860264427516,2313.077495487562,0.09001478778477133,0.9736211372893053,iEEG atlas
350,GD020Re1,3.7641783209073068,2.4068051610968615,21.702053531050545,0.07479397705044642,0.987942597374533,iEEG atlas
351,GD020Re2,3.37459897278764,2.300873722946377,42.141396953558676,0.11706659600706681,0.9617502407025975,iEEG atlas
352,GD020Re5,5.355446369033808,3.4103049086027695,5074.277365063034,0.0925922552683302,0.9734515870940267,iEEG atlas
353,GD020Rf1,3.792706760890031,2.386468079831154,82.04216703104278,0.07295411423369949,0.9852917365574503,iEEG atlas
354,GD020Rf2,2.2067260632454055,1.8836470323343406,12.143742830096905,0.06784535755139774,0.9811424416885973,iEEG atlas
355,GD020Rf3,2.7130365232873763,2.109800554774744,44.18925462503101,0.07310044778574414,0.9751040007724007,iEEG atlas
356,GD020Rf4,3.412736217509476,2.282481542696885,102.341184084699,0.08287899954750699,0.9715064375156086,iEEG atlas
357,GD020Rf5,3.368632104317638,2.305774489674307,162.92702774709173,0.09089267708672302,0.9612861284773371,iEEG atlas
358,GD020Rf6,3.462187730718162,2.54855901930528,501.7602039535475,0.084976519531651,0.9663182660785379,iEEG atlas
359,GD020Rq2,2.816494318910623,2.3208129115112195,68.58583647878487,0.070877104916602,0.9851722869402818,iEEG atlas
360,GD020Rq3,3.8194698828705906,2.577220452473615,38.71670667995509,0.07948490022631481,0.9888502639688856,iEEG atlas
361,GD020Rq4,3.8111206923158925,2.464294089297568,83.03834449617315,0.05899284462998847,0.9920295993297249,iEEG atlas
362,GD020Rq5,3.6860792433171734,2.438085588948629,224.96042288380772,0.09093842976949147,0.9722251584408368,iEEG atlas
363,GD020Rq6,5.143957566801718,3.323765461115928,10044.103096493118,0.08711471113593378,0.9763735443860002,iEEG atlas
364,GD020Rq7,4.622631978245958,3.0108386642142184,2631.4557117262784,0.08593601976664587,0.9738891924394746,iEEG atlas
365,GD020Rm1,5.771932900706164,3.5685171162873797,52239.735213177846,0.06633991185742824,0.9883663746015735,iEEG atlas
366,GD020Rm6,5.623397484300161,3.8015675612271034,31903.433250830338,0.07371918493115447,0.9872259848608123,iEEG atlas
367,GD020Rm7,5.0227729658354665,3.45703776773697,12229.753319798354,0.08291609751093683,0.9810295344560868,iEEG atlas
368,GD020Rm8,4.574832946822721,3.245637599026947,7911.9845724265015,0.06651687277374446,0.9830680986764554,iEEG atlas
369,GD020Rm9,4.2006270724712005,3.0601523559925083,9078.333996054522,0.08941268856258681,0.962201469266225,iEEG atlas
370,GD020Rh1,4.060085835792249,2.876856470617577,2539.5821672551574,0.07955114278019489,0.9719765003031139,iEEG atlas
371,GD020Rh11,7.612325731517479,4.706141301771653,3382172.9011266083,0.14262886062553454,0.9597782237520979,iEEG atlas
372,GD020Rh12,6.614251877088478,4.1415496045504465,419984.8508082991,0.09256355439519492,0.9766100983640779,iEEG atlas
373,GD020Rh13,7.9020422403399175,4.883723112070428,6101785.3051178865,0.1368299932411271,0.9619998166399264,iEEG atlas
374,GD020Rr1,3.8264293574437764,2.6474640789821193,332.99401846553917,0.0784872869718402,0.9792763898969584,iEEG atlas
375,GD020Rr2,4.39151069932972,3.106656432022693,1655.9270889438499,0.0726174000201687,0.9877303171341372,iEEG atlas
376,GD020Rr3,3.762602742063074,2.84673373458779,1453.600602431371,0.07607972848200985,0.9783640625585095,iEEG atlas
377,GD020Rr6,3.765634079318955,2.3831407409107412,372.7359474109659,0.11443182983202654,0.9493609072725121,iEEG atlas
378,GD020Rr7,2.3399028227923013,1.721558873310848,6.749856135647694,0.1006528763951315,0.9623333081766933,iEEG atlas
379,GD020Rv13,6.600659964952452,4.589958913046073,664497.8470106188,0.09037679604946108,0.9856867458200341,iEEG atlas
380,GD020Rv14,5.990090668555775,4.117601883315288,106336.00796381738,0.09009740407070473,0.9846882442894456,iEEG atlas
381,GD021Lq_01,4.463393758142435,3.0467662858003686,748.9684679260569,0.06533765994488412,0.9912672875306429,iEEG atlas
382,GD021Lq_02,5.076642849126542,3.661115642793081,2877.5069460867794,0.11682649848581596,0.9843600232034198,iEEG atlas
383,GD021Lq_03,4.912824920834146,3.699919733440253,4262.822768636247,0.13702885123155714,0.9783479156721562,iEEG atlas
384,GD022Rg11,5.405905687017951,3.88587568226677,81875.40237771477,0.0774121815694672,0.9862794733670462,iEEG atlas
385,GD022Rg12,5.598026527918218,3.8460023751643413,84233.2073487285,0.0679108358516992,0.9880272208762001,iEEG atlas
386,GD022Rg13,6.437738509933918,4.172964623182603,325223.05412203656,0.07737441485950071,0.9868456383658618,iEEG atlas
387,GD022Lf_9,6.737151627314702,4.272587417946369,224922.4263315139,0.07940402573352724,0.9876402469319161,iEEG atlas
388,GD022Lz_13,4.393885526483868,3.05867219096572,1097.7143157206435,0.07902249378643651,0.98491671569885,iEEG atlas
389,GD022Lz_14,4.679389939610144,2.9625430138592987,957.0335312662623,0.0978948514932107,0.9802391425804493,iEEG atlas
390,GD023Rh12,7.516723835946854,4.455129999780435,112743.72240466237,0.10679762209136875,0.9852821317021981,iEEG atlas
391,GD023Rh13,8.530101623592465,5.089651176509279,1189122.6873582664,0.08301929210309675,0.9928007335626471,iEEG atlas
392,GD023Rg12,7.487387460013401,4.776136174714411,684369.9415340795,0.09696554085324563,0.9887566177312243,iEEG atlas
393,GD023Rg13,9.65373222035362,5.93065188552943,14305486.456535133,0.14986647059482472,0.9833337769464466,iEEG atlas
394,GD023Rf9,7.280756444899706,4.735617354461711,163874.75905429176,0.13254072556479435,0.9855602549903746,iEEG atlas
395,GD023Rz12,7.843977171593958,5.1426445490689,1256106.246217606,0.0716116337490326,0.9943198516065231,iEEG atlas
396,GD023Rz16,8.630152198964428,4.9740771697862645,2738824.7412624015,0.06949765182515166,0.9935264327823397,iEEG atlas
397,GD024Lt_4,6.350916213774834,3.9962980699337853,19070.65412237332,0.11348888405292855,0.9842828186530286,iEEG atlas
398,GD024Lu_3,3.9217282529774464,2.708024621223086,169.97481604492054,0.08112732477818936,0.9854846804066498,iEEG atlas
399,GD024Lu_4,3.3557566683139184,2.7760106906626665,423.5595819814681,0.09154371783257444,0.9814265172597725,iEEG atlas
400,GD024Lu_5,3.627106140056432,3.0459804509401365,1488.9906058803156,0.08449145058020814,0.9846527878176733,iEEG atlas
401,GD024Lu_6,3.434088000911962,2.9737638329222693,1189.4769916841735,0.08244350597941816,0.9797548567417922,iEEG atlas
402,GD024Lu_7,5.414510434088463,3.9727748679127566,22655.13868323964,0.0661569789012512,0.9938390862850973,iEEG atlas
403,GD025Lv_1,2.3552036464114,1.5189557524480488,1.3664004524491598,0.051844010012804725,0.9874053961272168,iEEG atlas
404,GD025Lv_2,4.044630473824595,2.3465295748775064,250.7624294262441,0.07061903554482271,0.9820530096733799,iEEG atlas
405,GD025Lv_3,2.077725863089425,1.46475045223788,5.060105308422775,0.08166662856849648,0.9640235917809892,iEEG atlas
406,GD025Lo_1,2.901842793329361,1.9438298988224874,22.672664865600296,0.08971682665894781,0.9711515230686509,iEEG atlas
407,GD025Lo_2,2.3886554423469546,1.675336865339416,2.5034921358768925,0.10369617967145221,0.9614680928042665,iEEG atlas
408,GD025Lo_3,2.8631145441194032,2.280604058458608,55.35834572354544,0.0862549163739984,0.9767438591743915,iEEG atlas
409,GD025Lo_6,5.582682473094848,3.542259418406203,12147.286158619894,0.08660381670222024,0.9768828809916245,iEEG atlas
410,GD025Lo_7,6.2172432573809235,3.721855887803175,63498.79852490728,0.10629590480739692,0.9643697902365087,iEEG atlas
411,GD025Lo_8,6.259948493731394,3.6726150261673065,67634.2873518912,0.11248380305777665,0.9561331763149855,iEEG atlas
412,GD025Lp_2,4.853721868577513,3.307583836682236,7172.985604903422,0.08593696845836436,0.9797371376578905,iEEG atlas
413,GD025Lp_3,5.584337273796637,3.652998406936967,29246.40221237843,0.10319320673624205,0.9728899540944933,iEEG atlas
414,GD025Lp_4,6.144771714069934,4.083960729244088,59134.315713621065,0.12857856221790037,0.9743560554747582,iEEG atlas
415,GD025Ld_1,6.90106709710308,4.4495693035396275,222566.59770553626,0.08675088677982462,0.9913740035277666,iEEG atlas
416,GD025Ld_6,5.685172588699545,3.7972683606242303,17130.019946204357,0.10503482215324575,0.984478747189819,iEEG atlas
417,GD025Ld_7,3.9438299168545212,3.2089085346386366,3084.743345792048,0.09351307046427346,0.9751815111658327,iEEG atlas
418,GD025Ld_8,5.412869449252306,3.88428277142245,15229.085624426261,0.08278237279585003,0.9872489035791714,iEEG atlas
419,GD025Ls_1,3.2756243503712477,2.8994929567683334,1939.2899125539604,0.078881429751224,0.9785839590883311,iEEG atlas
420,GD025Ls_2,3.952912249592903,3.1388721286050045,3580.7360538778134,0.07926118945212023,0.9822450063400204,iEEG atlas
421,GD025Ls_3,3.8338417661401296,2.738268549789007,671.7342889343806,0.08081606286908913,0.9772522970724385,iEEG atlas
422,GD025Ls_4,3.699689673064521,2.3298167246383734,49.03259093897224,0.08383773381737525,0.9786610903936837,iEEG atlas
423,GD025Ls_5,5.3196158198650645,3.2654388530725025,2771.285303650178,0.10399785618046316,0.9766218156863975,iEEG atlas
424,GD025Ls_6,5.2922283155130945,3.624535923251654,14533.067644175426,0.09435794386193748,0.97848834245052,iEEG atlas
425,GD026Lr_6,3.340082835123672,2.4380990569176433,283.37660752213293,0.08310981706949301,0.9783529288211152,iEEG atlas
426,GD026Lr_7,4.620687966833531,2.939398759743492,1665.3413138242609,0.07914468510485764,0.9806353127670403,iEEG atlas
427,GD026Lr_8,4.939021201971216,3.0057501412886407,1323.1332710751738,0.1285975484724326,0.9602899874503042,iEEG atlas
428,GD026Lr_9,4.496759046840511,2.9923742625426266,1238.5504028334456,0.08893369490002538,0.9803496061196783,iEEG atlas
429,GD026Ls_2,2.3184577946173244,2.1596302632571764,22.31214664209288,0.060815413228705935,0.9892988797165019,iEEG atlas
430,GD026Ls_6,2.8140069244842625,2.047760411334374,7.776062418588018,0.06433478252271956,0.985582511319107,iEEG atlas
431,GD026Ls_7,3.3144553983792413,2.33026389674139,16.16175653944633,0.053694014313914545,0.9935156398142222,iEEG atlas
432,GD026Ls_8,3.4652383175675046,2.322605608954545,39.73003360998044,0.07782284207198413,0.9820298409194472,iEEG atlas
433,GD026Ls_9,4.1375357343916,2.8403680911276052,653.440607191362,0.09063337160913312,0.9799528560461379,iEEG atlas
434,GD026Li_1,3.697244587407235,2.5758735829816786,103.49803113204902,0.04940306111766596,0.9938610652032914,iEEG atlas
435,GD026Li_2,4.820924777637285,3.1160745836099535,4420.68720309753,0.08105223552381163,0.9850319563931137,iEEG atlas
436,GD026Li_8,2.602573097160443,1.0238545000894186,5.448230493977498,0.09951508449099875,0.8584189107822197,iEEG atlas
437,GD026Li_9,9.945957311221141,5.663949782969205,462468072.68562394,0.06440855262056645,0.9905780003855081,iEEG atlas
438,GD026Li_10,8.453653573694119,4.830580830281473,17147357.345236193,0.07388048106160656,0.9855733468419813,iEEG atlas
439,GD026Li_11,5.535580230328756,3.1112057650960043,15245.441659295913,0.0780550103670816,0.9789172109954856,iEEG atlas
440,GD026Li_12,4.431324963228986,2.54950688481546,561.234416343382,0.08333626857063103,0.9760931522452303,iEEG atlas
441,GD026Li_13,4.056109067086719,2.4915729651945724,462.5143724343695,0.070127491886959,0.9827479788377554,iEEG atlas
442,GD026Li_14,6.46934365349076,3.7346944510925026,4381.704402212149,0.12780277258153797,0.9795981069618382,iEEG atlas
443,GD026Lm_1,8.44291400434928,4.680944727650854,24354007.932041187,0.07595502229730373,0.9807566790885807,iEEG atlas
444,GD026Lm_2,1.6317494884719825,0.48864968604735576,-0.45197680274172103,0.060304366416538656,0.9038552399328542,iEEG atlas
445,GD026Lm_3,1.7329401536278648,0.5342923925707904,-0.262117008880878,0.06848540422930594,0.8797903780547517,iEEG atlas
446,GD026Lm_6,4.547886183757418,2.5827510298817487,436.1456613083711,0.06478016191014456,0.9902508391206911,iEEG atlas
447,GD026Lm_7,4.552239992759573,2.5563809004670888,462.840916733508,0.07643185121022433,0.983225163546257,iEEG atlas
448,GD026Lm_8,6.225685097963481,3.5816350761373053,17844.76399497934,0.09008842331960178,0.9869599545542779,iEEG atlas
449,GD026Lm_9,7.396444352173093,4.472996716332123,425839.32125753333,0.06206182043356808,0.9940772491602926,iEEG atlas
450,GD026Lm_10,7.839249869573213,4.861773309315228,2341299.9714561044,0.06562798446706215,0.9935065397703119,iEEG atlas
451,GD026Lm_11,4.734903360513932,3.0436925682973484,765.8502738099924,0.10365071928483897,0.9812126632912728,iEEG atlas
452,GD026Ln_1,3.576014928711714,2.109759294087551,166.07942853203977,0.048009227800766746,0.9893435146014484,iEEG atlas
453,GD026Ln_2,4.354152408325648,2.76952548142765,2503.2869974223586,0.09503823256660594,0.965780004018597,iEEG atlas
454,GD026Ln_3,3.33806030582605,2.4388909239201704,555.4768180283426,0.10504199081549172,0.960783707019107,iEEG atlas
455,GD026Ln_8,5.261495113588415,3.127282435973499,3217.0643506668316,0.08037169237259115,0.9844281739763365,iEEG atlas
456,GD026Ln_9,4.877862737040573,3.1977239093814314,4453.394436463545,0.06889429080672549,0.986105825708871,iEEG atlas
457,GD026Ln_10,5.602490724727811,3.611777693594623,22959.905021232425,0.08091791307597927,0.9855060276171973,iEEG atlas
458,GD026Ln_11,5.210575891639853,3.2044533122336776,2970.9911342935557,0.10250356407003984,0.9694187296914458,iEEG atlas
459,GD026Ln_12,6.458924261042765,3.7788292133913495,16789.13730512532,0.09342493527896188,0.9830676632994921,iEEG atlas
460,GD026Lj_1,3.7154688200449915,2.298939237441444,155.7667711034962,0.0659686026702953,0.9819537636925685,iEEG atlas
461,GD026Lj_2,4.65427407225808,2.644260695413387,415.7592976492837,0.11838697376528787,0.9619427549391182,iEEG atlas
462,GD026Lj_3,4.62955355987254,2.7129445712849116,473.6558237398729,0.11978009539629272,0.9599684080684455,iEEG atlas
463,GD026Lj_9,5.725718419702769,3.252878855887065,2290.262334099916,0.07473951399594388,0.9859886203428146,iEEG atlas
464,GD026Lj_10,4.424997682841549,2.5835104492180605,1050.0340228103605,0.07194625529635626,0.9747421134092018,iEEG atlas
465,GD026Lj_11,6.047422144055046,3.4277135698368033,7249.071972516356,0.10586754154415669,0.9770642491844898,iEEG atlas
466,GD026Lj_12,5.337508220206088,3.412283053459632,10980.974198530597,0.10573328695040642,0.972572228270049,iEEG atlas
467,GD026Lj_13,5.1413749732040745,3.225733296165804,7536.551145334478,0.08919464563227905,0.9730085061313883,iEEG atlas
468,GD026Lj_14,5.492233809376432,3.3678076257462366,9982.423423820494,0.11208782928703648,0.9571162664653238,iEEG atlas
469,GD027Ra3,4.453821594442036,3.2118374013939164,1407.2441180056298,0.0768847410421593,0.9902570446672438,iEEG atlas
470,GD027Ra4,4.603536266335598,3.0876171097334604,702.7422793362058,0.1088592692394437,0.9767773327563652,iEEG atlas
471,GD028Ra1,7.1357141983008665,4.54713877108765,3081788.6958159017,0.05986695216791492,0.9931727174353742,iEEG atlas
472,GD028Ra2,8.65184632661757,5.131566475153859,22490156.458527226,0.10461573402442093,0.982704666419136,iEEG atlas
473,GD029Rv1,12.263614273864365,6.877773128748953,34555369267.19675,0.1312383638197723,0.9665165896427769,iEEG atlas
474,GD029Rv12,7.002296730087581,5.178842992479852,3075568.4642339987,0.08786038081625457,0.9918852683874587,iEEG atlas
475,GD029Rv13,6.514657342942278,4.702361463628348,538043.82430156,0.08825008835300129,0.9901227057890243,iEEG atlas
476,GD029Rs1,5.097708438279065,3.372544433397092,5652.348521173076,0.07227940710052425,0.9872959118743233,iEEG atlas
477,GD029Rs2,6.3825924003585905,4.234936964134117,121957.136489115,0.07537634676562673,0.9920092579789132,iEEG atlas
478,GD029Rs3,6.371996016778247,4.325538299801511,292654.5633855625,0.07535414874972753,0.9902354587063837,iEEG atlas
479,GD029Rs4,6.374174211735518,4.363336634403439,304777.7186637321,0.07532914943562431,0.9913049098982746,iEEG atlas
480,GD029Rs5,6.515100445350446,4.582609418115338,587992.0536053568,0.07833462245543395,0.9916722250047214,iEEG atlas
481,GD029Rs6,7.460927372705986,5.199906695596256,3357641.5514707565,0.09736149353485313,0.9904108535671879,iEEG atlas
482,GD029Rs7,7.358769787424317,4.954303215595403,1961213.8851338034,0.09092442893656953,0.990329199020344,iEEG atlas
483,GD029Rs8,7.46840487886941,4.776650379642567,957292.7759331887,0.08466350875915406,0.9903600751830648,iEEG atlas
484,GD029Rd3,5.191198064507011,3.7086690634801887,36197.98085757099,0.07464902497790765,0.9873256863206803,iEEG atlas
485,GD029Rd4,5.514839240640759,3.7071609823098974,32402.9429627855,0.052757915620995376,0.9945400846313343,iEEG atlas
486,GD029Rd5,5.411832845187318,3.6898799184553663,25269.332089278167,0.05937167676825014,0.9927100968853978,iEEG atlas
487,GD029Rd6,5.515940322829503,3.878657313946575,44583.43343221964,0.0668357369290605,0.9908769046250043,iEEG atlas
488,GD029Rd7,5.816828853758795,4.250120847332879,134585.38634010663,0.06425817905670955,0.9926510520210343,iEEG atlas
489,GD029Rd8,5.698049369531863,4.26742970718783,150195.26890660988,0.0738688774036088,0.9898708799713549,iEEG atlas
490,GD029Rd9,5.348059296130478,3.821100562847461,33437.68178816642,0.07429252799743939,0.9896302436802017,iEEG atlas
491,GD029Rd10,5.429399041404191,3.652523699937672,6042.33908010511,0.08268228438427291,0.9904584371316737,iEEG atlas
492,GD029Rh1,5.462282989374066,3.7169999225473735,25998.195721069846,0.07300205747002265,0.9894485574465639,iEEG atlas
493,GD029Rh9,8.991919525762693,5.4123354081265145,8161812.67310876,0.0983138965091063,0.9894001195095786,iEEG atlas
494,GD029Rh10,8.065310117169078,4.822020070707416,4186213.4262514436,0.08959606310514681,0.9851432194834888,iEEG atlas
495,GD029Rh11,7.0825887616394,4.271016037045086,750282.1490946491,0.0657884156962703,0.9880339145440942,iEEG atlas
496,GD029Rh12,8.123165750088805,4.858999963567194,6280288.316872381,0.060185639871458835,0.9924578482613593,iEEG atlas
497,GD029Rh13,7.171552895682082,4.373785926934081,630483.0447942311,0.0784216719976471,0.9879965686257047,iEEG atlas
498,GD029Ri1,8.493919962692653,5.322118033175362,45661267.26398324,0.09317362418517475,0.9816791716723215,iEEG atlas
499,GD029Ri12,8.20240772867386,4.928909891430237,3723681.354680821,0.08364245510568871,0.990123347009948,iEEG atlas
500,GD029Ri13,7.3825859716379725,4.537533196224332,186155.90667234556,0.06145427467547627,0.9957391868597503,iEEG atlas
501,GD029Rm1,8.30254687730089,4.8604214949608044,10087693.607182264,0.07759834744291894,0.9846463083974566,iEEG atlas
502,GD029Rm5,9.922081391318923,5.793149970973182,109628091.66992953,0.10993784004672696,0.9831281697240947,iEEG atlas
503,GD029Rm6,7.272153026751525,4.436654882326308,1018477.8130683337,0.07573141637085738,0.9871651911594288,iEEG atlas
504,GD029Rn1,7.856730465585842,4.647920627887094,2093176.07669019,0.06646630590907916,0.991584204675374,iEEG atlas
505,GD029Rn6,10.497531288409416,6.254851114857167,1263317924.8860826,0.09773467620054946,0.9884508902916386,iEEG atlas
506,GD029Rn10,10.079278728356936,5.733998330982297,116770037.40917312,0.11073032685373586,0.9816251316786287,iEEG atlas
507,GD029Rn11,9.756423639596019,5.7128660434707665,107885315.51834527,0.09591495511930866,0.9873420913953462,iEEG atlas
508,GD029Lx_1,6.278501322300088,3.890887301124065,23422.837888875103,0.12041643914989798,0.9743800785116233,iEEG atlas
509,GD029Lx_2,7.432668954795792,4.531463814025396,945190.4270487045,0.09924893050967849,0.9834812093835845,iEEG atlas
510,GD029Lx_3,8.567570322336987,5.12717389047806,3979522.6301475526,0.10322103118025885,0.9883054939107022,iEEG atlas
511,GD029Lx_4,6.9869253706371826,4.352012035147164,350872.16803884006,0.10408256514168156,0.9829244107042557,iEEG atlas
512,GD029Lx_5,7.080664975541404,4.339047734072719,412167.9839650303,0.08795638539593997,0.9863670739198146,iEEG atlas
513,GD029Lx_6,6.249161287896143,3.8390892412332165,63941.4436377792,0.06471089115423262,0.9910221023402046,iEEG atlas
514,GD029Lq_1,7.117932726186978,4.396941526901703,259218.34134469475,0.08748861467308108,0.9885327833835847,iEEG atlas
515,GD029Lq_5,10.256495205076321,6.120743374390859,244605211.6844219,0.10966620683533095,0.9876897412028234,iEEG atlas
516,GD029Lq_6,7.896638964309153,4.875052384780043,4560530.359315483,0.08987026692250519,0.987586103211298,iEEG atlas
517,GD029Lq_7,8.023790198065738,5.01417011485842,8008609.519807166,0.08546888970071577,0.9870002349076787,iEEG atlas
518,GD029Lr_1,6.665124656626386,5.051036353738007,4668788.694236466,0.1346490145548078,0.9805957602252579,iEEG atlas
519,GD029Lr_4,9.416507201135474,5.732011652395034,38910745.8615388,0.09158108304850657,0.9922047226128412,iEEG atlas
520,GD029Lr_5,7.449417548718076,4.555544851257894,846806.5709110477,0.09675724443952076,0.983421259562754,iEEG atlas
521,GD029Lr_6,7.00962490315269,4.276378166684028,291214.71898614196,0.08330202242722239,0.9886776579551386,iEEG atlas
522,GD029Ly_1,4.0745837212106215,2.988704641121703,83.70407397854078,0.08525601322876097,0.9885706989823486,iEEG atlas
523,GD029Ly_2,4.030430258474756,2.985623513583729,604.9571185350696,0.07180131273285652,0.9890227526453047,iEEG atlas
524,GD029Ly_3,3.8151190131300354,2.789496025186071,612.8384330670843,0.0719670216353397,0.9839275012112898,iEEG atlas
525,GD029Ly_4,4.1597964417915385,2.8849290916792585,650.8552722552631,0.07357082239145875,0.9871037682838423,iEEG atlas
526,GD029Ly_5,4.197086258948452,2.80516728153481,362.6265966024537,0.06285563911106476,0.9903826800190983,iEEG atlas
527,GD029Ly_6,4.5544343629496264,3.0022385687142497,1445.0339348120272,0.06859577492065976,0.9874526319296199,iEEG atlas
528,GD029Ly_10,4.622164712590708,3.038180872708752,1699.269572548261,0.09105512619760718,0.980862842651909,iEEG atlas
529,GD029Lu_4,7.849788602030754,4.9304506706555085,1001681.1708968173,0.06799869163889678,0.9942493696141352,iEEG atlas
530,GD029Lu_5,7.348257375970173,4.7585285934551,936378.4516189506,0.07203060253127172,0.9925433829909479,iEEG atlas
531,GD029Lu_6,6.582187978215158,4.337763439828734,173135.47876394587,0.07455339514992973,0.9908058924002577,iEEG atlas
532,GD030Rv1,4.980111245132727,3.1146589514145298,4122.4619833337865,0.06743781557009873,0.9832116838010779,iEEG atlas
533,GD030Rv2,5.0207579828202915,3.265306419056936,6843.026492544422,0.0746778395817596,0.9786169304902697,iEEG atlas
534,GD030Rv3,5.159641976594784,3.555399864035604,14429.55399873979,0.06553479147412454,0.9885166527012531,iEEG atlas
535,GD030Rv12,5.037780456017132,3.1109112895668165,3744.2642164725034,0.06870652824730564,0.9856579507081551,iEEG atlas
536,GD030Rv13,4.5569586570646194,2.7976286696661226,883.7874133091984,0.06435016916007126,0.9852562208368965,iEEG atlas
537,GD030Rv14,3.96216031834046,2.655182967959362,705.9390610851661,0.0694941839124314,0.9805991727631826,iEEG atlas
538,GD030Rv15,5.185716374639033,3.704418014452963,16715.978480954785,0.07590941177589211,0.9873639579892636,iEEG atlas
539,GD030Rv16,4.9801218431898455,3.626361951546037,11954.837302991013,0.057956727636600265,0.9926825780380913,iEEG atlas
540,GD030Re4,3.8975593297385682,2.668464456524489,355.01126960488125,0.08084367218359181,0.9815461074634604,iEEG atlas
541,GD030Re7,4.784478293312328,3.210506570350688,6843.2478499391655,0.08737270178759896,0.9759117339686154,iEEG atlas
542,GD030Re10,4.448490830809275,3.2980968315952723,3923.06412075103,0.08997712892737965,0.9859407119752185,iEEG atlas
543,GD030Rf1,6.602267705760802,3.9395283837386983,64229.33086602779,0.080794906119334,0.9905819522218865,iEEG atlas
544,GD030Rf2,6.778692971530536,3.9332091372748703,16240.349287095334,0.07335095002121457,0.9927198574455308,iEEG atlas
545,GD030Rf8,5.816049835191243,3.8912856062656545,40447.02658887477,0.07972308462293395,0.9898470517079779,iEEG atlas
546,GD030Rf9,5.306473357791346,3.58049655731543,12924.14351434807,0.08162888009632208,0.9883441448171977,iEEG atlas
547,GD030Rf10,5.916331052494027,3.889369436638014,41252.49590468194,0.0838544346447797,0.9885341769776895,iEEG atlas
548,GD030Rf11,6.982200301421041,4.537671034682423,140700.04729271802,0.08933309488536194,0.9907094857729971,iEEG atlas
549,GD030Rd7,5.020761697932282,3.316393474503075,9488.507198237061,0.06359125112833962,0.9907325635394526,iEEG atlas
550,GD030Rd8,6.876384507401286,4.240196639726134,97863.7494392432,0.060204799330706486,0.9951801615352583,iEEG atlas
551,GD030Rt4,5.752193090715436,3.8238965725111527,65278.85344376782,0.09172222543102956,0.983910256169798,iEEG atlas
552,GD030Rt5,7.177679478316371,4.52415840376926,268667.70342251565,0.09687759751351092,0.9884623966048259,iEEG atlas
553,GD030Rt6,6.22574326309168,3.9959137267265437,47477.782792114216,0.12664739950873194,0.9765838718361292,iEEG atlas
554,GD030Ru7,4.3918903624927905,2.7804284297341817,993.3094429715268,0.06293890458943772,0.9858160602062491,iEEG atlas
555,GD030Ru8,4.267260631676719,2.8538832874204876,1156.6315936301155,0.04628393402566594,0.9937254630557586,iEEG atlas
556,GD030Ru9,4.87409188623017,3.2539657787230363,3549.1114318993955,0.06566242921886516,0.9904105884084315,iEEG atlas
557,GD030Ry7,3.677869323618532,2.366474714953062,171.5101342562418,0.05873060702011212,0.9880814602320632,iEEG atlas
558,GD030Ry8,3.695217463006503,2.3602303716043083,96.92886287909977,0.06581575360961522,0.985140576213906,iEEG atlas
559,GD030Ry9,4.137544917915772,2.4869506413650764,338.9322689711884,0.05601338292227749,0.9888483140745156,iEEG atlas
560,GD030Ry10,3.023296448081181,2.0637154817560313,73.51478865338755,0.05988677849329262,0.9843190659710032,iEEG atlas
561,GD030Rx5,3.9483019973650384,2.655901206889385,434.8979685735062,0.06999460571506058,0.9839110269389837,iEEG atlas
562,GD030Rx6,2.8863893391740403,2.2717870968571403,121.53239875766386,0.06628609865204638,0.9816217910410198,iEEG atlas
563,GD030Rx12,4.619724847746068,2.8500754084568385,2426.0060821189995,0.08472111316878411,0.9619794849159654,iEEG atlas
564,GD030Ro1,4.198269543810378,2.830059096282047,939.4478727204537,0.09508573883586602,0.9654607257993518,iEEG atlas
565,GD030Ro2,3.085942239803351,2.4648945088642744,211.02470666421345,0.08808531358747253,0.9701777725022757,iEEG atlas
566,GD030Ro5,4.96741796209338,3.180120422448775,7504.985777177954,0.06581809372909982,0.9843266873566875,iEEG atlas
567,GD030Ro9,6.406335391419663,3.640159777828537,47781.13221516015,0.07256411235627257,0.9792082270159594,iEEG atlas
568,GD030Ro10,5.990037241522199,3.631781428181639,20450.04716645108,0.08352262870906539,0.9780629822282455,iEEG atlas
569,GD031Lv_1,2.7256677273303827,2.4429531681018695,22.146822284012757,0.06740539011924795,0.9840213132646172,iEEG atlas
570,GD031Lb_1,2.85213835655435,2.24749980750711,8.569528598798064,0.08505849203085643,0.983247594534443,iEEG atlas
571,GD031Lb_2,2.9605919854563894,1.8781893958996427,2.5574068240762573,0.08174737971790268,0.9803026732244329,iEEG atlas
572,GD031Lb_3,2.9383323831167005,1.8532319674884277,1.6671504474243988,0.04969201953878452,0.992343010150599,iEEG atlas
573,GD031Lb_4,2.9972174111329974,1.8005797107689379,1.2015879439004826,0.0671844913552328,0.9850806507763565,iEEG atlas
574,GD031Lq_1,4.993888021507362,3.2156201080546563,1053.5259727013604,0.061750216235249074,0.9907581770583949,iEEG atlas
575,GD032Ll_1,9.64769247882896,6.755022610601113,81455837.04485182,0.29040197619787683,0.9596956717321381,iEEG atlas
576,GD032Ld_3,10.726669779110079,7.180738451022012,1205920789.9221113,0.3851969110137171,0.9272050183879496,iEEG atlas
577,GD033Rb2,3.9258465602578148,2.267537259105455,10.301681795246282,0.07443123113737089,0.9858473258220491,iEEG atlas
578,GD033Rr1,4.932062369989006,3.0957662025893087,970.5462761549685,0.060699475365594203,0.9932354112990732,iEEG atlas
579,GD033Rr2,5.064243365352919,3.374019013816226,2486.2522777471077,0.07883499317651826,0.992001727521083,iEEG atlas
580,GD033Rr3,4.997576457984977,3.6727156394125355,6267.390987545525,0.08703233577332445,0.9893760328395497,iEEG atlas
581,GD033Rr4,4.895307227610221,3.758015466177518,7283.956228912466,0.09593420378925946,0.9881455202865553,iEEG atlas
582,GD033Rr5,5.961058494273263,4.408559095060412,117523.86610766915,0.13485893676779084,0.979310748051466,iEEG atlas
583,GD033Rr6,6.18887069834629,4.487660697797312,276169.357831814,0.13242764937743873,0.9769877227214422,iEEG atlas
584,GD033Rr7,5.703090335411008,3.9915206053051056,78210.55604485395,0.06413207309427807,0.9929787235992548,iEEG atlas
585,GD034Lx_1,3.333368366489429,2.853411349926085,163.82164866442005,0.09577534834262091,0.9804842058265347,iEEG atlas
586,GD034Lx_2,4.1771321453519645,2.9601051296167173,300.3897775497149,0.06662637809841529,0.9922415663098578,iEEG atlas
587,GD034Lx_3,4.559464092334632,2.965400078599852,840.185153176251,0.08268574623093408,0.9838466332558786,iEEG atlas
588,GD034Lx_4,4.965858171725002,3.236313964628178,3005.574520259714,0.08423570978703868,0.9840763272541887,iEEG atlas
589,GD034Lx_5,4.101458497095492,3.0625191120260564,2710.979663137122,0.07770839041002447,0.9815170302258405,iEEG atlas
590,GD034Lx_14,5.4594687782627735,3.2666574277685942,3209.9832597913623,0.06662616831338024,0.9889987792961388,iEEG atlas
591,GD034Lq_1,3.7367640174657972,3.074183572514833,3543.478046246631,0.09007563636312131,0.9783702550474183,iEEG atlas
592,GD034Lq_2,6.073311037221208,4.084380396474101,250429.18713473095,0.12619214725163966,0.9632772442708072,iEEG atlas
593,GD034Lq_3,5.430177421571441,3.886508762058486,141591.73629740337,0.08570691265704433,0.9800617524160768,iEEG atlas
594,GD034Lq_6,7.331111439047067,4.783564116024489,2168208.7437540866,0.10881957301773788,0.9822464620307002,iEEG atlas
595,GD034Lq_7,6.980355013481977,4.607500056796861,1391801.23627221,0.08430425320920253,0.9869738543670663,iEEG atlas
596,GD034Lq_8,8.210879317063295,5.260774266486985,6657943.330105288,0.11368613030457916,0.9853992217323486,iEEG atlas
597,GD034Lr_1,4.680595266909065,3.9121482522142283,40722.87716681549,0.12369786558643482,0.9753239314791051,iEEG atlas
598,GD034Lr_2,4.346828122900377,3.800528644870489,16952.18216314669,0.07186430422870309,0.9918175633382463,iEEG atlas
599,GD034Lr_3,5.475899855798829,4.282766523468595,134068.981150205,0.11524616988818825,0.9814826416983534,iEEG atlas
600,GD034Lr_4,5.772880251017555,4.038416068616262,62780.22785264697,0.10535865362664605,0.9815773961880082,iEEG atlas
601,GD034Lr_5,5.115097429445732,3.425750167874111,4765.369398243167,0.08695486999024817,0.9862194652607013,iEEG atlas
602,GD034Lr_6,5.846605670572531,3.8152414085963677,29753.85419980699,0.08494880647155321,0.988200817531997,iEEG atlas
603,GD034Lr_7,5.200356969147666,3.6533274115869276,14275.61854592086,0.0693274052918616,0.9908587708598092,iEEG atlas
604,GD034Lr_8,8.223157159753503,5.392411008705975,3676606.474832139,0.15051368071674148,0.9807132736937174,iEEG atlas
605,GD034Lu_1,4.575933491496359,3.2586500709823736,4528.808704445883,0.06829074580437346,0.9887820058145937,iEEG atlas
606,GD034Lu_2,5.316669113786483,3.885762050696158,26901.58005178336,0.07584869534557923,0.9909502630609517,iEEG atlas
607,GD034Lu_3,6.009310248668858,4.361745083794362,126712.59155046618,0.08709341171966621,0.9899440925083303,iEEG atlas
608,GD034Lu_4,6.15279404570807,4.269893513823975,77555.06575675367,0.08124384931125274,0.9904557874676163,iEEG atlas
609,GD034Lu_5,4.67247729460653,3.2249190849482683,2393.1201960080475,0.0786421628064244,0.9878170994951344,iEEG atlas
610,GD034Lu_6,5.510971071738645,3.689531220467043,13800.434565159192,0.0851309313117576,0.9863651844082295,iEEG atlas
611,GD035Ri5,4.374736987117714,2.978074560147443,2762.004968668831,0.09294843676710261,0.9676719256466142,iEEG atlas
612,GD035Lq_5,4.459429390810245,3.3704689963934915,7210.749795222762,0.08761005552690666,0.9829858343403142,iEEG atlas
613,GD035Lq_8,7.005696718651129,4.4422695400130205,1574071.3314905001,0.07880986962473971,0.9859865453542835,iEEG atlas
614,GD036LO_1,6.265103366595957,3.8868278104824463,9550.291848881749,0.1013087026872346,0.9870764383432755,iEEG atlas
615,GD036LO_2,5.710494507893766,3.655967863950096,2027.3732670903487,0.1000750435539274,0.9863486094371885,iEEG atlas
616,GD036LO_3,5.0179726303895515,3.2416475949261985,697.9433088402873,0.09349807738943952,0.9868540068976132,iEEG atlas
617,GD036LO_10,6.085602979587371,3.9355530208272524,8565.287712250398,0.11209637673782903,0.9855966313480274,iEEG atlas
618,GD036LO_11,5.352273702970105,3.602404597711035,4095.437651160442,0.10633771556770819,0.9823527150963256,iEEG atlas
619,GD036LO_12,5.138808479173241,3.412395112411778,955.7072219797423,0.09669508799947568,0.9862400569863474,iEEG atlas
620,GD036LO_13,6.7126717342692555,4.22967840398075,26347.17052123172,0.10217303677593122,0.9869812007120111,iEEG atlas
621,GD036LU_2,3.609291848856441,2.253330816999269,26.915825008225116,0.08119813529666312,0.9823045879997452,iEEG atlas
622,GD036LU_3,3.0131800407101537,2.2617160668221916,28.916586832017398,0.06952423529667733,0.9867640735277794,iEEG atlas
623,GD036LU_6,3.787448671443552,2.7171565103184414,214.5744911310512,0.0817811409765758,0.9845977841379147,iEEG atlas
624,GD036LU_7,5.336138120679881,3.798950474690067,20132.02230411613,0.06511176616583698,0.9926091726391699,iEEG atlas
625,GD036LU_8,4.388873310476532,3.4240776346379085,2983.0661273758788,0.09769036800650056,0.9837081678319227,iEEG atlas
626,GD036LU_9,5.183104550308611,3.820865589639559,4183.796474482743,0.12078258201840884,0.9825313981139145,iEEG atlas
627,GD036LA_1,4.600481466034664,2.8061108546059965,717.0922809966684,0.06459080451611415,0.9906309806398453,iEEG atlas
628,GD036LA_2,4.106758894487505,2.5060670717738773,56.80459253655403,0.09298218171859061,0.980886370889141,iEEG atlas
629,GD036LA_6,4.5759144744448355,3.338856091803519,2577.2619028735467,0.10227824703604638,0.9777412045663288,iEEG atlas
630,GD036LA_7,3.664838745023737,2.8762259866010345,184.88585798344218,0.11106361144285254,0.977674926224623,iEEG atlas
631,GD036LA_8,5.002293709358338,3.63569757823777,3170.0377025743137,0.14420022383317826,0.9690610373993912,iEEG atlas
632,GD036LA_9,5.450502760437751,3.822272894492178,6956.2103351155,0.11206308797691444,0.9819229008297893,iEEG atlas
633,GD036LS_1,5.547925911728336,3.379793437769018,1049.0754214880023,0.08097348093914684,0.9910360398103063,iEEG atlas
634,GD036LS_2,6.102360812910026,3.80842684830623,4823.8445671167465,0.13047718491251603,0.9800361105538742,iEEG atlas
635,GD036LS_11,5.660932431385378,3.4146173422210624,778.2851505575243,0.08422442651316649,0.9903397910160969,iEEG atlas
636,GD036LS_12,5.9494676516423555,3.757883634921161,8806.734577429492,0.10685106318534393,0.9806795438806581,iEEG atlas
637,GD036LV_1,3.6105300507241633,2.1596063018569245,21.36998584828753,0.07068396142167271,0.9851417740560858,iEEG atlas
638,GD036LV_2,2.777172112216897,2.040177862565897,18.26049738335407,0.07352669777758104,0.9805999020953737,iEEG atlas
639,GD036LV_12,5.4138487882066375,3.437173122172273,2856.4394411821413,0.08422302701610775,0.9872732836778633,iEEG atlas
640,GD036LV_15,5.341894743117095,3.4740390981051426,2144.4703317485178,0.08377689710344573,0.9887313595034031,iEEG atlas
641,GD037Lv_14,3.4704429756532593,2.9685137564899122,1293.9954074898972,0.108003200900529,0.9711321961969341,iEEG atlas
642,GD037Lr_1,1.7698334250957848,2.23043684103908,56.429076030525025,0.07408619620762419,0.9822167187968402,iEEG atlas
643,GD037Lr_3,2.0224907170962774,1.954036789173806,28.26233601190967,0.10186175821755071,0.9585894988743097,iEEG atlas
644,GD037Lr_4,6.218178389304972,3.7036453850973023,318126.0595226605,0.06331132346066533,0.9836245377063948,iEEG atlas
645,GD037Lr_5,5.405527474291317,3.3823535400373186,29636.104646283322,0.0825343335079742,0.9756544791178873,iEEG atlas
646,GD037Ls_3,3.1996982701019596,2.1797978216267797,69.84783581004106,0.09103352582448444,0.9634058741015765,iEEG atlas
647,GD037Ls_4,3.114232736146484,2.3062581014863284,63.48411995026686,0.09310704177216798,0.9721785559352625,iEEG atlas
648,GD037Ls_5,4.312947499549468,2.988080630849144,1942.515805759611,0.08995314667910748,0.9733728670064696,iEEG atlas
649,GD037Lv_12,3.930153719653216,3.309891411661618,3858.1999339809267,0.06663056038980675,0.9880289725745282,iEEG atlas
650,GD038Lr_1,3.5356414242191585,3.11471988635805,355.2572756553327,0.06620377573987869,0.9925682484352891,iEEG atlas
651,GD038Lr_2,3.937419781944372,3.3792736932933956,493.9666058517392,0.07049453649605587,0.9929591259598713,iEEG atlas
652,GD038Lr_3,5.099963736949064,4.054224254745754,6956.5754962616875,0.10699303937827456,0.9885534036580247,iEEG atlas
653,GD038Lr_4,4.230099416977708,3.421190364648098,802.8151002227545,0.07907302814641595,0.9919240745033419,iEEG atlas
654,GD038Lr_5,5.079967478204975,3.5248096506111346,1989.870726701109,0.08556076859029992,0.9899884840293365,iEEG atlas
655,GD039Lf_1,6.872120316597501,4.161266882506202,7434.034140050593,0.10294718729410099,0.9909626562574314,iEEG atlas
656,GD039Lf_2,6.295637973124353,4.103259529796447,12035.472734887153,0.08257315253397471,0.9924353187165934,iEEG atlas
657,GD040Ru06,3.9346417653554613,2.2157725698846544,104.15678753942328,0.0793105227616049,0.975209966932324,iEEG atlas
658,GD040Ru07,4.0293165973798555,2.497429886676529,262.74423966674186,0.07180043950722906,0.9836395202274353,iEEG atlas
659,GD040Rc07,3.367387837167922,2.3964140097788893,53.772434454953306,0.0909748653378212,0.9789772232261744,iEEG atlas
660,GD040Rc08,3.5873609476241604,2.4914136871031713,108.55782415666795,0.1169755278799081,0.9692610995866532,iEEG atlas
661,GD040Rc09,2.9096116633236453,2.0765599561563186,32.48694124275502,0.1499026056165161,0.9492609012592272,iEEG atlas
662,GD040Re03,4.510570451763299,3.269446073694078,1199.8663439253285,0.10928487573234268,0.9817309453269877,iEEG atlas
663,GD040Re04,1.8183379867621083,1.5816546547173609,-0.412032839076636,0.1271336386327794,0.9586898744360676,iEEG atlas
664,GD040Re05,2.6695122742109922,2.0120250822686714,1.0221554387221936,0.1600755058570418,0.9547229699031414,iEEG atlas
665,GD040Lt_02,6.400425596527576,3.9933072546288613,19393.549288237136,0.11359670476923665,0.982163989575521,iEEG atlas
666,GD040Lt_05,6.357646051914212,4.053946195282659,77624.47323442315,0.12896224590036529,0.9769404714216134,iEEG atlas
667,GD040Lt_06,5.820696066260129,3.734018719653962,20895.29035964215,0.12540975095193735,0.9754326662340832,iEEG atlas
668,GD040Lu_03,4.982417224173539,3.0361888202221854,4273.256708322462,0.08684408688308312,0.9741335856871162,iEEG atlas
669,GD040Lu_04,3.087065336902548,1.8307978346771907,7.412751737482619,0.07290021654198621,0.9799555811922489,iEEG atlas
670,GD040Lu_05,3.6604512929295794,2.1086120633189047,49.58603231411457,0.08017110070080909,0.974641689154746,iEEG atlas
671,GD040Lu_06,4.884573355332294,2.866112613851308,1207.8416322413832,0.08827611783158984,0.9727194753226936,iEEG atlas
672,GD041Rx1,4.001510174198286,3.0165711188852056,739.5816500316965,0.0935095479240967,0.9783789573980474,iEEG atlas
673,GD041Rx2,3.469500742602654,2.725056929408663,171.376747084002,0.07947119044926239,0.9823318859490283,iEEG atlas
674,GD041Rx3,4.2256225063236545,2.8749683846069822,540.589787723818,0.06948314371973413,0.9900058039532981,iEEG atlas
675,GD041Rx4,4.0427257621000425,2.627258736979782,283.0177838198467,0.07442482951951791,0.9867017633759169,iEEG atlas
676,GD041Rx5,3.809197867431984,2.4358777286713766,183.70388418121303,0.07522849944572724,0.9822740757220697,iEEG atlas
677,GD041Ry1,4.103641674093941,3.115164618726699,2103.000012540751,0.08352474026406544,0.9792367463300685,iEEG atlas
678,GD041Ry2,3.9662012784582497,3.101140235760826,1350.5906689349515,0.0755871313306527,0.9837503006671092,iEEG atlas
679,GD041Ry6,4.544269832906122,2.853738821747795,1171.5948821225966,0.07218007643288796,0.9843326342494184,iEEG atlas
680,GD041Ry7,5.610466095607126,3.2965820603315508,11721.476468052526,0.08305684148692764,0.9797187551966566,iEEG atlas
681,GD041Lp_1,3.7459165438887947,3.049349557595288,2501.911118730913,0.08860624524316504,0.977076555067869,iEEG atlas
682,GD041Lp_2,5.664620778072638,4.259062784793018,332163.06465094053,0.11644137679892488,0.9707248721489846,iEEG atlas
683,GD041Lp_6,4.074659833935175,2.4879392071302577,953.1990372523902,0.11758206174551888,0.9176659335340414,iEEG atlas
684,GD041Lp_7,5.1785933346601825,3.1110468489109118,4823.052231093682,0.14537813335425062,0.9273253863534181,iEEG atlas
685,GD041Lq_1,4.54530794901305,3.2789746289189203,2955.6862489296554,0.06607885298798863,0.991211424672096,iEEG atlas
686,GD041Lq_2,5.7146719527830605,3.690114826020893,8265.718987895514,0.06559409082367229,0.9938632048927868,iEEG atlas
687,GD041Lq_3,5.311845880927063,3.366225005765972,4111.489008672865,0.0781878404988617,0.9868728949578068,iEEG atlas
688,GD041Lq_7,7.290589794810021,4.287646387288964,712029.6082942854,0.08738602795841313,0.9802586662935248,iEEG atlas
689,GD041Lr_1,5.792789762648843,3.4064424047061905,5342.854283360777,0.08721225948817385,0.9855032856535797,iEEG atlas
690,GD041Lr_2,6.022045907210468,3.893650558264944,23763.945496865177,0.07259174505939363,0.9932189792504958,iEEG atlas
691,GD041Lr_3,6.592103702525775,4.401815650497436,241514.85857338764,0.06824692429630799,0.9933332970279418,iEEG atlas
692,GD041Lr_4,7.159221484097788,4.9481080573870075,1025905.6977869278,0.12186110576645644,0.9843238498157678,iEEG atlas
693,GD041Lr_5,7.1262913186607175,4.996169706740535,1607583.897251938,0.08687979180522096,0.9891934472998585,iEEG atlas
694,GD041Lr_6,6.844713832961012,4.9007126062096615,1367811.0242788403,0.08512065403271041,0.9890639005532039,iEEG atlas
695,GD041Lr_7,7.0777630108630145,5.034716972150256,2042786.0870751885,0.08823541995362537,0.9913956664879483,iEEG atlas
696,GD041Lr_8,6.5474788280053975,4.643077794328033,688443.9730414042,0.0849722224690177,0.9895787743124843,iEEG atlas
697,GD041Ls_1,5.4222700715324255,3.4120224952640275,13085.88541697308,0.0567795954324016,0.9918633653235925,iEEG atlas
698,GD041Ls_2,5.684610149421509,3.5498394135211404,9352.691015683396,0.06991896470672011,0.9899026020765008,iEEG atlas
699,GD041Ls_3,4.272500962371273,2.7333220877352202,210.5252879169002,0.08580791414229932,0.9850292768137301,iEEG atlas
700,GD041Ls_6,7.238488201479485,4.856986519870299,1256888.5087722628,0.07991905025520958,0.9918354863766897,iEEG atlas
701,GD041Ls_7,7.04457666697987,4.652224145451632,826476.2975873674,0.09903671760014847,0.980877338476637,iEEG atlas
702,GD041Lt_4,4.576646004218607,2.9462806527430434,820.8790081007046,0.08856730731359232,0.9795375162747811,iEEG atlas
703,GD041Lt_5,5.391572543876684,3.37041155766975,3253.140881384034,0.09664570865494063,0.980653868866257,iEEG atlas
704,GD041Lt_6,4.945265722711923,3.310577042207914,2431.4674602705322,0.07906987216153946,0.987286869019491,iEEG atlas
705,GD041Lu_4,3.5449211489661643,1.94011437111294,10.533806383505237,0.08163546157439595,0.9774417236590189,iEEG atlas
706,GD041Lu_5,3.9839368288857133,2.3793053394384587,134.50371736760258,0.08439957055980626,0.978090701568708,iEEG atlas
707,GD041Lu_6,4.786077985294754,3.031045602322998,3054.8663972436843,0.06297610242245713,0.9898709955481143,iEEG atlas
708,GD041Lu_7,4.813668754346925,3.1888002346360036,3008.068010843367,0.09157967288098408,0.9814955887233863,iEEG atlas
709,GD041Lu_8,5.796668981234897,3.7859951547539596,13517.294703980353,0.06980037114596269,0.992270968269194,iEEG atlas
710,GD041Lf_1,6.769121346783094,4.211904078979151,28546.954141095557,0.08384865639023215,0.992558035693381,iEEG atlas
711,GD041Lf_2,6.850374017537632,4.266717363187709,53824.9058683688,0.09659292166137719,0.9878177431800471,iEEG atlas
712,GD041Lf_5,8.088483953268911,4.809949066735676,122684.27225709772,0.1090749198870795,0.9899025784073279,iEEG atlas
713,GD041Lf_6,6.545821592418919,3.981590271674939,14984.681219309714,0.08466527090493574,0.990071970998734,iEEG atlas
714,GD041Lf_7,6.913165892364325,4.217099554856158,43123.50047923719,0.08214012662993973,0.9914985050227444,iEEG atlas
715,GD041Lf_8,5.585039502474976,3.524642321570329,5691.128804951559,0.077759780064021,0.9897989415120583,iEEG atlas
716,GD042Ro1,5.41304670711457,3.77280002117675,25346.766352323135,0.1264250136627775,0.9791903196500018,iEEG atlas
717,GD042Ro8,7.946055327222463,4.52648760161149,587939.7334046331,0.07686396015943968,0.9925088501126869,iEEG atlas
718,GD042Rs1,6.429074456787402,3.849879797335028,34107.978752793366,0.08701244179173624,0.9892954007196436,iEEG atlas
719,GD043Rv15,6.7240615861567585,4.436545872247797,86972.02349939935,0.08650278003817377,0.9891884603795833,iEEG atlas
720,GD043Rw12,5.497489551084632,3.7335139529684778,2854.0836213196058,0.08244744839557198,0.9888531155453002,iEEG atlas
721,GD043Rw13,5.913284516416817,4.002021072175981,9239.559245091992,0.06526303583316878,0.9941374957576844,iEEG atlas
722,GD043Rp1,5.0674770568691665,3.1054361843717952,4138.010119353537,0.07506326104764234,0.976742094240468,iEEG atlas
723,GD043Rp2,6.53083159828783,4.004445911898424,72480.60220871179,0.07600469051563755,0.9901945426708528,iEEG atlas
724,GD043Rp3,5.710062297041991,4.104163621427976,34813.365881088655,0.06705924165143405,0.992451355480285,iEEG atlas
725,GD043Rp8,7.761492899134173,4.686585869356564,425188.59833213844,0.08851088395058197,0.9895594338191067,iEEG atlas
726,GD043Rp9,6.361428826523337,3.9626883447090298,27061.52450150402,0.09444845516359893,0.9810939526136762,iEEG atlas
727,GD043Rp10,5.853963324661643,3.6821013883968674,8808.489344641906,0.08800627220927254,0.9792087904338832,iEEG atlas
728,GD043Rp11,5.705466726652473,3.6593331707926557,6795.7128072009555,0.08059845747354788,0.9857572451801295,iEEG atlas
729,GD043Rp12,5.6138346890430055,3.5879699411122155,9151.791502619899,0.08387520454979176,0.9850243746383681,iEEG atlas
730,GD044Lg_11,4.9118545790702175,3.4663243827985655,20285.88850797387,0.08222108436501287,0.977081803772157,iEEG atlas
731,GD044Lg_12,5.603750298995603,3.77797611556892,69944.54868378195,0.08143984840807351,0.9789803172890518,iEEG atlas
732,GD044Lg_13,5.017068942304198,3.343672758686465,7775.106621660268,0.11310696541837,0.9602148037215521,iEEG atlas
733,GD044Lh_11,3.921473818122485,2.4831334761271795,385.8910853593563,0.1173748100058167,0.9481346930532175,iEEG atlas
734,GD044Lh_12,4.3294950560803755,2.6807406748335314,1105.8205144586948,0.10150358047403857,0.964936430199609,iEEG atlas
735,GD044Lh_13,6.131158008014162,3.738125746238673,180951.22674171405,0.08791886041330152,0.974736113756729,iEEG atlas
736,GD044Lv_7,3.7069776525580225,2.906456606418326,791.2287225515378,0.07597560140284253,0.9844203148902084,iEEG atlas
737,GD044Lv_8,4.6581538883263995,3.076548971936587,2923.7392621532567,0.0720522306737184,0.9843585291399651,iEEG atlas
738,GD044Lv_9,4.252066383461541,2.8583095298632823,1668.2287337227172,0.06587415250866444,0.9817877534980655,iEEG atlas
739,GD044Lq_6,6.736825989594413,4.273385174105394,1007125.1156776048,0.10400567948621976,0.9736681780904484,iEEG atlas
740,GD044Lq_7,6.5401101040173755,4.037932398113274,484025.9308991038,0.09808970216747089,0.971875715959432,iEEG atlas
741,GD044Lr_3,4.034213520156802,2.85003379949979,1357.3927234252944,0.0938204893305799,0.9686650002757364,iEEG atlas
742,GD044Lr_4,4.744579298431544,2.974919349788053,2398.0373261488485,0.08471558150878422,0.9787487355729177,iEEG atlas
743,GD044Ls_6,3.4867771850694567,2.7749530939390135,712.8710419250259,0.08161030272669456,0.9818967505752035,iEEG atlas
744,GD044Ls_7,4.2381734955122665,3.184676257959407,6494.481079073951,0.09795770461098105,0.9729871843253064,iEEG atlas
745,GD044Ld_6,4.6420949485965854,3.120248343596414,3088.3609650814756,0.08430851077072424,0.9768254646197173,iEEG atlas
746,GD044Ld_7,6.245936835995694,4.023264374221582,169919.64913303003,0.09656986714259425,0.9743161472124671,iEEG atlas
747,GD044Ld_8,6.889200612217297,4.536701911559035,937758.5664908872,0.0848323144759884,0.9848085861325905,iEEG atlas
748,GD044Lt_3,6.2851949938044696,4.123205585413512,15518.873976972034,0.07599176706390129,0.9926102726468296,iEEG atlas
749,GD044Lu_3,3.3246569321367203,1.907881786918752,14.709482163666484,0.08145569894905597,0.9778672809030449,iEEG atlas
750,GD044Lu_7,4.948980944657952,3.218490669214353,2560.7323841515,0.08413965086597629,0.9833499073300906,iEEG atlas
751,GD045Rf4,4.467525440102284,2.6511536554361728,2062.000168982184,0.08578636045167669,0.9662425164946581,iEEG atlas
752,GD045Rf5,5.159255095358375,3.026685691973336,10608.190275837807,0.0775029821885238,0.9752569973455923,iEEG atlas
753,GD045Rf6,4.32264401629457,2.4973393121557286,1068.7269454941265,0.0934217297607894,0.9648535278467759,iEEG atlas
754,GD045Rf7,6.411308562575455,3.6432614281742612,53428.93323112224,0.08475317782027313,0.9829744253368148,iEEG atlas
755,GD045Rf8,6.598154710171919,3.714977457353289,70155.06727150093,0.0817018060173245,0.9846418071364683,iEEG atlas
756,GD045Re1,4.6291531610342656,3.0844213390677875,4379.426051883412,0.07194047719566404,0.9846845092313723,iEEG atlas
757,GD045Re6,6.9455767960182575,4.420667931366692,166430.71949577457,0.08275685668271067,0.9913477249749992,iEEG atlas
758,GD045Re7,6.559820409971962,3.9880806712045342,40626.85938830924,0.10289619204348081,0.9830717873470183,iEEG atlas
759,GD045Re8,7.724512996867716,4.491919351298381,136515.7527156728,0.11562669680947842,0.9850297076304918,iEEG atlas
760,GD045Re9,6.920379184854489,4.124095618836574,57053.244928010856,0.10088905474249833,0.982978532981689,iEEG atlas
761,GD046Lc_06,4.175710603157839,3.353001050474184,1724.713518238148,0.13004765600931192,0.9763727719953667,iEEG atlas
762,GD046Lc_07,6.286518223543214,4.628583324728488,114154.89575108835,0.0960030113826911,0.9872983272585555,iEEG atlas
763,GD046Lc_08,5.28123299534272,3.9626138428685533,21009.400928792573,0.08928003737894845,0.9886711569471383,iEEG atlas
764,GD046Ld_01,5.86995953985223,3.9382627385243962,9701.259546251058,0.1186465272805076,0.9834491882964512,iEEG atlas
765,GD046Ld_02,5.287736611728762,3.7346054852725605,3968.7848905248024,0.11998569080291795,0.9821111098698443,iEEG atlas
766,GD046Ld_03,5.562626196719247,4.055835872262965,9992.50053549114,0.09595497760607594,0.9890081751701388,iEEG atlas
767,GD047Lm_02,6.812687848507572,4.490166766069365,1248058.9326130624,0.057551701841820437,0.993660618908158,iEEG atlas
768,GD047Lm_08,7.215867572965154,4.612482261333224,1451610.3983769147,0.07895991767244533,0.988768281344879,iEEG atlas
769,GD047Lm_09,7.545671035743188,4.78074843745476,2150955.2402727376,0.08172669217084855,0.9893977060609562,iEEG atlas
770,GD047Lm_10,9.563717408524354,5.778560047104557,50551378.15068567,0.1515469297551027,0.9759300122196386,iEEG atlas
771,GD047Lm_11,8.562954182560427,4.996741075308569,9946165.37185841,0.09054837129733927,0.9864219124036452,iEEG atlas
772,GD047Lg_01,4.716248748146389,3.1938408561716196,2972.713424020326,0.07256667371092006,0.9873806485898862,iEEG atlas
773,GD047Lg_02,4.182635511465321,3.0310998960409146,752.3548726554412,0.07141555953122733,0.989737482446564,iEEG atlas
774,GD047Lg_09,5.128224682245302,3.695891531122652,8277.199268705852,0.07735775071596963,0.9903920803930198,iEEG atlas
775,GD047Lg_12,3.7895849747165786,2.7796414030993484,456.48538298515786,0.07904008564628254,0.9832247729437392,iEEG atlas
776,GD047Lg_13,4.716757469172831,3.055296642838005,1259.9651080663075,0.07745043736500072,0.9851136734983359,iEEG atlas
777,GD047Lh_13,4.537229534469767,2.9176447825945298,3099.723220987267,0.08143925652342912,0.977331628157836,iEEG atlas
778,GD047Lh_14,6.353305995184086,3.7877903500271,73280.65692982853,0.06500888081295957,0.9886187469733289,iEEG atlas
779,GD047Lh_15,6.375297576035605,3.9046609322115757,148505.77914017113,0.07078837602303106,0.9875759489682704,iEEG atlas
780,GD047Ln_01,4.765498500293828,3.1898629117030866,3233.2201710936897,0.06691095398179199,0.991136291734156,iEEG atlas
781,GD047Ln_02,4.367611806899043,3.0228249469913377,1124.6542476742356,0.06429498890779084,0.9910343568289791,iEEG atlas
782,GD047Ln_09,7.150081537282016,4.6903408008001035,284749.6795585771,0.10774659998820171,0.9867628900990602,iEEG atlas
783,GD047Ln_10,6.920772783570673,4.4282702067388335,135774.7136063364,0.08068325141074877,0.9916011297687523,iEEG atlas
784,GD047Ln_11,7.482989941244531,4.412209696865012,50106.15140817761,0.09994532566618636,0.9903818178196974,iEEG atlas
785,GD047Ln_12,5.226872514182541,3.3373496179364364,1560.7038855332378,0.07490565839191121,0.9903515127998221,iEEG atlas
786,GD047Ln_13,5.089997107472068,3.3436139012861186,1615.189521297433,0.07178714205820237,0.990921684336854,iEEG atlas
787,GD047Ld_01,2.930959652041651,2.682317249076349,249.21887001058914,0.11176656731713082,0.9710209427939356,iEEG atlas
788,GD047Ld_02,3.8697123093118626,3.0464358941710445,1284.8784971426517,0.09821747306368567,0.9796604206064504,iEEG atlas
789,GD047Ld_03,4.086449453123629,2.8958437550585723,1010.9856184247341,0.09136916035608514,0.977996003688293,iEEG atlas
790,GD047Ld_04,3.9227859703110224,2.6670111109934167,182.62836139527326,0.07811649036762501,0.9840078180875345,iEEG atlas
791,GD047Ld_05,4.10496214606643,2.8865769201034777,1166.9181781883815,0.07741610703985642,0.9825352693962851,iEEG atlas
792,GD047Lp_01,4.880208268741835,3.0556982813292617,1436.8091342420414,0.08367186506174341,0.9826494515678862,iEEG atlas
793,GD047Lp_02,4.107327194795823,2.81783753135833,609.1863472282936,0.0800324718102474,0.9838929953091212,iEEG atlas
794,GD047Lp_08,3.5481076781667804,2.2486451037222555,143.1404983538442,0.07828759759639542,0.9743950937632692,iEEG atlas
795,GD047Lp_09,3.6017922476896724,2.264481895079273,81.67188760659312,0.0798646913596799,0.977298169020229,iEEG atlas
796,GD047Lp_10,3.6603380066689795,2.3708960358575557,89.9692864073126,0.08246110352961004,0.9775151142952987,iEEG atlas
797,GD047Lp_11,4.769930502638983,2.900870865915757,443.29235469916085,0.0865015247132311,0.9822866148584227,iEEG atlas
798,GD047Lp_12,5.479457240568228,3.416512988895563,3278.5546903328354,0.08872722347908724,0.9862610463508065,iEEG atlas
799,GD047Li_01,5.600158071420888,3.467387180229141,6204.774489118555,0.07706283374589049,0.9867567258139078,iEEG atlas
800,GD047Li_02,4.708716778592812,3.080804850712424,2531.914354938247,0.111511745524877,0.9618828411789074,iEEG atlas
801,GD047Lj_12,3.2265522605510926,2.527916950771829,125.12515382810254,0.07870918729654436,0.9850277952855211,iEEG atlas
802,GD047Lj_13,3.9258074170632558,2.734693125670579,264.60263395983804,0.07427593042005172,0.9873390488536037,iEEG atlas
803,GD047Lj_14,3.9679489026064814,2.692640631887931,338.6700098021762,0.06935429445763834,0.9858304776311562,iEEG atlas
804,GD047Ll_12,5.203381397704836,3.5592024741739587,2653.4529312455247,0.05571630771368781,0.9948090774878896,iEEG atlas
805,GD047Ll_13,4.797758112770228,3.1676235144464084,885.9438132758821,0.06493440051740332,0.9923452991488403,iEEG atlas
806,GD047Lo_01,4.471677908920557,2.6443562310108413,396.90657724176003,0.058587804899575345,0.9918790260218145,iEEG atlas
807,GD047Lo_02,5.861677045588493,3.643938635654783,16605.790469651285,0.09337825843772939,0.9860136158150306,iEEG atlas
808,GD047Lo_03,4.717218164239988,3.1114885518812265,1147.991863068257,0.08757495320214086,0.9857319913158221,iEEG atlas
809,GD047Lo_10,5.523909767532209,3.8814282234601434,2014.155046288623,0.07923269098843548,0.9921759738178434,iEEG atlas
810,GD047Lf_01,5.468890185979557,3.299056573304826,1489.6733781518478,0.06022833657835252,0.9932294228842556,iEEG atlas
811,GD047Lf_02,6.180893943345141,3.889296887525451,13722.027848528407,0.07562511332116416,0.9924591082058566,iEEG atlas
812,GD048Lv_1,4.406531278285728,2.984952876440474,1155.4611391397798,0.05927706504564387,0.9913454005486999,iEEG atlas
813,GD048Lv_2,3.996733385983229,2.7448740207260798,365.6277320686269,0.08331973487801492,0.9849122374201608,iEEG atlas
814,GD048Lv_3,3.8743288848757573,3.110874091099763,1199.1120107809888,0.0699304968540926,0.9910286744183322,iEEG atlas
815,GD048Lv_12,6.995514340771476,4.727208888033417,430791.47029345616,0.09729936669928861,0.9877173376310521,iEEG atlas
816,GD048Lv_13,6.436809138436303,4.28623125586379,121392.54006331162,0.07874088365696098,0.9906938384065775,iEEG atlas
817,GD048Lv_14,6.473304886609599,4.318520679728385,145375.3701393752,0.08860136906043294,0.9872872681727426,iEEG atlas
818,GD048Ly_17,7.608819576662212,4.7931560997124025,730306.0514967111,0.08167458775893452,0.992686241880171,iEEG atlas
819,GD048Lu_1,3.6612689403565826,2.1090157052142056,21.464237987037325,0.0696793347238903,0.9843141685192741,iEEG atlas
820,GD048Lu_2,4.784614565079622,2.496516234248527,899.4391453425452,0.05742170339890076,0.9874275151501767,iEEG atlas
821,GD048Lu_5,6.080806975474018,3.4285151110306824,16213.315994969611,0.08875125796713959,0.9744999059536603,iEEG atlas
822,GD048Lu_6,5.122049243404663,3.0680014238233735,4507.131719553361,0.09005689107639504,0.9670871397284552,iEEG atlas
823,GD048Lu_7,5.451452406179318,3.3243789183649466,10034.36610261018,0.07004893831328872,0.9865565977770487,iEEG atlas
824,GD048Lx_1,4.258667203056191,2.6770409389798404,627.2884867290702,0.07242818001547216,0.9793525633355874,iEEG atlas
825,GD048Lx_2,5.863937999145369,3.485230758340424,12031.20323515231,0.06645346042257667,0.9892788939360699,iEEG atlas
826,GD048Lx_6,7.751074809853691,4.612928669508555,239912.36080141098,0.10468045952950931,0.9888291100140546,iEEG atlas
827,GD048Lx_7,7.316086332958708,4.464558709314513,204259.3401496227,0.08042797914956912,0.9925981811182644,iEEG atlas
828,GD048Lx_8,5.935903115868101,3.9040295291726226,49521.55219838188,0.09114727762451758,0.9859397375908511,iEEG atlas
829,GD048Lx_12,6.201809123236082,4.399326493260105,177376.5750913178,0.07575190462474941,0.9911010500886313,iEEG atlas
830,GD048Lx_13,5.80736406782454,3.7765884978884867,17572.438764590886,0.08785625343800098,0.9847284200660454,iEEG atlas
831,GD048Lo_1,4.618312939642504,2.8131571613599493,1200.1352906259244,0.058763740898300526,0.9911585117461428,iEEG atlas
832,GD048Ls_1,5.831720978412267,3.735634226429424,16553.57524213978,0.0745495571627415,0.9923323242122476,iEEG atlas
833,GD048Ls_2,5.682580025160289,3.6701147067137696,27460.34252624312,0.06763756278703964,0.9930027238354168,iEEG atlas
834,GD049Rd06,3.957793016999282,3.1383438064499796,173.20119942675052,0.08677128746202344,0.9899613772319391,iEEG atlas
835,GD049Rd07,4.762348893165383,3.4556357044623303,299.3635926508341,0.09248577517549711,0.9906477436606841,iEEG atlas
836,GD049Rx06,4.220894903266453,2.8135753805197723,715.1988241016891,0.09732137395608575,0.9763352093897439,iEEG atlas
837,GD049Rx07,5.6489175943541525,3.7443502233619173,43448.9872446382,0.11124349557985647,0.9675088930845201,iEEG atlas
838,GD049Rx13,5.676632656609197,4.2082629741122135,186663.27381898553,0.15161767547748944,0.957806057896011,iEEG atlas
839,GD049Rx14,5.506484623211562,4.106044206363789,219503.00143365783,0.12889427113170504,0.9693376724110997,iEEG atlas
840,GD049Rv05,4.77748742413448,3.3970196776654613,2039.2174145871334,0.08035040291484732,0.9887640841478883,iEEG atlas
841,GD049Rv06,4.60801464200264,3.1986993765138645,1973.9267691393018,0.06212897532923847,0.9917860348404582,iEEG atlas
842,GD049Rv07,4.675010920797474,3.3187004002920464,1911.3519144414631,0.07862417550966685,0.9865003635084819,iEEG atlas
843,GD049Rv08,5.126775947513815,3.620925966379074,8353.39009359243,0.08220283043803255,0.9887565745175102,iEEG atlas
844,GD049Rs06,5.019097055801999,3.2729761777899524,494.6297620598433,0.08035889613300126,0.9906422534392738,iEEG atlas
845,GD049Rs07,5.7482088809597744,3.621679318616534,499.3473585469581,0.08127377129432214,0.9938408968320852,iEEG atlas
846,GD049Rs08,5.543660211835108,3.7369948613958726,3066.296558603486,0.10243472695365591,0.9870390417782435,iEEG atlas
847,GD049Rw01,5.630920827157969,3.4730466294719857,5770.940287880686,0.06482299238834976,0.9922145498478708,iEEG atlas
848,GD049Rw02,5.593526216792961,3.4354033783938975,5079.254263604205,0.06655453671654567,0.9896460454873309,iEEG atlas
849,GD049Rw03,6.396097860290533,3.992612483554291,15206.880925658797,0.08691569994605688,0.9902579482492204,iEEG atlas
850,GD049Rw04,7.223349101320372,4.248315893160224,41897.101867150355,0.11364698899241567,0.9855394788969409,iEEG atlas
851,GD049Rw9,7.1254719957334665,4.193774929468123,41543.01027819895,0.09793948768907818,0.9878654400913767,iEEG atlas
852,GD049Rw10,5.870996035205333,3.79898880887305,8702.453562215642,0.09273037884954416,0.987844589640133,iEEG atlas
853,MD050LCa1,3.0734443505975966,2.008250894367692,53.77005072643982,0.10455337737535678,0.9517212276715287,iEEG atlas
854,MD050LCa5,3.6300894433222513,2.7275550797960553,2820.6882870789063,0.09931479739505172,0.9454097450401957,iEEG atlas
855,MD050LCa6,3.074820122279887,2.4321365958661025,689.2824841037169,0.09074215829656883,0.9599152842345132,iEEG atlas
856,MD050LCa7,5.111484637447851,3.5844305182422955,67721.54539706375,0.11847171906536098,0.9468107199021014,iEEG atlas
857,MD050LCa8,5.390466623524294,3.304365719079806,50838.65046785414,0.08918280200599582,0.9419687085478078,iEEG atlas
858,MD050LCa9,5.484252845673909,3.2131690556827324,19883.965143522273,0.11684477612547776,0.9178031550833678,iEEG atlas
859,MD050LCa10,2.7945394799816317,1.8288500501377163,26.36429211039968,0.15235512419956018,0.9034602925316046,iEEG atlas
860,MD050LCm1,4.5744300807418545,3.2805159099724994,19223.61901785551,0.07581797793181089,0.9808799316354907,iEEG atlas
861,MD050LCm5,4.070340643695515,2.7452711988291285,1327.1005962521335,0.08773144275418047,0.9637975917718885,iEEG atlas
862,MD050LCm6,4.045126378720587,2.5462075257061536,239.18476338459612,0.10361794299172651,0.9685106738758795,iEEG atlas
863,MD050LCm7,3.038037310334246,1.8817969029615094,8.266448778600452,0.13787075589608025,0.9395707804000659,iEEG atlas
864,MD050LCm9,5.733235825320181,3.4289160317469403,133921.54816672995,0.06469397514385708,0.9765098313191736,iEEG atlas
865,MD050LCm10,7.175748577226597,4.314739322419774,2522925.761562698,0.07345669528901673,0.9834269697682471,iEEG atlas
866,MD050ROF1,3.157478403438162,2.115794566223789,16.73344948333709,0.12810336228465133,0.9560035010179917,iEEG atlas
867,MD050ROF6,4.363336422775314,2.9158124141830153,1332.491070606032,0.10435008860530251,0.9572953261659269,iEEG atlas
868,MD050ROF7,3.5723131036363,2.401553505034987,270.8451742150032,0.10996362913749312,0.9519712034273684,iEEG atlas
869,MD050ROF8,5.63156733903754,3.365992858685833,10188.957410412702,0.1003599288995158,0.966458047686835,iEEG atlas
870,MD050ROF9,5.023609241975946,3.3073796693829918,31417.57905790531,0.06708822160643506,0.981087857720393,iEEG atlas
871,MD050RCa6,4.677647104476804,2.9699289147554793,3875.8644230879086,0.07482197137475134,0.9757333163512556,iEEG atlas
872,MD050RCa7,5.778256132013583,3.6573271924911164,51404.645317868766,0.09151468783880645,0.9789594691265486,iEEG atlas
873,MD050RCa8,5.433332674064783,3.562419217145717,69882.73605003644,0.07206967590806942,0.9783031548945533,iEEG atlas
874,MD050RCa9,7.030235630601878,4.469595455200071,1008626.555951398,0.09571454465595286,0.9848241026775576,iEEG atlas
875,MD050RCm1,3.0441856397450384,2.484900962439488,232.73093746961985,0.0882098605571441,0.9769197483256028,iEEG atlas
876,MD050RCm2,3.1065183190895516,2.9126674429954624,907.0890337039039,0.08693972548922957,0.9820990031170946,iEEG atlas
877,MD050RCm6,4.177838624265873,2.6618119831875764,943.3180762285239,0.10886427946328886,0.9550666414170781,iEEG atlas
878,MD050RCm7,3.370978921713807,2.4140077920680225,448.6838255377369,0.12244710787580403,0.9334706818823525,iEEG atlas
879,MD050RCm10,5.917227112900526,3.673591033046216,204809.48401951962,0.07631783684294757,0.9749424855968541,iEEG atlas
880,MD050RCm11,8.215089363947367,4.818896920190729,5063588.3519642465,0.1327751382113262,0.9506457573033679,iEEG atlas
881,MD050RA6,2.1654851893868523,2.1976340886948567,47.87640811186669,0.10073271938522327,0.9703151899517202,iEEG atlas
882,MD050RA7,3.2429332938451747,2.751175689564109,812.518240628887,0.09684414926102629,0.9615502119855034,iEEG atlas
883,MD050RA8,2.350294229349189,2.275842998681637,47.6192736392433,0.1029767304641425,0.9671994934016054,iEEG atlas
884,MD050RA9,3.5332243281401423,2.7542286893325536,87.6311322700143,0.09507928574145875,0.9839968092424545,iEEG atlas
885,MD050RH8,3.034336749261292,2.3524515536769006,210.03644124054915,0.09935352109158375,0.955475879556632,iEEG atlas
886,MD050RH9,3.4143633448368647,2.846000616698701,974.4985837848558,0.09258434470298854,0.9699267298543254,iEEG atlas
887,MD052LIp1,3.281278681559406,2.7004190691988907,285.10609377579374,0.08691373193301899,0.981913779247922,iEEG atlas
888,MD052LIp2,3.6887938118554615,2.8259768395560427,756.9238166724359,0.08847486598843785,0.9807891533667185,iEEG atlas
889,MD052LIp3,3.5777094333735344,2.8649907829706582,823.8763911345745,0.07636564206958585,0.9847925483594269,iEEG atlas
890,MD052LIp4,3.356890819599397,2.8601871496641644,711.8509590836702,0.07716130897735483,0.9845529469487336,iEEG atlas
891,MD052LIp5,4.378430884469947,3.3380466540526847,2638.1154096382293,0.07111601585480884,0.9892962014048696,iEEG atlas
892,MD052LIp6,3.400513436994125,3.1687662218295793,1678.5411835137872,0.0762051423229193,0.9825570115539233,iEEG atlas
893,MD052LIp7,2.035625406121782,2.4899165259690617,178.33959759809207,0.0902374166170163,0.9789369696469582,iEEG atlas
894,MD052LSMAa2,5.004371596824504,3.5387038637979855,53214.288561962014,0.08089345090958577,0.9837375350730077,iEEG atlas
895,MD052LSMAa3,5.5003204175966305,3.972573401329734,257114.22458996647,0.08462946296208926,0.9852488300218999,iEEG atlas
896,MD052LSMAa4,4.908166807713096,3.5963589293832805,93312.60050635101,0.06781310400091552,0.9859493907421629,iEEG atlas
897,MD052LSMAa6,5.743771710624934,3.615423667344045,132373.1963938057,0.06329996785505498,0.9865223058522481,iEEG atlas
898,MD052LSMAa7,6.004310426855224,3.729990796534701,246196.12180059488,0.09001280077231849,0.9707314988408818,iEEG atlas
899,MD052LSMAa8,5.385976755706083,3.4263649399457603,46990.18520524169,0.07942118860698262,0.9816955443168716,iEEG atlas
900,MD052LSMAa9,6.79679043994653,4.353356146312513,838451.2098763023,0.0947548816207688,0.9852534834215767,iEEG atlas
901,MD052LSMAp1,5.149827386729749,3.3159180841961224,12157.692331177792,0.06702884111042394,0.9891526722438168,iEEG atlas
902,MD052LSMAp2,4.250512561401677,2.885783628417476,2172.079683745963,0.089331989261456,0.9748834224579168,iEEG atlas
903,MD052LSMAp3,5.779739884646723,3.5791541745867983,49710.24286908597,0.10706097536545311,0.9735155700862845,iEEG atlas
904,MD052LSMAp4,7.034730656468467,4.283912926134551,1427935.8495564812,0.1109328045973318,0.9725111654293939,iEEG atlas
905,MD052LSMAp5,8.429297090879869,4.9617122680533114,13725427.56308212,0.130324318838448,0.970243624996675,iEEG atlas
906,MD052LSMAp8,8.832271304096748,5.302503846114494,72236503.49494436,0.1413062707774917,0.9658351393873275,iEEG atlas
907,MD052LSMAp9,8.139425785404969,4.730226354079002,5374462.768994214,0.12789707079190096,0.9710907558124486,iEEG atlas
908,MD052LSMAp10,6.0572263083377385,3.7948557305212303,181429.67677477785,0.092882919141145,0.9787987481062923,iEEG atlas
909,MD052LSMAp11,5.015731976248265,3.089687658883174,20320.371201115435,0.08824063932390884,0.9655962826099291,iEEG atlas
910,MD052LSMAp12,5.815512571174548,3.526629191140887,52242.31360627065,0.09025242498849748,0.980533514324017,iEEG atlas
911,MD052LSMAp13,6.719813826552224,4.041935514658184,434493.5366669029,0.10538248767661187,0.973152147866121,iEEG atlas
912,MD053RCa1,3.7270795225464353,2.6414042392443755,152.20392119844468,0.07450058324176505,0.9872853624751717,iEEG atlas
913,MD053RCa2,3.355673214426522,2.72801231091668,345.51315473873217,0.08101528755296689,0.9840157709266085,iEEG atlas
914,MD053RCa8,5.941969259725622,4.069591655219682,392773.02972641,0.08065757023034889,0.9812512620189047,iEEG atlas
915,MD053RCa9,6.93486996157252,4.6934722906873345,3461866.7911586487,0.08135441083254352,0.9790077830150606,iEEG atlas
916,MD053RCp1,4.235569662935868,2.969553477535124,1088.1566400815482,0.06311784321891886,0.9891432741044232,iEEG atlas
917,MD053RCp8,7.977399808786433,4.884488432550402,12010873.128364181,0.07317399556538383,0.9813770907684638,iEEG atlas
918,MD053RCp9,6.8708625272722434,4.259745731835095,860047.1873140617,0.09683074022948285,0.9764315562835537,iEEG atlas
919,MD053RCp10,9.498638236640302,5.639255359005425,123657783.5766454,0.13303653231354387,0.974377249416811,iEEG atlas
920,MD053RSMAa1,5.1361486935216085,3.4239005384664205,10293.648073831224,0.05512596604980583,0.9929035703020181,iEEG atlas
921,MD053RSMAa2,5.209665680315373,3.486978384214021,25478.971357695056,0.08418043602470224,0.9854816073354948,iEEG atlas
922,MD053RSMAa5,5.200488037765299,3.3209331219829457,34357.44165541367,0.07100754330987383,0.9853834616580655,iEEG atlas
923,MD053RSMAa6,7.347721777562286,4.360031120803193,834730.4206065494,0.07822378311836425,0.9881768316222015,iEEG atlas
924,MD053RA1,3.9855183197154433,2.620822674122619,1886.3403703749993,0.058345234706741515,0.9825388120722662,iEEG atlas
925,MD053RA2,2.877087142418811,2.178370179309276,15.421063700183167,0.11467825297875149,0.9675179344021951,iEEG atlas
926,MD053RA3,2.571722600927314,2.0683174653213694,22.891778516913003,0.09851960148014134,0.9708301010018912,iEEG atlas
927,MD053RA4,2.1511779737083323,1.9849501022372456,9.852628152169746,0.08497629924892997,0.9770619294708367,iEEG atlas
928,MD053RH1,5.497200611154184,2.8823468043235376,2799.891832352899,0.06616126045880137,0.9875945611831614,iEEG atlas
929,MD053RH2,2.813654173207111,1.315514602013791,-0.434243267973881,0.08821708035116035,0.9661508967644362,iEEG atlas
930,MD053RH3,3.9294731196193893,1.7524820732943374,0.4267733934273975,0.06251694634572563,0.9861636005126196,iEEG atlas
931,MM054LOF1,3.1145924817845985,2.5455203261570474,60.54194709577696,0.09214669118709425,0.9838371313630261,iEEG atlas
932,MM054LOF5,10.74834148457287,7.090007435792279,37586156861.171684,0.10124918160486861,0.9739357777401897,iEEG atlas
933,MM054LOF6,7.711669997649032,5.225045394299703,13180117.000118008,0.15756485779752724,0.9609411993470918,iEEG atlas
934,MM054LOF7,7.889688939851332,5.315477585900599,20407837.85877401,0.14185944103299075,0.9721717156391766,iEEG atlas
935,MM054LOF8,8.135189597717094,5.4950310237211,33809572.36047673,0.1334294486020399,0.9764721015516902,iEEG atlas
936,MM054LCa1,4.999812748481227,3.730086928437231,15132.17154411213,0.12481835919221089,0.9647497380893366,iEEG atlas
937,MM054LCa6,7.831446734910275,5.569215635111686,46533521.30722582,0.1407493657440394,0.9771321379534146,iEEG atlas
938,MM054LCa7,8.761999027841226,5.94009670853391,197015208.9025445,0.09887371761973024,0.986372177392722,iEEG atlas
939,MM054LCa8,8.166756494853995,5.561405187158237,25155216.899992794,0.07658110002018033,0.9900880866821921,iEEG atlas
940,MM054LCp1,7.592342674807994,4.255022137481029,193352.24688156042,0.10629108427753141,0.9809121549914085,iEEG atlas
941,MM054LCp2,6.885201730464888,4.594429423128667,706859.0377001821,0.1138519298998775,0.980472523326579,iEEG atlas
942,MM054LCp3,6.633623641545095,4.7571455725158,1021048.0063359407,0.2088081455881109,0.9467604869313351,iEEG atlas
943,MM054LCp4,6.844179205926531,4.908190997210961,943659.852456476,0.20898978954392963,0.9563733366493997,iEEG atlas
944,MM054LHp6,6.242572432682908,4.383403783480645,89031.17616498149,0.1009666453523911,0.9870374436603645,iEEG atlas
945,MM054LHp7,6.445230209972157,4.37814130511002,6976.105155818376,0.09703019003147828,0.9920340961871782,iEEG atlas
946,MD055RPs8,6.766231657902962,4.612894299887695,63506.85397984382,0.1319515210629112,0.9828927391990375,iEEG atlas
947,MD055ROi5,5.561917070806824,4.011494174129614,6129.216665905565,0.11010655417012828,0.9848998591583833,iEEG atlas
948,MD055ROi6,5.638002251002321,4.077768921983329,5597.913639655242,0.10686660847999258,0.9869196203768889,iEEG atlas
949,MD055ROi7,5.4575104163008765,3.9247657174751076,2523.8677570985437,0.09369202054407678,0.9894846733827404,iEEG atlas
950,MM056LOF1,4.724392857905628,3.32782408256885,454.8773546881412,0.07815378239239493,0.9932605407637328,iEEG atlas
951,MM056LOF2,5.26837366088963,3.8644962210583653,2984.480409214259,0.08206110632543133,0.992397307956844,iEEG atlas
952,MM056LCa1,4.021172647088858,3.243203123248088,522.4525276087996,0.09232904581205413,0.9877880441573031,iEEG atlas
953,MM056LCm1,4.511282812822351,3.1716896173872065,1383.2174530678321,0.060894133463474366,0.993720589203386,iEEG atlas
954,MM056LCm2,3.9202943494711158,3.5881417497279764,1223.6450326600843,0.09227050988095899,0.9911943192057121,iEEG atlas
955,MM056LCm7,7.256335982667921,5.297211721228747,1578064.9518516152,0.18150272159648856,0.9735204725686943,iEEG atlas
956,MM056LSMAa5,6.628602996711424,4.766927754874901,154025.39198307105,0.11381664245701259,0.9886014573535757,iEEG atlas
957,MM056LSMAa6,7.11228380398911,5.026631011497796,202068.67338870064,0.10598366324756951,0.9919674366893931,iEEG atlas
958,MM056LSMAa7,6.384867108849296,4.5774570624411535,11596.17113011509,0.10968820567416042,0.9909696808458853,iEEG atlas
959,MM056LH2,5.504860437481357,3.533517736171159,4855.824923446509,0.08537093771423673,0.9908682481443476,iEEG atlas
960,MM056ROF1,5.169273672533778,3.7748645467395794,2724.4939258756485,0.08000955370758477,0.9932670410272173,iEEG atlas
961,MM056ROF2,5.438994224290169,4.291543673416942,16440.747294833942,0.1245018388911604,0.9880404646096185,iEEG atlas
962,MM056ROF3,4.094378599067981,3.392278886040831,249.48056661350412,0.094034159650618,0.9902357188098341,iEEG atlas
963,MM056ROF4,4.695791584671705,3.40085418691723,236.20359524189365,0.07802719031888018,0.9932900597112408,iEEG atlas
964,MM056ROF5,4.193415227287947,3.1488357948681642,209.60538400230476,0.08884286461626838,0.9874523164742071,iEEG atlas
965,MM056ROF6,6.010424749246379,4.217771343693058,77560.73938865324,0.09491715973914869,0.9885750650088159,iEEG atlas
966,MM056ROF7,5.529024063548154,3.5976394364054696,5489.7489708869825,0.10185377965102747,0.9831037797073486,iEEG atlas
967,MM056RCa1,4.573296038407691,3.303737222566901,1251.7972291232288,0.07362604647220446,0.9894666180220794,iEEG atlas
968,MM056RCa2,3.5430768121430503,2.7952957215090977,86.69943004516023,0.07235758828137004,0.9901858807766795,iEEG atlas
969,MM056RCa6,6.574088958101889,4.871953498038328,31904.348727645283,0.18293037191677503,0.9799984800310388,iEEG atlas
970,MM056RCa7,6.084194512391602,4.5952770018780225,9742.771389199175,0.1749266664093072,0.9808445312757469,iEEG atlas
971,MM056RIi2,4.014359918775182,3.0917114144318636,135.80554587034703,0.0548478111648651,0.9957122772187467,iEEG atlas
972,MM056RH1,4.196934496436218,3.1975219668611468,487.7953855849535,0.08370425634411542,0.9894288257841053,iEEG atlas
973,MM057RSMA1,7.942572578744376,4.655569691037302,2449388.3748458666,0.08612191255713439,0.9880700732042419,iEEG atlas
974,MM057RSMA2,8.206190070169233,5.258957984765726,9169129.334783835,0.062216358834618624,0.9946691800701624,iEEG atlas
975,MM057RSMA4,9.333002003488135,5.738469592576932,71445701.54899672,0.07279829637261964,0.9931431218216943,iEEG atlas
976,MM057RSMA5,7.775935260098449,4.930043224369586,1718037.7523091424,0.08031495723415566,0.9926847390109375,iEEG atlas
977,MM057RMs2,7.762327867260254,5.196682575214899,5986341.167916929,0.1112274969157909,0.9861348124682552,iEEG atlas
978,MM057RMs3,7.582967234284737,5.119726688560511,4399432.723890219,0.08606268223905711,0.9904545809181348,iEEG atlas
979,MM057RMs4,7.943465802638873,5.224187651143177,3565579.037926734,0.11597220272200402,0.9793763392922664,iEEG atlas
980,MM057RMs5,9.480914750770504,5.504726463462867,20518420.647700932,0.1037964615822694,0.9882365489511665,iEEG atlas
981,MM057RL1,5.696192740349333,3.5077991811778584,1140.7274052881019,0.07064705293328659,0.9926288731448334,iEEG atlas
982,MM057RL2,5.985821158431203,4.032632029180419,4140.851771135979,0.06449922357022299,0.9956724360994084,iEEG atlas
983,MM058LCa1,3.8899664960996465,3.4068573819892976,2798.814977695893,0.13221745065489737,0.9707408542944205,iEEG atlas
984,MM058LCa6,7.393803311913169,5.152134216290443,2301009.9193117013,0.15702587122971226,0.9772913592356227,iEEG atlas
985,MM058LCa7,8.266389112865763,5.461393943038578,7299881.645570715,0.17477107855516377,0.973477755507107,iEEG atlas
986,MM058LCs1,6.5876402154424065,4.0740161027738235,56404.857163676264,0.0884587012641364,0.9889614224620829,iEEG atlas
987,MM058LCs2,4.991504976869752,3.46512001568429,12705.538888865854,0.06818090066305696,0.989880932156351,iEEG atlas
988,MM058LCs3,6.250958754504748,4.599340890917504,534504.8137996731,0.13177982515179076,0.9783962352319674,iEEG atlas
989,MM058LCs7,7.069745204595376,4.46486520536459,392903.53464381484,0.13233942588906664,0.9692248485435763,iEEG atlas
990,MM058RCa2,3.7997455011315875,3.3294433369485965,1221.6122773303978,0.1224921946689313,0.9751488305792753,iEEG atlas
991,MM058RCa3,3.66076482234499,3.387341817591869,2076.1325242138773,0.16193996412495099,0.9624819879492401,iEEG atlas
992,MM058RCa6,6.514510488125385,4.596165915550951,128651.41621241099,0.12210840916975874,0.9848501956011377,iEEG atlas
993,MM058RCa7,5.7989633426075065,4.343102258612712,78274.7260926842,0.12715042267059476,0.9819953260655674,iEEG atlas
994,MM058RCs1,5.2373023483912755,3.6172152586020307,10018.15053913651,0.09560168862870855,0.9864482996956673,iEEG atlas
995,MM058RCs2,4.8466713551047915,3.467194909879259,9884.076722746348,0.113501458349205,0.9777726846166213,iEEG atlas
996,MM059LH1,2.323296723067639,1.7905556056826808,-0.4242695100307332,0.09083304899688635,0.9710936148313095,iEEG atlas
997,MM059LH3,2.2387344730792065,2.0387735005025305,1.5030398257068704,0.08268213798846888,0.9846143573542852,iEEG atlas
998,MM059LH4,3.1103426357050856,2.3303484155702807,8.967145321271543,0.1058154156359943,0.9768049526420018,iEEG atlas
999,MM059LH5,5.251382390964046,3.622225722355529,10784.050647885231,0.09711091509266147,0.9722845524807201,iEEG atlas
1000,MM059LH6,4.784263957809309,3.468365213865419,6332.665244781958,0.10061622707784372,0.975884516791249,iEEG atlas
1001,MM059LH7,4.8780221404214865,3.7054838653639313,7126.304014967829,0.1364351790078438,0.9733476156953935,iEEG atlas
1002,MM059LH8,3.8340052319937676,2.998008284896524,358.98179401455957,0.12435843236005087,0.9676375936360375,iEEG atlas
1003,MM059LCi1,2.5793501142824047,2.1844475056444765,18.06110630426703,0.07634923661310969,0.9837927766626047,iEEG atlas
1004,MM059LCi7,4.3180196841137946,3.139078735705975,2052.383662149783,0.08772397719296873,0.977231107424415,iEEG atlas
1005,MM059LCi8,5.179319001510766,3.307557958614569,2936.7196960685787,0.08028839205746344,0.9795178499611427,iEEG atlas
1006,MM059LPC1,4.825243635077836,3.0874582266106967,7738.2232838311,0.08388001395547497,0.9655245168884052,iEEG atlas
1007,MM059LPC2,4.85751213291661,3.353136711662748,10915.763044455656,0.08007313145414938,0.9783738414590707,iEEG atlas
1008,MM059LPC4,4.274436766301658,3.232151620698112,6165.834465749097,0.10507765054856437,0.971519840356266,iEEG atlas
1009,MM059LPC5,5.5394014055979905,3.643782647166932,53365.745346456024,0.08280258537380433,0.9682078728483411,iEEG atlas
1010,MM059LPC6,6.402204006314472,3.8516248384713663,74800.36504047488,0.08947868444893203,0.9641676746664101,iEEG atlas
1011,MM059LPC7,4.005288945150514,2.763683885125401,578.8233056995741,0.12173085756979231,0.9594172614854374,iEEG atlas
1012,MM059LPC8,4.778484490122209,3.224320229620832,7227.340936944547,0.09714932098543759,0.9698275127688146,iEEG atlas
1013,MM059LOs4,5.88656009725955,3.5600080687733007,12686.77703206002,0.08893984616717444,0.9846742290974276,iEEG atlas
1014,MM059LOs5,3.738330239100151,2.710830024450061,631.0357619641162,0.09484088982795173,0.9714745323819636,iEEG atlas
1015,MM059LOs6,5.374266900540686,3.4934946023561655,14118.730089352872,0.09805303909573151,0.9736441955968248,iEEG atlas
1016,MM059LOs7,5.448826434126251,3.498832845847746,11097.844727849635,0.10068417579212101,0.9627134114512542,iEEG atlas
1017,MM059LOs8,3.1977298103617326,2.0658148603017588,17.3043814030555,0.09777202779486825,0.9696431188398389,iEEG atlas
1018,MD060LSMAa1,5.107756825831446,3.253495024344239,5885.700355415316,0.06272344835937985,0.9905919306722619,iEEG atlas
1019,MD060LSMAa2,4.926521771164282,3.2906349830308126,11079.871487594395,0.09034235638283156,0.9733198213993288,iEEG atlas
1020,MD060LSMAa3,5.123749432798382,3.4016081461000764,23767.63621803756,0.06971022799082144,0.98460216176021,iEEG atlas
1021,MD060LSMAa4,5.157318339504148,3.269790967491734,7976.867837065166,0.07548217649110879,0.9878331632967954,iEEG atlas
1022,MD060LSMAa5,5.461559536896668,3.3517804220369993,12902.538401795744,0.06527591501610248,0.9889420645500251,iEEG atlas
1023,MD060LSMAa6,5.076683517517303,3.4044311728328007,24980.74168086809,0.060702171987589155,0.9894921561073916,iEEG atlas
1024,MD060LSMAa9,6.097041160968712,3.6932273548147494,66048.3596551935,0.07153671567830683,0.9882913469790118,iEEG atlas
1025,MD060LSMAp1,5.481395733723401,3.625450051790277,18297.69934341042,0.10750870755064024,0.976162491360769,iEEG atlas
1026,MD060LSMAp2,6.00915988063866,3.5396249700626337,22151.46010528667,0.09276662008788862,0.9783513847533397,iEEG atlas
1027,MD060LSMAp3,4.791811461226465,3.0943146939923274,4042.9139623624737,0.09706053247049717,0.9714024294035021,iEEG atlas
1028,MD060LSMAp8,5.391548747869108,3.4211848505001483,45665.76326732183,0.08584390486129975,0.977360151544176,iEEG atlas
1029,MD060LSMAp9,6.726224949640797,4.087058542488248,406975.78105733916,0.09213792998323579,0.9818002937058193,iEEG atlas
1030,MD060ROF1,3.384423859364625,2.5814896218132732,168.57739820421318,0.09882693797576676,0.9753668235211953,iEEG atlas
1031,MD060ROF2,3.8290099417909205,3.046091041581794,605.7706264367359,0.08211925749278397,0.9849583201050893,iEEG atlas
1032,MD060ROF7,2.8860702623372028,2.6013024468782784,296.426322614675,0.0877920275913182,0.9782319141792215,iEEG atlas
1033,MD060ROF8,5.308370873085222,3.4079520932346328,13215.737816755198,0.07313504899635069,0.9864107838292006,iEEG atlas
1034,MD060ROF9,4.609815597022007,2.875234240863104,1249.9574582211476,0.08869307456352943,0.9770010315768972,iEEG atlas
1035,MD060RSMAa2,5.219168039941048,3.2269447622202034,10873.389164674243,0.05979647027463353,0.9892103957244809,iEEG atlas
1036,MD060RSMAa3,6.166938210678726,3.9875509281933024,110465.26896759083,0.06358922539064829,0.9925658186568663,iEEG atlas
1037,MD060RSMAa9,4.130340189305917,2.7630926408531966,2717.450961896865,0.09419259600926784,0.9628773825846301,iEEG atlas
1038,MD060RSMAa10,6.214676929447762,4.144259082061108,952265.4725485794,0.07435791540250568,0.9837548724641658,iEEG atlas
1039,MD060RSMAa11,5.054753666074632,3.731262612120537,96073.71891813733,0.07978110462010551,0.9860042554492522,iEEG atlas
1040,MD060RSMAa12,3.9605217096688077,3.4124992560025587,17733.474291265975,0.07851680648829469,0.9843544334769133,iEEG atlas
1041,MD060RI8,7.594457115157825,4.6285016734917654,1294928.1049932726,0.06834894698796089,0.9914276001479791,iEEG atlas
1042,MD060RI11,6.786019642714307,4.10838607650865,134094.11814759445,0.08419722227404704,0.9897010450871712,iEEG atlas
1043,MD060RI12,5.224894250186539,3.3841725765358617,10858.671227721792,0.08421408153424509,0.9823488800312127,iEEG atlas
1044,MD060RI14,6.2926058135553555,4.089825482244014,293706.88762007107,0.0882315450041633,0.9852992676753305,iEEG atlas
1045,MD060RH1,3.8718055462903203,2.197637604803476,31.776430691447562,0.0950331462803242,0.9709006556557602,iEEG atlas
1046,MD060RH2,4.311742886232129,2.2903908250065426,26.93506482026714,0.08505856710574226,0.9828342299408126,iEEG atlas
1047,MD060RH3,4.423468593564276,2.3205040651769617,3.0448774205270377,0.10795764573230845,0.9792672309043019,iEEG atlas
1048,MD060RH4,3.280612915448222,2.1663313877394095,31.06537269714021,0.0794911640373031,0.9815172036738999,iEEG atlas
1049,MD061RPs1,3.5511239781950814,2.59952883326824,190.21305996385837,0.10209276267155486,0.9775248487386278,iEEG atlas
1050,MD061RPs2,4.436714021016136,3.3262878821157122,2554.5036567204843,0.08383372807611261,0.9870231606031766,iEEG atlas
1051,MD061RCSMg9,3.651711077525053,3.2168405495225643,1627.8212225650127,0.07794817345947386,0.9875485151763866,iEEG atlas
1052,MD061RCSMg10,3.279756383794079,2.9676960644257586,560.8698999275449,0.07949942574689059,0.9848843010710044,iEEG atlas
1053,MD061RCSMg11,2.757003846638122,2.2327758890578435,27.711989770020075,0.11210582020858527,0.9654789912429534,iEEG atlas
1054,MD061RCSMg12,2.5926589767169457,2.1481861404645817,21.24082947297587,0.09986703830627694,0.9690110534084303,iEEG atlas
1055,MD061RCAg6,5.876126588824821,3.5187408060553844,1208.2565920832283,0.08302059138746892,0.9914263268041754,iEEG atlas
1056,MD061RCAg7,5.305784065025645,3.228511250839678,924.4370898937465,0.07881700455976913,0.9883074155658857,iEEG atlas
1057,MD061RCAg8,4.056376212618656,2.798251159275725,297.984393985874,0.08951243743081498,0.9806482525105316,iEEG atlas
1058,MD061RCAg9,3.6608391733951926,2.4717846701596153,75.7387456564865,0.08875906879511568,0.9783503603956432,iEEG atlas
1059,MD061RCAg10,3.474850538081417,2.344063616517838,118.19813729928913,0.07912329107117921,0.9771760459458737,iEEG atlas
1060,MM062LH1,3.3772455600593805,1.9905848804701665,1.908797231034416,0.08379336054587429,0.9809459891016392,iEEG atlas
1061,MM062LH2,4.194439902254481,2.3124407705154844,3.021663883604195,0.06943573723650667,0.9902859453925512,iEEG atlas
1062,MM063ROF1,3.9766524049957064,3.499011081978994,10456.366150128253,0.13450983285325774,0.9669305751289167,iEEG atlas
1063,MM063ROF6,7.905232908604336,5.784528339241945,55293176.14861891,0.09751152306261798,0.9885313885681616,iEEG atlas
1064,MM063ROF7,6.882849046442037,4.766983143558318,1248706.8616519629,0.11596051068889632,0.9816182326500581,iEEG atlas
1065,MM063ROF8,6.963475630195298,4.662309463948286,682339.8124344271,0.12873505140289657,0.9760243540841135,iEEG atlas
1066,MM063RCa1,5.047681975603519,3.2053065143262023,4240.496893302098,0.09283557106000721,0.9774924124037965,iEEG atlas
1067,MM063RCa2,4.692617177533618,3.534462179378104,12036.076857071645,0.09285227600464784,0.9841512508878305,iEEG atlas
1068,MM063RCa3,4.433335633310845,3.603806630658414,12468.608347848683,0.11949820760300273,0.9782631233987755,iEEG atlas
1069,MM063RCa4,4.9610900032656255,3.8987234245374265,88388.97939825204,0.10178921531448139,0.9809687473325034,iEEG atlas
1070,MM063RCp1,6.148311152663726,3.8805066988712014,31630.35069577243,0.09355605444429926,0.9849566610238705,iEEG atlas
1071,MM063RCp2,4.822018944204362,3.368853506851721,3732.2012897163445,0.1301200430219541,0.9574505924374749,iEEG atlas
1072,MM063RCp8,7.16180211296188,4.645603472547037,293641.8155533111,0.09480512678190893,0.9892734714518182,iEEG atlas
1073,MM063RIi7,5.394708743621841,3.4916941553828624,5412.211248865885,0.06853448838497204,0.9919419235917192,iEEG atlas
1074,MM063RIi8,4.891891573623934,3.2006448814747523,3021.1157199608056,0.05834149678987221,0.9934366190093059,iEEG atlas
1075,MD064LOF1,3.5684506681843833,2.5237467557758877,126.51949395120674,0.08672207167884027,0.9801241984200262,iEEG atlas
1076,MD064LOF2,3.709605257720426,2.4144218881966912,8.452360355707516,0.07943071624173884,0.9877118873077996,iEEG atlas
1077,MD064LOF6,2.7131449696793113,1.7890860075188133,3.0142892892903275,0.0734455069288128,0.9798875210463117,iEEG atlas
1078,MD064RCp1,5.35589697690032,3.343130858045744,1182.4691775890715,0.06290353789844694,0.9928599967332609,iEEG atlas
1079,MD064RCp7,5.161958295544987,3.2850000407590336,1520.1260119409667,0.08943335674061402,0.9861483500571507,iEEG atlas
1080,MD064RCp8,4.338659230432285,2.741321344273504,63.565117757438216,0.07493614092321019,0.9891109210281918,iEEG atlas
1081,MD064RCp9,5.008199262188277,3.1424507822350045,346.20592260164403,0.07106701105571038,0.9924723448542858,iEEG atlas
1082,MD064RCp10,4.656358661103865,3.269864743079979,2143.331439189212,0.0893570853164417,0.9833250657647354,iEEG atlas
1083,MD065LHp6,4.270234378130656,2.5333576626984082,348.4448299531473,0.08863252780168215,0.9721169514114264,iEEG atlas
1084,MD065LHp7,5.06619975150443,3.0392578450581773,653.7966874214193,0.0933240998747794,0.982992963184618,iEEG atlas
1085,MD065LCp9,5.1985734600282365,3.943616860945258,74608.63644293617,0.06542633825519738,0.9918583603603852,iEEG atlas
1086,MD065LFug7,4.060561166785984,3.340975529926899,880.2613452660469,0.09961107532635859,0.9848751980522906,iEEG atlas
1087,MD065LFug8,3.8885546213434488,3.1869436012977705,611.4535030105877,0.07488298184595886,0.988532967283879,iEEG atlas
1088,MD065LFug9,4.398045393973965,3.348669682031886,2177.8172251666083,0.09183242813881913,0.9815618352952354,iEEG atlas
1089,MD065LOi1,5.140903499681177,3.1855853672258,3037.2737347759767,0.0998598991888743,0.9758867229881032,iEEG atlas
1090,MD065LOi2,6.734151140901572,4.05309607126094,50304.79405661645,0.10456928426728888,0.9831916089987369,iEEG atlas
1091,MD065LOi3,4.602123272506552,3.2387177789856296,1470.7771365897195,0.10652722917645392,0.9776591226009943,iEEG atlas
1092,MD065LOi4,3.2977978651330675,3.0205206105611198,170.0078315325867,0.09051921742679905,0.9877153338380551,iEEG atlas
1093,MD065LOi8,4.382194360692485,3.381299637717086,716.2519719672005,0.09354305709123614,0.9872539669359957,iEEG atlas
1094,MD065LOi9,4.131793795814843,2.9035531364908183,120.93635539578204,0.08948562789109595,0.9881796309923467,iEEG atlas
1095,MD065LOi10,4.226128013519786,2.6370752443871135,30.87776787923386,0.11942344382098109,0.97809031969338,iEEG atlas
1096,MD065LOi11,5.211676142963707,3.09229588707492,557.784739614303,0.07941401406562316,0.9898845750578925,iEEG atlas
1097,MM066LCa1,3.5193180325130275,2.809622307092704,306.6046292324185,0.09779189125668737,0.9738071965276969,iEEG atlas
1098,MM066LCa5,5.52611468075025,3.811795094349817,10942.592506296842,0.11992515489877544,0.9734128115212797,iEEG atlas
1099,MM066LCa6,5.0047552470329855,3.5623160600426558,6140.309744961041,0.08378127686340463,0.9858224911874608,iEEG atlas
1100,MM066LCa7,4.512734028252908,3.1832952295057675,169.88860532858726,0.07083045671528118,0.992559978089726,iEEG atlas
1101,MM066LSMA1,4.274978302223961,2.72032532202566,1566.1873218139065,0.09967126487407708,0.9572806267034868,iEEG atlas
1102,MM066LSMA2,5.2785134608205055,3.8999671346844096,33078.6491037759,0.12697893490459153,0.9702821206635176,iEEG atlas
1103,MM066LSMA3,5.90769173382829,4.210162446882228,130868.51319374469,0.08710049275064331,0.9863121828455406,iEEG atlas
1104,MM066LSMA4,5.821479359245425,4.077499097705129,55639.74322457463,0.10012797848683558,0.9785848304535978,iEEG atlas
1105,MM066LSMA5,6.268309258424893,4.369723439267419,146949.67671779764,0.11565619578900443,0.9768884280574529,iEEG atlas
1106,MM066LSMA6,5.638778765743808,4.205332581868959,70920.67429577226,0.13297665519950716,0.9666568200120341,iEEG atlas
1107,MM066LSMA7,4.544756554171295,3.914103052735375,47303.64973536353,0.08757842719559157,0.9790603293928066,iEEG atlas
1108,MD067LOF11,5.310817403958953,3.4363782230467494,61958.37932954563,0.08104600243855915,0.9701125678723062,iEEG atlas
1109,MD067LOF12,5.2462826413098895,3.237755962303582,25341.707147697936,0.07951566212683604,0.9662346323029364,iEEG atlas
1110,MD067LOF13,4.783408879219756,2.9057146603927593,6527.419003908196,0.0791926084275946,0.9572747792648603,iEEG atlas
1111,MD067LCA8,5.034571995307431,3.3534847252898325,52419.142397757336,0.0727365710567715,0.9777541810542458,iEEG atlas
1112,MD067LCA9,5.697889320824017,3.6273817035141502,185016.44612126594,0.07739871229671864,0.9780229512716908,iEEG atlas
1113,MD067LCA10,5.827795047955504,3.6608187691852825,358064.59587923205,0.07880047331725566,0.9629041985285843,iEEG atlas
1114,MD067LCA11,7.452375020409598,4.39582927908921,3679055.5888486807,0.08758317759490272,0.979235893230443,iEEG atlas
1115,MD068RLm8,8.353134488994463,4.934565140755324,2412805.838163343,0.08813740016318704,0.984437437273117,iEEG atlas
1116,MD068RLm9,8.41519971378679,4.946553379510229,5174102.277548021,0.0760094712852043,0.9883284530770103,iEEG atlas
1117,MD068RLm10,9.642216107016091,5.616889460116921,15426216.112123018,0.06708724606320007,0.9933026776837764,iEEG atlas
1118,MD068RLm11,9.185597083859472,5.567244083349317,10186743.031077774,0.058590277905391494,0.9957601121699827,iEEG atlas
1119,MD068RLm12,10.40391698558033,6.320119758080547,134224622.54816222,0.06046066514872401,0.9966006051869879,iEEG atlas
1120,MD068RLm13,10.962669521957627,6.545290958815258,155161317.4530756,0.07761329012872045,0.9954405693955403,iEEG atlas
1121,MD068RLm14,6.714144048358362,4.545508735146926,77118.24240952142,0.06113573059887587,0.9958724987131365,iEEG atlas
1122,MD069LOF7,2.909533751155515,3.180905600542374,583.3970189617567,0.055690102064483396,0.9950030768293909,iEEG atlas
1123,MD069LOF8,4.0874969092854965,3.66091518126986,5948.708063936094,0.09330432690409368,0.9875949287678693,iEEG atlas
1124,MD069LOF9,4.711205120822031,3.600579573477401,14451.388627830269,0.052709390853756734,0.9948443450697529,iEEG atlas
1125,MD069LCa9,5.020185055879085,3.4496467718987813,10251.503959849417,0.08650173369100364,0.9845404698807708,iEEG atlas
1126,MD069LCm1,4.0261700971365,2.8376690209792326,275.88728661935045,0.07535534360494986,0.9882256162400719,iEEG atlas
1127,MD069LCm2,3.82285583011309,2.668560031111278,257.9907443429464,0.0662243137652824,0.9892577943227074,iEEG atlas
1128,MD069LCm3,2.421235024210387,2.4951441622533044,85.31348153845484,0.07208308011692138,0.9862684124215332,iEEG atlas
1129,MD069LH7,4.84550920644869,4.3388188657271884,8110.321307284423,0.09059429453487527,0.9917441281606609,iEEG atlas
1130,MD069RH3,4.578984613028231,3.2788629076646267,631.5883143604482,0.06573021577622909,0.9943673394165171,iEEG atlas
1131,MD069RH4,4.940290669172193,3.1746155391412176,271.5352895824167,0.08586134352370506,0.9904073167222865,iEEG atlas
1132,MD069RH5,4.659656766282513,3.062042958268911,251.58214708189698,0.08144140990373487,0.9908631299174263,iEEG atlas
1133,MD069RH6,4.776221101626652,3.32277248057491,769.9634390371575,0.07960618347460277,0.9919377478707538,iEEG atlas
1134,MD069RH7,5.236484832504308,4.090605354794185,17347.062340244633,0.11565623811395506,0.9865004107406559,iEEG atlas
1135,MD069RH8,5.455407610458986,4.0222228185230655,16997.00413293555,0.12126646146254193,0.9818122981587062,iEEG atlas
1136,MM070LCp7,6.3301139525484595,4.7361182885215785,157269.7212706371,0.07983518344597687,0.9893639157947213,iEEG atlas
1137,MM070LCp8,5.17715875577703,3.911253320019864,8797.073065268856,0.0873399125660598,0.9846899137255332,iEEG atlas
1138,MM070LL1,5.823688100149266,3.982316361191626,3894.9653933950526,0.07841511506969116,0.9922242673731502,iEEG atlas
1139,MM070LL2,5.571423709675748,4.043191202063214,3457.2462104566575,0.07726239655726619,0.9922306231858545,iEEG atlas
1140,MM070LL5,6.333114260708814,4.639897226057098,36401.417177477866,0.0919346709162397,0.9922571116589434,iEEG atlas
1141,MM070LL6,6.605821341802455,4.751890570185408,100641.07437940969,0.11742143943883862,0.9878827993047261,iEEG atlas
1142,MM070LL7,7.141217527299422,5.094988006931179,324500.74013815075,0.08323214530621206,0.9933008033574333,iEEG atlas
1143,MD071LFP1,6.20816888848978,3.699843939359025,50275.736049130806,0.09949285782527152,0.9665345793214736,iEEG atlas
1144,MD071LFP2,4.823193286605979,3.0719349896083807,8459.082594617015,0.08236106285240426,0.9621666799004346,iEEG atlas
1145,MD071LFP8,6.081988141295126,3.5551696581809207,56211.75202466815,0.08582892348109725,0.9735619463154529,iEEG atlas
1146,MD071LFP9,6.82823597444372,3.9925645839985653,281872.1561908742,0.09684455288403468,0.9700446711722978,iEEG atlas
1147,MD071LAC1,3.1948883715479672,2.2245070545713923,27.431267907054863,0.09872599112387934,0.9756038361278395,iEEG atlas
1148,MD071LOF1,4.759746919112765,2.8862024176276897,1091.7572205207623,0.08174266347741219,0.9769638944350992,iEEG atlas
1149,MD071LOF14,9.938440402107535,6.216933944105679,459090099.1195717,0.10141959250248653,0.9823609987969292,iEEG atlas
1150,MD072LOF6,2.7822674329457,2.6255825127693018,304.00647161213254,0.08746366544406778,0.9788783515720337,iEEG atlas
1151,MD072LOF7,3.2719703358231413,2.832326757635842,1380.7818894827758,0.0899660377650912,0.9739865208039308,iEEG atlas
1152,MD072LOF8,3.450502742668313,2.8446770165917794,2912.0947410983267,0.09316062836075355,0.9609522294504829,iEEG atlas
1153,MD072LOF9,4.751897614888989,3.500907430381636,62731.448333119115,0.06642828285885731,0.98588183418636,iEEG atlas
1154,MD072LCa8,5.633696191426517,3.636850475956044,169377.14408253704,0.0787846663129468,0.9726218725069627,iEEG atlas
1155,MD072LCa9,5.74564459825244,3.7093551742284774,83990.55495531563,0.08457963448026876,0.9818502498429886,iEEG atlas
1156,MD072LCp1,4.4081099101385135,3.1513591450448386,1839.910348988522,0.07102031770927571,0.9904223053856605,iEEG atlas
1157,MD072RCa8,5.305408828135015,3.9175037710088723,107942.63986670593,0.06917529122023706,0.9872400287760554,iEEG atlas
1158,MD072RCa9,6.070147731358808,3.83025833864194,97808.8862649459,0.09937943978290703,0.9775810655177802,iEEG atlas
1159,MM073LA4,5.135382914185497,4.015878096601119,45201.375148347906,0.12455426063458527,0.9778677355810976,iEEG atlas
1160,MM073LA5,5.529708109844164,4.1464467289827205,92673.76178231362,0.11950659274291271,0.9793252569980491,iEEG atlas
1161,MM073LA6,5.307476222053003,3.9636382123442466,34952.582643608344,0.10659264314127183,0.9818728788864081,iEEG atlas
1162,MM073LA7,6.632888800701592,4.501104921652846,80979.84297559652,0.12393304675786741,0.9834497010532188,iEEG atlas
1163,MM073LA8,4.637955574791068,3.4148338902022486,11441.294414718888,0.10827460721420436,0.9781094719467457,iEEG atlas
1164,MM073LH5,4.665661167272277,3.6605752907229046,6919.530771532045,0.13533108202397076,0.9754409012652746,iEEG atlas
1165,MM073LH6,5.531963033794084,4.049281474275748,75309.53166929133,0.08954362259454138,0.9847225855941134,iEEG atlas
1166,MM073LHp5,6.287116347207461,4.191390578810718,87176.98501553177,0.097710508086613,0.9795788475160606,iEEG atlas
1167,MM073LHp6,6.057210615083284,4.228852432800653,164346.95982300382,0.08876257588117957,0.9802919239709106,iEEG atlas
1168,MD074RCm1,3.852624751057425,2.420444840097271,309.36219177356725,0.08562538666294107,0.9795030460085878,iEEG atlas
1169,MD074RCm8,5.670441132789885,3.13620289367647,4823.884271332573,0.07459906343415348,0.989866171227535,iEEG atlas
1170,MD074RCm9,7.990679129727911,4.682480414657026,2255614.5089320163,0.07575443981516868,0.9906896590898403,iEEG atlas
1171,MD074RIm1,4.3435988950619455,2.8796546171048374,680.7367502980509,0.07227028164713926,0.98955727117579,iEEG atlas
1172,MD074RIm2,5.24699330775736,3.3572125499172425,3876.4566082029237,0.060654127314650995,0.9939143250514106,iEEG atlas
1173,MD074RIm3,4.768522126189271,3.3639602250333147,8699.293473663654,0.07535025732856791,0.9890939567241963,iEEG atlas
1174,MD074RIm8,7.11863227747415,4.316985060128562,1765602.7165901973,0.05385525069408924,0.9928663612552328,iEEG atlas
1175,MD074RIm9,6.154964574202494,4.7259865415187825,793407.9806152951,0.06404598739400699,0.9949496914472165,iEEG atlas
1176,MD074RSMAa1,3.3427376095448413,2.316327846685768,120.48578346791516,0.09328512533511941,0.9789669422290144,iEEG atlas
1177,MD074RSMAa2,2.264743081353433,1.8695487734640657,31.032136518141506,0.07429975736349989,0.9775957637966061,iEEG atlas
1178,MD074RSMAa3,2.7291585133849194,2.051990080152076,60.72901479775031,0.08105921421394958,0.9781459475173703,iEEG atlas
1179,MD074RSMAa4,3.898203993045016,2.732347065810286,4143.2381122938195,0.05343172893821115,0.9872359745270267,iEEG atlas
1180,MD074RSMAa5,3.6404817943012433,2.7361501754602053,1706.055395549718,0.07773315376411843,0.9827632046577783,iEEG atlas
1181,MD074RSMAa6,4.700049569344498,3.4401895205738944,47662.35891034294,0.06699653654894665,0.9869725902401421,iEEG atlas
1182,MD074RSMAa7,4.546227541874279,3.380190545743239,42317.89046944372,0.07732701880456015,0.9819063673122029,iEEG atlas
1183,MD074RSMAa8,4.877191884943196,3.568620357036452,108490.93879492607,0.0929010469428521,0.9747944945493546,iEEG atlas
1184,MD074RSMAa9,5.240116650828436,3.8393540388447427,223832.24896218497,0.12270044742322504,0.9638934789985365,iEEG atlas
1185,MD074RSMAp1,5.341484350719639,3.4275445357610574,25969.56248621813,0.07823353283981803,0.9856742286139629,iEEG atlas
1186,MD074RSMAp3,6.225550520316664,3.834417712533081,76719.3214780917,0.056772406652127606,0.9937735863805134,iEEG atlas
1187,MD074RSMAp4,7.461599637680509,4.478939339525185,1809160.2891671371,0.058762457441179125,0.9931267713804879,iEEG atlas
1188,MD074RSMAp5,8.881611649885683,5.112763957431809,6219858.322857943,0.05711486560930189,0.9953302637691405,iEEG atlas
1189,MD074RSMAp6,5.030137337125772,3.512870764674789,21804.18681024079,0.07184190155670503,0.9890837438361257,iEEG atlas
1190,MD074RSMAp7,4.296565758883975,3.0213958006444854,2823.9764284189564,0.0743752662505782,0.9869227586668023,iEEG atlas
1191,MD074RSMAp8,5.279049604055493,3.490039025019503,22365.812812813812,0.07860806618269564,0.9873830225868817,iEEG atlas
1192,MD074RSMAp9,7.558283306027435,4.729612435139992,13645634.14673096,0.07388306524850108,0.9844570997904152,iEEG atlas
1193,MD074RA6,4.379623933345336,2.9390698908223323,284.868446098799,0.0611475855099785,0.9933717155687787,iEEG atlas
1194,MD074RA7,2.9840655923832755,2.480507068441444,53.14281070995588,0.05215385815296084,0.9937887376591567,iEEG atlas
1195,MD074RA8,4.481575529890935,3.3081506127335265,264.88189307107814,0.06580007838598016,0.994148115758482,iEEG atlas
1196,MD074RHp4,2.73056882231344,1.5551131086656669,2.229938583917906,0.10928567658321756,0.9449402824432744,iEEG atlas
1197,MD074RHp5,3.6569496990866925,1.769959051894254,2.2845865906168235,0.09171619756175424,0.9686534090557302,iEEG atlas
1198,MD074RHp6,2.279149689751228,1.094981752754869,-0.5265854266353943,0.060079558115118725,0.9733343798852256,iEEG atlas
1199,MD074RHp7,3.0291557713243114,1.157081500749992,-0.8124391063607851,0.16358958123839504,0.8615202533623103,iEEG atlas
1200,MD075RHp9,3.1571498051706,2.320072168538033,128.77002619301726,0.10215164893873527,0.9636464331338849,iEEG atlas
1201,MD075ROF1,3.4287236691364966,2.464376977247592,39.82653410866278,0.07801323944344421,0.9860527247689581,iEEG atlas
1202,MD075ROF9,4.7016616051386375,2.8850519638985324,702.3346533250252,0.15370317727424948,0.945751080954491,iEEG atlas
1203,MD075ROF10,3.0622784627018933,1.961275835093319,27.031808168589905,0.15572226874676848,0.9221939087164117,iEEG atlas
1204,MD075ROF12,4.264859472465372,2.7792843598348065,823.2247045912914,0.1403365928503641,0.9351748315618627,iEEG atlas
1205,MD075ROF13,4.407460920665402,2.8764471034277705,1219.0662050633314,0.1207356167389819,0.9542216215738653,iEEG atlas
1206,MD075LA9,2.8745627406435745,2.1026088877514866,10.217684546180667,0.11165258938767413,0.9646181490610679,iEEG atlas
1207,MD075LH8,3.150558346330672,2.3403150357021496,65.0274361361106,0.09443033499847006,0.9703214077607867,iEEG atlas
1208,MD075LH9,3.2721759323221753,2.5463828530155657,42.26075095481024,0.07637146355475875,0.9855185262915892,iEEG atlas
1209,MD075LOF1,3.5294744687775257,2.3365536204935102,25.712493944524013,0.08882693635874342,0.9814997081267384,iEEG atlas
1210,MD075LOF2,2.504428800245755,2.043209276439739,19.297439956180945,0.0887440252563949,0.9727795765530332,iEEG atlas
1211,MD075LOF3,3.0352487020104126,2.7364665166725297,293.4397163386828,0.08734136794962251,0.9789155425249247,iEEG atlas
1212,MD075LOF10,4.637882624635668,3.0450202233416244,6773.175868762813,0.10764735122749049,0.9450645104142814,iEEG atlas
1213,MM076LOF1,4.024587235065879,2.7641724918540334,1566.2666942090239,0.1237908874367886,0.9365986153518104,iEEG atlas
1214,MM076LOF2,1.5729386260456992,2.1809583755214406,16.60629331365546,0.0907616562523703,0.9766325216239692,iEEG atlas
1215,MM076LOF3,1.4958239346360969,2.0516908156754403,11.82241500326195,0.08394829376198612,0.9804345029746876,iEEG atlas
1216,MM076LOF4,3.9543000102327355,3.209375930853037,5986.59829523628,0.14512760356163132,0.939143253868636,iEEG atlas
1217,MM076LOF5,2.5278934524310204,2.4320898541663167,116.74628599849672,0.13052041248198096,0.9578100164000328,iEEG atlas
1218,MM076LOF6,3.97318877954182,3.3994388098091273,11400.860236245835,0.1612449769999063,0.9265473878721728,iEEG atlas
1219,MM076LOF7,2.2588122472049976,2.353885874393697,31.309913601975264,0.17964485946664865,0.9307117687342567,iEEG atlas
1220,MM076LOF8,2.3083428304002993,2.2882803142353723,6.8786252189765955,0.15405060968585785,0.9571827255894992,iEEG atlas
1221,MM076LCp1,6.670980917185832,3.906238803306432,248907.62856562447,0.0913573547335746,0.9733948102004254,iEEG atlas
1222,MM076LCp2,8.093751755752493,5.192121121732581,47497762.60676872,0.07579010504544871,0.9810850944703,iEEG atlas
1223,MM076LCp4,8.616549719652888,5.383464338495439,103469097.13521743,0.1396840016220979,0.9548207372680124,iEEG atlas
1224,MM076LCp5,7.418320393121749,4.765136493210575,4611969.431028761,0.07565514908150477,0.98821500078758,iEEG atlas
1225,MM076LCp6,9.026001918449612,5.5917750501999235,18867063.721949317,0.08220975365078281,0.9904099257279118,iEEG atlas
1226,MM076LCp7,7.8101117896534324,5.023975293004192,8226066.603893884,0.07255845266280264,0.986300956611923,iEEG atlas
1227,MM076LIa6,5.23338915882425,3.1599375793613462,17697.331174332285,0.13832069805718972,0.9120478447671987,iEEG atlas
1228,MM076LIa7,5.753268588290878,3.333823636506331,41172.916760094515,0.14147654342708435,0.9067814905160927,iEEG atlas
1229,MM077LA1,3.5457241003431665,2.6280661117943858,41.349173795184676,0.06935237094935921,0.9905347599049332,iEEG atlas
1230,MM077LA2,2.828060086407892,2.481129874147491,9.048892501002495,0.07776390010929425,0.9886744646581995,iEEG atlas
1231,MM077LA5,4.032165484118336,3.625777963395458,210.5402080741236,0.10490236638327437,0.9880532800059633,iEEG atlas
1232,MM077LA6,3.9538974690292825,3.5120666339571587,179.5361735970031,0.11210805538690462,0.9867719158361455,iEEG atlas
1233,MM077LA7,4.226978467342497,3.599368559179937,458.3993448980676,0.10807173160042524,0.9873244770639455,iEEG atlas
1234,MM077LH2,4.182917794524544,2.0639313548632905,1.2662967517821404,0.06780108880599486,0.9879636257305802,iEEG atlas
1235,MM077LH3,4.388071864384269,2.236065706450622,4.5711767938363295,0.0638108424621375,0.9899555702377945,iEEG atlas
1236,MM077LH4,3.5779657558882247,2.9056364404387325,219.37603220258146,0.06956738406084627,0.9909757118316954,iEEG atlas
1237,MM077LH6,4.108505638960366,3.653464326312847,712.8081359818146,0.10869917738022998,0.988233038648043,iEEG atlas
1238,MM077LH7,4.473997333258701,3.594655635168586,667.1292653681278,0.09702075198616919,0.9898524477378952,iEEG atlas
1239,MM077LHp1,4.018157881929763,2.5346658030520515,57.03479676698188,0.09759953520252651,0.9820713239190049,iEEG atlas
1240,MM077LHp2,3.889767841449897,2.249726813137335,4.3268840020276675,0.10590490341020667,0.9774688460721034,iEEG atlas
1241,MM077LHp5,4.283772242613055,3.5066138992956275,634.7867304082114,0.08029766681628762,0.9919994954419467,iEEG atlas
1242,MM077LHp6,4.126839517505429,3.2950092692145794,280.0033830372512,0.0854325336055492,0.9903381691803615,iEEG atlas
1243,MM077LHp7,4.412284313264644,3.4243458809772105,470.99868201759034,0.09148551161219154,0.9895873738381606,iEEG atlas
1244,MM078LH3,3.1705167702216706,2.562174389511769,31.85365453491229,0.06347051667699762,0.9926936622592221,iEEG atlas
1245,MM078LH5,4.903157842032062,3.751027872339676,2523.3006541095183,0.09696069566661515,0.9884149928956393,iEEG atlas
1246,MM078LH6,5.969362337644521,3.963152714946485,13024.590503330894,0.1673446345652331,0.9650919759571523,iEEG atlas
1247,MM078LH7,5.787454157269845,4.101786471993398,9915.33266621803,0.09775019218299692,0.989702848370924,iEEG atlas
1248,MM078LH8,6.498561811452754,4.379573249500128,6949.109433576166,0.10271270685228061,0.9913209704921128,iEEG atlas
1249,MM078LOF1,5.556166304649697,3.630240160533036,3223.0378245225365,0.074798286732359,0.9906141317461034,iEEG atlas
1250,MM078LOF2,4.885851583888288,3.618455566492556,1596.4830117979236,0.07847566073823295,0.9925088418646785,iEEG atlas
1251,MM078LOF3,6.521084008137134,5.105730612681679,541423.9598887987,0.08757982945470749,0.9928393658384345,iEEG atlas
1252,MM078LCa2,6.393930160403684,4.604826801731499,175381.75392776166,0.10921986415761886,0.9856016926462895,iEEG atlas
1253,MM078LCa6,6.981379977070652,5.019092260216444,528478.6075255122,0.13208527090891578,0.9827166762313305,iEEG atlas
1254,MM078LCs2,7.775414954239014,5.631945542094167,2537611.1247681095,0.08516315386112035,0.9941806690772407,iEEG atlas
1255,MM078LCs5,6.60963889473063,4.270476418496764,27896.783800847148,0.10825432592435638,0.9853466397708395,iEEG atlas
1256,MM078LCs6,7.1875458767320435,4.596595815936036,163158.9199055334,0.11561802411404759,0.9842948528705752,iEEG atlas
1257,MM078LIp1,4.382117716456441,3.1451290315496894,1327.0538723957554,0.07037445011307764,0.9892729647586266,iEEG atlas
1258,MM078LIp2,3.948410564870866,2.949027041569946,722.0486911501545,0.0759970176692398,0.9863833175489198,iEEG atlas
1259,MM078LIp3,3.559819786909747,2.9654585480358837,505.0507841850842,0.07913706287045666,0.9867513833514066,iEEG atlas
1260,MD079RPC10,4.134979302845084,3.5608167537734867,1455.0844674435175,0.06777741235460226,0.99338326985168,iEEG atlas
1261,MD079RPC11,5.159688976761645,3.6656176590633605,2349.1783476733744,0.0665502445346069,0.994846404272122,iEEG atlas
1262,MD079RPC12,5.812440214048433,3.8188019097955115,5902.518613667978,0.07749864250984177,0.9924023508242737,iEEG atlas
1263,MD079RPC13,5.704679778879495,3.7536435917967395,4205.043042338244,0.07155476406394008,0.9933276127681417,iEEG atlas
1264,MD079RPC14,6.244777134795092,4.047111639757057,3203.5042401249534,0.06829682188582978,0.9954320735273086,iEEG atlas
1265,MD079RIP1,3.631552810176378,3.231975512568827,851.8925925772492,0.07001903132034137,0.991914487888867,iEEG atlas
1266,MD079RIP2,4.3756810805627655,3.516996846638139,2779.9291596553044,0.07679808867032033,0.9918922206033136,iEEG atlas
1267,MD079RIP3,4.969165200082032,3.7462161843195196,3795.47606586529,0.07583940874556581,0.9925540150346076,iEEG atlas
1268,MD079RIP4,5.166016373480274,3.7727681895169014,6078.085536947709,0.0788281975764443,0.9911930752641835,iEEG atlas
1269,MD079RIP5,5.0529858886282435,3.849467872402866,3467.0964797974716,0.06950570495107442,0.9937396716325813,iEEG atlas
1270,MD079RIP6,5.169937689195754,3.907438238340979,3034.652379229957,0.10026179144161178,0.9892603818681771,iEEG atlas
1271,MM080LSMAa1,5.229254044987924,3.3631719146428165,5569.277121123672,0.08634005850698073,0.9877424605571765,iEEG atlas
1272,MM080LSMAa2,6.779268138602157,4.753267242421876,925042.9034298037,0.11943620945090262,0.9828646976154596,iEEG atlas
1273,MM080LSMAa4,7.125173407015088,4.641429503871521,917603.4484692938,0.11158031247831486,0.9807975564833247,iEEG atlas
1274,MM080LSMAa5,7.169975715036322,4.524090345852786,705664.8481716079,0.08423394006882119,0.985648723796278,iEEG atlas
1275,MM080LSMAa6,8.16297203326878,4.9540631315658485,1171061.7933339828,0.13617093024498397,0.9785351977468832,iEEG atlas
1276,MD081LOF1,1.9658436604935807,2.231252709729402,20.78141439518651,0.06532608031589698,0.989503258525079,iEEG atlas
1277,MD081LCa1,2.5998917642997417,2.4416784706441854,187.56247435521956,0.0767883435371731,0.9827928488993947,iEEG atlas
1278,MD081LCa2,1.456141335521784,2.280886535061887,21.438016366792606,0.055063319975344964,0.9927464910041601,iEEG atlas
1279,MD081LCa7,2.5380965584485473,1.9466220149416251,46.63949562152731,0.09933986601005652,0.956617211680346,iEEG atlas
1280,MD081LCa8,3.5469428501245392,2.3779259529972863,448.6970494115953,0.08739315868043791,0.9647902150312356,iEEG atlas
1281,MD081LCa9,2.7475310361460035,2.047107992253566,32.819106975290545,0.09131240197305587,0.9742280742058053,iEEG atlas
1282,MD081LCa10,4.520318969686302,3.286200419317515,717.1800763191955,0.08395783013129611,0.990305192625836,iEEG atlas
1283,MD081LCp1,1.7834693530458552,2.0760547571884813,10.371946594923235,0.05505132077332058,0.992414105586521,iEEG atlas
1284,MD081LCp11,4.237742132838446,3.732541726626369,16463.509964613968,0.10414356746958534,0.9843903565394574,iEEG atlas
1285,MD081LCp12,4.343812128408662,3.3642933014580394,7814.878395435613,0.09107198257106515,0.9840638451449879,iEEG atlas
1286,MD081LCp13,3.8283335633266913,2.793407940574656,805.6379887918434,0.08379073005083731,0.9785411868749717,iEEG atlas
1287,MD081LI6,3.263281438144284,2.327971839391399,299.3908662980258,0.07692100229175411,0.9793583536131838,iEEG atlas
1288,MD081LI7,3.592408539178447,2.447092504664282,73.13947089725373,0.10206291200103226,0.9740103956969092,iEEG atlas
1289,MD081LFus1,6.590002063540023,4.229961362545505,21748.185252924053,0.048556165189618194,0.9973548567763936,iEEG atlas
1290,MD081LFus2,5.025450072997074,3.5122033952632115,1810.9415770353983,0.06008241969221379,0.9946396649542412,iEEG atlas
1291,MD081LFus3,6.00273359518785,3.8367332446033346,3993.4885719383647,0.10053317210598152,0.9901576700855774,iEEG atlas
1292,MD081LFus4,6.197137033731381,4.023406527913918,7162.095642618986,0.11339482317328076,0.9886240435867402,iEEG atlas
1293,MD081LFus5,5.110247712916699,3.7151055893589624,4673.956191755936,0.09063830363048557,0.9904248931015307,iEEG atlas
1294,MD081LFus6,4.557128566531976,3.2533595908784902,709.2385003828863,0.08263731746335856,0.9889022790232924,iEEG atlas
1295,MD081LFus7,4.702667511069142,3.1048914528523808,358.09198469609134,0.07946349410856964,0.9905681560393849,iEEG atlas
1296,MM082LOF1,3.4133355276304056,2.585100290079872,158.80250199102593,0.08692368796939602,0.9795125050398167,iEEG atlas
1297,MM082LOF2,2.3994421559449948,2.6610828166061857,200.47172977986253,0.07874001500380708,0.9865869583032545,iEEG atlas
1298,MM082LOF6,2.93268596594764,2.672222110642245,129.54471359523941,0.10047265944158608,0.9762561363760229,iEEG atlas
1299,MM082LOF7,3.2504580188170813,2.774779512840643,197.57760811352978,0.07673577181363447,0.9890775178925608,iEEG atlas
1300,MM082LOF8,3.1075794276069653,2.8127382599319573,269.64590891029815,0.07522331994440522,0.9888020166944437,iEEG atlas
1301,MM082LA5,3.3642085571451017,3.023407761832036,269.2075787913971,0.09745413785399913,0.9788758300404353,iEEG atlas
1302,MM082LA6,3.6932469339546063,3.155867138422167,1158.2796170436939,0.07771447035565278,0.9855485815178362,iEEG atlas
1303,MM082LA7,3.95386774344855,3.2202036512054013,1557.1040457942968,0.07667485304879515,0.983733870856106,iEEG atlas
1304,MM082LA8,4.418101933495103,3.3475836900651044,565.7160761942808,0.0864962909781652,0.988900754095366,iEEG atlas
1305,MM082LH4,4.134986606598768,2.8826308167269468,381.86155476542854,0.08299028437526469,0.9821669388945021,iEEG atlas
1306,MM082LH5,4.021225115498783,2.9285191470341,524.9263743404913,0.08672627216031485,0.9795597867138288,iEEG atlas
1307,MM082LH6,3.7600633087583684,2.936675663068618,362.4781351360401,0.08265460758771133,0.9858284806547899,iEEG atlas
1308,MM082LH7,4.008938143744648,3.0951283949747226,346.0962657520969,0.08172093623167294,0.9878537606669242,iEEG atlas
1309,MM082LHp5,3.9571874716175235,3.2179666902194093,2909.559827609465,0.07081504000657944,0.9882424623705672,iEEG atlas
1310,MM082LHp6,4.156590549218396,3.2273678171901374,2592.4390926555348,0.0781423997255543,0.9841302197028605,iEEG atlas
1311,MM082LHp7,4.9920254166696525,3.504319410256517,2870.003688397708,0.0847256984396369,0.9874139367556978,iEEG atlas
1312,MM083RPC1,2.80759105165317,2.2500968105810637,28.93254483058396,0.07575238311360948,0.9822498160722493,iEEG atlas
1313,MM083RPC2,2.783348284120515,2.380707344177421,50.42523037144159,0.0821653028513323,0.9801090163465288,iEEG atlas
1314,MM083RPC3,2.0276511932844445,2.380359847183282,38.62221901175397,0.08335589712216022,0.9827057618029457,iEEG atlas
1315,MM083RPC4,2.787126537253264,2.5537519923668,400.45324523740015,0.07673199506463887,0.9703994273626386,iEEG atlas
1316,MM083RPC5,4.8551225949661205,2.9430683810567837,981.0083180783196,0.08224415839119519,0.9826868359341526,iEEG atlas
1317,MM083RPC6,4.502726660207473,2.729013714327095,424.821046730903,0.07091105206248018,0.9866916735703937,iEEG atlas
1318,MM083RPC7,4.334047975209869,3.111149464258679,1223.3174624291698,0.07383280583611902,0.9874531473027695,iEEG atlas
1319,MM083RCp1,3.566204959293491,2.361509221764521,170.29720915091718,0.0802785538464603,0.9770361370012309,iEEG atlas
1320,MM083RCp2,3.7726698688700337,2.8397947549480214,413.46349891599345,0.07323370584482512,0.9859564281649477,iEEG atlas
1321,MM083RCp3,3.6420124406728442,2.944815933219984,723.7109521870573,0.08048999498352738,0.9814503262812975,iEEG atlas
1322,MM083RCp5,4.2288865564846185,2.9676702022890096,410.60465011939834,0.06782000888309277,0.9898446017868441,iEEG atlas
1323,MM083RCp6,3.117727995495426,2.404007908873382,10.268261356819076,0.0711104966898797,0.9880007469370459,iEEG atlas
1324,MM083RCp7,1.7682140088124745,2.1930689244501496,0.9016960558942245,0.07392543477404104,0.9891588639702251,iEEG atlas
1325,MM083ROs1,4.678691049429476,2.9755554641794104,1072.5151841710083,0.09115082924773041,0.9871148755779137,iEEG atlas
1326,MM083ROs2,3.8896482902993808,3.2732914247829785,1885.6817191747032,0.11934155888547172,0.979724360699001,iEEG atlas
1327,MM083ROs3,3.8658983820747874,3.1010323746022785,777.2216728113809,0.0895744015199135,0.987400464679393,iEEG atlas
1328,MM083ROs4,3.711357464095689,2.843766364933605,119.78678470680907,0.07574589816905498,0.9922456802270013,iEEG atlas
1329,MM083ROi1,4.57935168058386,3.0978502714261507,3019.119782037258,0.06696866180265677,0.9907956749160808,iEEG atlas
1330,MM083ROi2,3.656909725501608,2.644500772075589,477.76989769667097,0.060690679992776324,0.9908586950793405,iEEG atlas
1331,MM083ROi6,3.5035089067422094,2.918464882746303,60.10051138914075,0.08944658491496048,0.9882438084654526,iEEG atlas
1332,MM083ROi7,3.398986599378112,2.7249615678894714,66.27988389315394,0.08120613330268739,0.9867849808955849,iEEG atlas
1333,MD084LOF1,3.3575263435748406,2.602968215388581,14.343296782459303,0.0726675853570421,0.9902611656169035,iEEG atlas
1334,MD084LOF2,3.8375140748588668,3.0679715380358417,112.8992272436233,0.06768805645996828,0.9935828671633343,iEEG atlas
1335,MD084LOF3,4.881653082652376,3.2864973281082177,276.30370169083966,0.07586629357768523,0.993026706484491,iEEG atlas
1336,MD084LOF4,3.9004711992345804,2.524521181865324,38.03997206100598,0.09303628457403515,0.9831523963398253,iEEG atlas
1337,MD084LOF5,4.0089221682370875,2.620583079066145,100.49713868822829,0.09688043821274425,0.9793018511408548,iEEG atlas
1338,MD084LOF6,4.695815951104527,3.268076857385915,1384.4515845610767,0.09598289562915469,0.9850677501438375,iEEG atlas
1339,MD084LOF7,3.1813170320691757,2.6893414123134445,71.49696711248477,0.06387058108537004,0.9912396507693432,iEEG atlas
1340,MD084LOF8,5.20418600573248,3.9943024772650912,33640.830506986946,0.11494324671718395,0.9844298585959347,iEEG atlas
1341,MD084LOF9,3.136883167604347,2.6760316968281437,57.04819104770593,0.06960079520028259,0.9915159814607982,iEEG atlas
1342,MD084LIp2,5.652364180703013,4.438194360943058,14659.743792623558,0.06868560765401184,0.9954760535280014,iEEG atlas
1343,MD084LIp3,4.925305297216598,3.9300389080936005,2977.8423786049866,0.05434342171034231,0.9966815432077716,iEEG atlas
1344,MD084LIp4,5.770864653065908,4.265683985717002,17567.433336093964,0.06803497530331935,0.994386708614295,iEEG atlas
1345,MD084LIp5,4.739467545981377,3.6137565385356836,2258.6830969620187,0.07250017024014406,0.9918926968852458,iEEG atlas
1346,MD084LIp6,6.535038629199646,4.455546556295117,5426.584446906263,0.07308302064403173,0.995610274472691,iEEG atlas
1347,MD084LIp7,5.8530684041949685,4.133591412942477,11274.720174575768,0.05327738554739956,0.9964143441068332,iEEG atlas
1348,MD084ROF1,3.535478584449571,2.6681757361682767,23.709505507462396,0.06773515399935125,0.9921054001411262,iEEG atlas
1349,MD084ROF2,3.6072521981115178,3.2015897521215817,321.9490143638837,0.0886798873175627,0.9880104587270749,iEEG atlas
1350,MD084ROF3,3.292617189793534,3.092405684817003,223.49145228812233,0.09473577694311573,0.9864590416154011,iEEG atlas
1351,MD084RIp1,5.890842528984362,4.371962099996436,13377.265092309777,0.061326536988086475,0.996058456142632,iEEG atlas
1352,MD084RIp4,6.423551899445395,4.36690104092125,52210.29721868092,0.05732462929682217,0.994822892321438,iEEG atlas
1353,MD084RIp5,5.628859698802719,3.8950762233189016,8698.898280230529,0.055558698995855,0.9953667705897498,iEEG atlas
1354,MD084RIp6,5.998777349806102,4.0203807542663235,2097.3085585039994,0.06279410116572152,0.9956723825479077,iEEG atlas
1355,MD084RIp7,5.968125712226323,4.120572765223537,11920.70153763163,0.06593796554097178,0.9945563372875168,iEEG atlas
1356,MM085LI1,4.347910069749936,2.6818528727173,31.8656323306724,0.0644063092609969,0.9925504080050019,iEEG atlas
1357,MM085LI2,3.9894639873604336,2.738125087964374,82.59130375966186,0.06987024033710897,0.9906518504276484,iEEG atlas
1358,MM085LI3,3.804838242211178,2.706516821217107,34.77266368198292,0.058093612477314614,0.994003579302138,iEEG atlas
1359,MM085LI4,4.333792914049231,3.105255430492262,152.0015948420233,0.0793174587603747,0.9924514705609232,iEEG atlas
1360,MM085LI5,6.401503941654694,4.409332529154121,4328.539590393193,0.12582449365618203,0.9901367787631291,iEEG atlas
1361,MM085LI6,3.168852005463271,3.0062361237654276,49.637914918739526,0.11692733893463007,0.984269482503285,iEEG atlas
1362,MM085LCa4,3.3169582447319943,3.0175280899961723,101.35219273340067,0.09475124637999856,0.9880872190124433,iEEG atlas
1363,MM085LCa5,3.8230744438584647,3.3469570275491907,141.34160678622703,0.06249501057832721,0.9948301786830813,iEEG atlas
1364,MM085LCa6,3.6962685026282114,3.099478944495684,58.13926636548638,0.082635252453946,0.9914996508204382,iEEG atlas
1365,MM085LCp1,3.0514483248982263,2.1743720002758984,20.790142272187083,0.07127968815737787,0.9858237840193995,iEEG atlas
1366,MM085LCp2,3.8547587363701834,3.263102597580149,1404.6664243303353,0.049548937182806264,0.9948827828931666,iEEG atlas
1367,MM085LCp6,4.520801681941997,3.7648645887822645,4172.849740560308,0.09707729031697739,0.9891436512987376,iEEG atlas
1368,MM085LCp7,5.332941712065037,3.967607790716659,5816.589654590896,0.09099447928377077,0.9905699644165848,iEEG atlas
1369,MM085LCp8,4.958688699107337,3.850573936605885,3901.1175316792423,0.0698401155563038,0.9936808705664818,iEEG atlas
1370,MM085LPCu1,5.782578019700758,3.6045481084311533,33918.723524344365,0.10327612208659014,0.9763334886009291,iEEG atlas
1371,MM085LPCu4,6.695342661213801,4.05241656445114,27814.75765527553,0.09898071169754702,0.9894007896228266,iEEG atlas
1372,MM085LPCu5,5.510610231610708,3.3835723520075707,6927.557072298498,0.09072587468474025,0.9831765079961386,iEEG atlas
1373,MM085LHp2,4.646376815624631,3.6226138845374942,909.5281484624772,0.07761601928606628,0.9927255917562335,iEEG atlas
1374,MM085LHp3,4.840699973736697,3.491811477702916,275.75433140384166,0.09098182812089799,0.992055264050949,iEEG atlas
1375,MM085LHp4,5.8453288244777015,4.1302798219815,6889.134278253628,0.06813689617220645,0.9948924503973119,iEEG atlas
1376,MM085LHp5,5.943480597330707,4.2981806421857,12942.798734143864,0.06701446575761266,0.9956385929106982,iEEG atlas
1377,MM085LHp6,5.5086561654295165,3.8743780857019456,3276.62898936747,0.07469916379632303,0.9929610959004191,iEEG atlas
1378,MM085LHp7,6.162085418426417,4.035276702011798,1974.3911052278215,0.12719874320682104,0.9884234561495695,iEEG atlas
1379,MM087LOi1,5.418349617739146,3.421115321015232,3918.647361247488,0.08429940767270211,0.9811913601869623,iEEG atlas
1380,MM087LOi2,4.766210342273324,3.018665121597039,268.65303790804074,0.09714646084413867,0.9803337442625314,iEEG atlas
1381,MM087LOi3,4.598897428014617,3.465392434404294,515.6396517859037,0.0851922052459802,0.9876118744988263,iEEG atlas
1382,MM087LOs1,3.9291939426902824,2.584153845976661,15.869994988911508,0.08309447570239319,0.9864148649215921,iEEG atlas
1383,MM087LOs2,3.7529338568197534,3.0405235401055357,169.68426697740227,0.09008010237718665,0.9868738162609336,iEEG atlas
1384,MM087LOs3,2.9742341950364666,2.806876353324559,9.563043559329,0.0747144133671609,0.9919254269238225,iEEG atlas
1385,MM087LOs4,3.637982619940059,3.0888187567127017,55.22248487656801,0.09277327347972607,0.9879716477970084,iEEG atlas
1386,MD088LOF1,3.512818769544106,2.709872859243144,375.24406321204776,0.09324198726152079,0.9751108895005091,iEEG atlas
1387,MD088LOF2,3.17266035298433,2.9125925423179795,667.1913912812305,0.08994487042832808,0.9796021389824918,iEEG atlas
1388,MD088LOF7,3.136735785558699,2.774580775873193,439.4413500065427,0.11150786734964731,0.9699440336108115,iEEG atlas
1389,MD088LA6,3.9703436248535855,2.630986232846464,90.64344677702812,0.07649135280131378,0.98807030090878,iEEG atlas
1390,MD088LA7,4.04610549415578,2.6549813323518983,78.58143578425374,0.0771054781381147,0.9872135237410419,iEEG atlas
1391,MD088LA8,3.7918290469145255,2.6392331468948003,92.10730754162554,0.08396679199591295,0.9836999867479943,iEEG atlas
1392,MD088LHa5,3.6036344364218857,3.049843031506384,348.05254494681884,0.08259576236911366,0.9892433995357898,iEEG atlas
1393,MD088LHa6,4.126889401998917,3.1259694800907414,853.213671403394,0.07593203135402117,0.986413613200603,iEEG atlas
1394,MD088LHa7,4.573690824700942,2.974643533114893,883.5608917037019,0.0678440374085715,0.9863150883658934,iEEG atlas
1395,MD088LHa8,3.3727774358063782,2.241942880098119,26.41016630033647,0.06907837610056267,0.9866116283190804,iEEG atlas
1396,MD088LHa9,4.3016822366016525,3.0799635084312533,1169.2240611462114,0.07734719476325998,0.9822369874437734,iEEG atlas
1397,MD088LHp5,2.7886701679845087,2.78432674466162,230.70290513753707,0.08379444068769265,0.9857977636946593,iEEG atlas
1398,MD088LHp6,3.22478733287483,2.9978863639288256,439.9371006692129,0.0696101029733033,0.990413315598676,iEEG atlas
1399,MD088LHp7,2.9400127619152574,2.4827501314269163,129.10103040431684,0.06043137497697095,0.9887675278220369,iEEG atlas
1400,MD088LHp8,2.881620091110557,2.3250275493937007,81.73883511330982,0.07600241979596495,0.9792783576500492,iEEG atlas
1401,MD088LHp9,3.8415876794067523,2.7163806712930554,330.13893650897677,0.08061880484104125,0.9812678466784286,iEEG atlas
1402,MD088LHp10,4.672673402890245,3.2667336509294933,2693.6240023762184,0.07032365670537798,0.9869401888574711,iEEG atlas
1403,MD088LHp11,5.193748677583959,3.5275844351411543,2128.6098030242883,0.06638146483502438,0.9924659181542114,iEEG atlas
1404,MD088ROF1,3.88547172848346,2.28891413600601,4.573574861343977,0.11346699463339212,0.9747877933187994,iEEG atlas
1405,MD088ROF4,3.0791610291809186,2.2744761074223647,49.111866295355995,0.09054730261778306,0.9727294520789467,iEEG atlas
1406,MD088ROF5,2.7756307681875763,1.9344508191588008,21.068871997426925,0.09082823218883901,0.9689203817913746,iEEG atlas
1407,MD088ROF6,2.7467122390082017,1.842057088478529,20.053422058271323,0.09382127747406224,0.9622713009781033,iEEG atlas
1408,MD088ROF7,3.008668360171685,2.101636199447149,73.86047829893589,0.0933414267896994,0.9640208489917927,iEEG atlas
1409,MD088ROF8,4.093405192755214,2.6589461422486336,193.25278732071044,0.07014028643475048,0.9873244576529626,iEEG atlas
1410,MD088RHa6,4.247002249596398,2.7858164158048164,352.15785719585216,0.07879076982116967,0.9831538168287137,iEEG atlas
1411,MD088RHa7,3.4019710806572627,2.467475142145416,154.2508706640666,0.07715674491537053,0.9804699377495998,iEEG atlas
1412,MD088RHa8,4.554397588544271,3.2443104710183457,4477.063142361989,0.06890889118572609,0.9838477768997556,iEEG atlas
1413,MD088RHa9,4.5465288121863745,3.103610144437907,4121.493733041492,0.0711743217854616,0.9866273994469117,iEEG atlas
1414,MD088RHp6,4.150639588011855,2.604966062219133,400.37043193226543,0.06592942754317135,0.9816566075293741,iEEG atlas
1415,MD088RHp7,4.160956565537684,2.643712095723924,278.5932241816634,0.06787377026152625,0.9841116439216661,iEEG atlas
1416,MD088RHp8,3.782012614027725,2.4729804023425515,136.3293700067139,0.055758014832147,0.9903372870396604,iEEG atlas
1417,MD088RHp9,4.060634566351097,2.508303810556803,122.77534065417375,0.08015639764984571,0.9791344561919262,iEEG atlas
1418,MD088RHp10,3.901256846168465,2.600341484629272,285.1465879403375,0.07461726410458695,0.9800660573058134,iEEG atlas
1419,MD089LA5,2.8712171967679914,2.846181970641237,50.41221123629582,0.07846014491787802,0.9908913413103628,iEEG atlas
1420,MD089LA6,3.7049160383489275,3.3493474459858517,346.41397934315876,0.09562145189394844,0.9896063582577029,iEEG atlas
1421,MD089LA7,4.005216466320418,3.1902116897299506,287.2991245913337,0.06122159099759047,0.9941300248208709,iEEG atlas
1422,MD089LA8,5.489334111375388,3.5988100804774357,1293.055372355331,0.05892560396817101,0.9955826084551092,iEEG atlas
1423,MD089LH7,4.188954955009319,2.8478601336108413,184.34887518774335,0.08664169128623568,0.9844167585365271,iEEG atlas
1424,MD089LHp8,4.070886633993021,3.562034203355429,1791.9824965247199,0.09254943864414128,0.9894860513293102,iEEG atlas
1425,MD089LHp9,4.8975416340924225,3.877813821986452,4605.422024195854,0.08617126640341348,0.9918707258649724,iEEG atlas
1426,MD089RH5,5.678419672321514,4.033751388235996,3007.51703516762,0.1278021483569533,0.9859693382675268,iEEG atlas
1427,MD089RHp8,5.035835545397556,3.923378498805393,2959.858651377577,0.12121982333022115,0.986921398809617,iEEG atlas
1428,MD089RHp9,6.063276772855219,4.265829893384842,12341.704119674741,0.11683930230320978,0.9890288986035481,iEEG atlas
1429,MM090RHp1,1.5174496769767731,2.1368914775494834,-0.062401719762147194,0.07270536291837498,0.9875098851914799,iEEG atlas
1430,MM090RHp2,2.327963253447197,2.744599966955182,125.55438070626211,0.08290982367712325,0.9856545809574185,iEEG atlas
1431,MM090RHp5,3.769138390353585,3.0447890283986028,1236.6394157003253,0.08213755785254724,0.985386112355778,iEEG atlas
1432,MM090RHp6,4.341382604452923,2.9737054717436497,547.5927409139213,0.06471748571997225,0.9917623869418691,iEEG atlas
1433,MM090RHp7,3.6566796886591324,2.660721063342579,304.836029802129,0.07117525651293072,0.9865690186128405,iEEG atlas
1434,MM090RHp8,3.8456665412059823,2.982703418179299,576.7522627434705,0.06364354084316368,0.9908126562435184,iEEG atlas
1435,MM090RT11,4.316296282977346,2.610803038526905,580.3143010565129,0.07458486501605509,0.9804774139235213,iEEG atlas
1436,MM090RT12,4.2838685504229,2.6085426715373736,566.7455255241414,0.07452711097582408,0.980204173195138,iEEG atlas
1437,MM090RT13,3.5474058898004244,2.308995428144184,128.82513143609108,0.06348515366627787,0.9850215620922022,iEEG atlas
1438,MM090RT14,3.612877549798091,2.6159594649339852,195.55340126506144,0.09126319133297686,0.9795114982293982,iEEG atlas
1439,MM090RT15,3.3229178554617613,2.874558983558656,2777.8653562117634,0.07084400705467943,0.9791459645941504,iEEG atlas
1440,MM090RT21,4.355769939320249,3.5993008758952167,5263.757012421316,0.08635203482775354,0.988562621824749,iEEG atlas
1441,MM090RT22,4.3261624491059925,3.3773035755303527,3143.0297905667817,0.06441199035359639,0.9929353933839536,iEEG atlas
1442,MM090RT23,4.232355304811599,3.299246038492066,1924.721365149596,0.07697287346229399,0.9900346164480534,iEEG atlas
1443,MM090RT24,4.876551245869178,3.580016073902091,1392.039008488837,0.07530924248939155,0.9929685105909211,iEEG atlas
1444,MM090RL1,4.514135203647698,2.914868860470167,1164.1141719798666,0.06874083533308806,0.9882826120709114,iEEG atlas
1445,MM090RL2,4.619301891956756,2.9859859212203808,415.5423869360531,0.08438817004133874,0.9863000115874602,iEEG atlas
1446,MM090RL3,5.0196581872189086,3.591059389550644,3947.511788213068,0.08774923432864618,0.984934671754491,iEEG atlas
1447,MM090RL5,4.228944256065427,3.1945330229276525,1553.395097010164,0.0771827759668864,0.988984031660781,iEEG atlas
1448,NG091RF23,6.24152515174421,3.581144542240198,9792.514176699557,0.07102707029176997,0.991324936917021,iEEG atlas
1449,NG091RF24,7.067141060248716,3.8562127842669596,84966.95712281724,0.09448775524094857,0.9804381510995003,iEEG atlas
1450,NG091RF25,6.597025934611201,3.590675258579229,49136.73269776299,0.08672735382107771,0.9769682461874767,iEEG atlas
1451,NG091RO21,4.54128679116559,2.4759319234439907,146.65060824811263,0.06462167695849318,0.9894009458977427,iEEG atlas
1452,NG091RO22,3.2947563971802647,1.707335975097735,3.92449316993496,0.06815474725033115,0.9806714257688292,iEEG atlas
1453,NG092RG226,4.001698216629072,2.156098312379912,68.78969926837436,0.08340747795885575,0.9725320081658798,iEEG atlas
1454,NG092RG227,4.896440158570158,2.621919886333068,757.3694355097774,0.08894404862485698,0.9732002083685671,iEEG atlas
1455,NG092RG228,5.996685707252639,3.4665880290213518,16514.95678279795,0.08468316995051156,0.9796780079620897,iEEG atlas
1456,NG092RG242,3.617024970541976,2.230281020441515,113.7855467432375,0.09802274673454528,0.9684266346795665,iEEG atlas
1457,NG092RG243,6.054535225292117,3.52632806124741,54517.47047497096,0.07659435233895436,0.9812466754085605,iEEG atlas
1458,NG092RG244,5.519588943409437,3.2622259585998337,14032.79454683661,0.1004728614459083,0.9618737409308424,iEEG atlas
1459,NG092RG245,6.657503397669905,3.9556569388017557,183515.92142815315,0.047373428348795384,0.9939172081733784,iEEG atlas
1460,NG092RP21,6.687028408017617,3.739902531313995,37055.95480551943,0.06785013347002224,0.9894956562800862,iEEG atlas
1461,NG092RP22,6.224405018156937,3.4827557782158705,14039.451378206846,0.0771388358904481,0.9852080500154299,iEEG atlas
1462,NG092RP23,5.145968698753889,2.8921861008880785,1349.758810554086,0.06415227359414412,0.9860806386615506,iEEG atlas
1463,NG092RP24,6.405294971124935,3.642535833345502,13532.97529473392,0.07688420993055581,0.9868899549788958,iEEG atlas
1464,NG093RF121,2.7129013827858683,2.7898784330876416,244.87739844531495,0.09074291600178777,0.9828338188011738,iEEG atlas
1465,NG093RF123,3.7521101361144185,3.5373637324747316,4444.796815772133,0.08705943860781103,0.986785699019986,iEEG atlas
1466,NG093RF124,3.878748341938533,3.695477439216083,13017.909874657886,0.08589843686923998,0.9869180746754095,iEEG atlas
1467,NG093RF125,3.1654512075340926,3.4491807491100177,1143.6985018314717,0.09310581566386433,0.987219564905461,iEEG atlas
1468,NG093RF141,3.2979840560383997,3.1655507528145117,2189.62076614021,0.06826662871409843,0.9908842878567202,iEEG atlas
1469,NG093RF142,4.005028489305351,3.541387722876656,17181.212211711645,0.0712210436445703,0.9896898717579218,iEEG atlas
1470,NG093RF143,4.271040902320818,3.982509279645191,16737.537882160526,0.0708368925567543,0.993494094496012,iEEG atlas
1471,NG093RF144,3.5548296110231323,3.7399649705367777,8426.781398576919,0.0719678776607059,0.991957401339664,iEEG atlas
1472,NA093RU22,2.608702586151586,2.9302531290226885,240.91207919160183,0.08762112482632405,0.9843517612320843,iEEG atlas
1473,NA093RU23,2.3611334033803146,2.946775049440232,158.89712548463373,0.08319006456474094,0.9872110699707731,iEEG atlas
1474,NG094LF11,3.26986241899277,2.2792533102780665,144.70818368345383,0.08025383684536172,0.9739683786851572,iEEG atlas
1475,NG094LF12,4.08780382476189,2.822303477681235,1016.6262140135824,0.0665023590636971,0.9825835160963206,iEEG atlas
1476,NG094LF31,4.488653953068932,2.4643178148873073,296.74097462145204,0.07826261124574535,0.9799379523125571,iEEG atlas
1477,NG094LF32,4.122396225253205,2.1767161248853513,71.57142679367605,0.08046160575856325,0.9727413835978893,iEEG atlas
1478,NG094LF35,4.543048568199823,2.4993830896147498,777.9465125387969,0.06813904891248275,0.976115247438925,iEEG atlas
1479,NG094LF36,4.5179766145042395,2.3982208621764713,286.86483018608817,0.07804145634385913,0.9740876042426742,iEEG atlas
1480,NG094LF37,4.226400023401859,2.3154909649521733,141.68707883513127,0.07983782402460991,0.9688241250132792,iEEG atlas
1481,NA094RI25,5.651736154176877,3.5359125978620005,44797.08064818633,0.09217384662346202,0.9599657134744047,iEEG atlas
1482,NA094RI41,2.879936416462785,2.4055622658702447,189.95943893250677,0.10281707763850702,0.9573487945539455,iEEG atlas
1483,NA094RI42,6.200214133118983,3.8110541208685595,166884.58205526552,0.11823733176907673,0.9262935448159555,iEEG atlas
1484,NA094RI61,3.1096703349857115,2.3419220966181475,347.97772789216157,0.07038986639779124,0.9822060282210839,iEEG atlas
1485,NA094RI62,1.947200414477943,1.5258064019981399,-0.7644792466846551,0.09696762090026259,0.9652478205841818,iEEG atlas
1486,NG094RF25,6.302659635338669,3.984380158198595,271175.746289751,0.11368235896295498,0.9335418490623613,iEEG atlas
1487,NG094RF26,6.646177311042959,4.11221018998311,1023907.1855880406,0.06180793441359248,0.9849222757957375,iEEG atlas
1488,NG094RF27,6.497599396295766,3.966494014252447,668331.0743966933,0.07610792193219346,0.9792455376996726,iEEG atlas
1489,NG094RF41,4.522477832564591,2.5816073374851047,187.7783400771273,0.08084409259006428,0.9826208321846351,iEEG atlas
1490,NG094RF42,4.891005712839687,2.6802365003212647,511.3889385003935,0.09053777914112852,0.9755927246435223,iEEG atlas
1491,NG094RF43,3.8857698193985817,1.9233345303257674,49.13661163471909,0.09225119799404406,0.9615007796937747,iEEG atlas
1492,NG094RF44,3.784720419676179,1.8544525683737052,28.79256034170735,0.07679072172458276,0.9724321747520399,iEEG atlas
1493,NG094RF101,5.203240523356689,2.455712730211874,1272.1222709137235,0.07677675173774876,0.9659260431916301,iEEG atlas
1494,NG094RF102,5.461914488042281,2.849900603630639,1918.3422659197468,0.048363984470525166,0.987047549189862,iEEG atlas
1495,NG094RF103,5.455067028076365,2.9066832381740153,1784.098552672064,0.05545050674050893,0.989223234354275,iEEG atlas
1496,NG094LF53,4.796690261887629,2.609427615717621,393.93898978736536,0.06228516412008731,0.985659899505383,iEEG atlas
1497,NG094LF54,4.319977538810542,2.3661100916689897,129.20897003282624,0.06782092414443736,0.9839692406284927,iEEG atlas
1498,NG094LF55,4.122820238113834,2.4582820818167472,415.4858955223527,0.08131799478075348,0.9696617402065127,iEEG atlas
1499,NA096LU15,6.668357692496091,4.871607397081113,281560.8292756974,0.07808151064911598,0.9926288724245288,iEEG atlas
1500,NA096LU16,6.042884218043608,4.519642156721979,89934.80798839164,0.12401218018197124,0.9840698236227714,iEEG atlas
1501,NA096LU17,5.491743684171393,4.230602225662109,32171.459103721085,0.12460474201561593,0.9837308103016976,iEEG atlas
1502,NA096LU18,5.790002713782551,4.4469149908817185,28278.690332336075,0.06351689340078852,0.9959177789626329,iEEG atlas
1503,NA096LU19,5.753479846289019,4.327162119586309,18853.75874528389,0.07388960224499151,0.9948237539351062,iEEG atlas
1504,NA096LH16,6.042489705998723,4.149391675294617,43323.78394130507,0.09080758331230003,0.9909271264633325,iEEG atlas
1505,NA096LH17,6.685039819292876,4.351227100267883,37407.96362584218,0.10777193312811119,0.9891154645220867,iEEG atlas
1506,NA096LH18,7.23075989271912,4.855929372357673,140583.62195227394,0.061019179782956526,0.9952592611325631,iEEG atlas
1507,NA096LH19,6.870180666932024,4.983602489281409,236458.40555024124,0.0673256814793825,0.9950115133347774,iEEG atlas
1508,NG097LT92,6.326334339870022,3.714432458737608,4497.9706353953425,0.061938103442323214,0.9930416814264176,iEEG atlas
1509,NG097LT93,6.072022092585231,3.4327744941884073,1262.5422866616398,0.09051794159222526,0.987733341803588,iEEG atlas
1510,NG097LT94,6.539265628462134,3.7706029983515776,3958.6733492107514,0.07745485223374333,0.9901070618698407,iEEG atlas
1511,NG097LT95,5.662925530554133,3.2115736139520346,646.5160557416716,0.06592600857625991,0.9909179619961972,iEEG atlas
1512,NG097LP12,7.838316522681509,4.497015090038079,89547.444042205,0.06879265716635917,0.9917147281781692,iEEG atlas
1513,NG097LP13,7.110997016998586,4.045662605122003,23300.357779497343,0.10934237891519467,0.9843703155367614,iEEG atlas
1514,NG097LP14,8.16662927817477,4.699273314323246,131808.77537077936,0.061318637764595285,0.9936818494692212,iEEG atlas
1515,NG098RG21,3.5165096791614365,1.9056599604051334,10.609165338334552,0.16708741602536512,0.9123119594257527,iEEG atlas
1516,NG098RG26,4.21868317603555,2.376381693174936,108.23640616929721,0.11088880865967124,0.9654854916286706,iEEG atlas
1517,NG098RG27,4.8740985713140415,2.769121422494102,664.5489945913178,0.09842149735650772,0.9727582774285611,iEEG atlas
1518,NA098RP41,5.121113525938067,2.7487696098518493,757.931179918857,0.07162616371540109,0.9845258428435858,iEEG atlas
1519,NA098RP42,4.744550675611347,2.63486387060907,1122.8940939460183,0.0995476017965865,0.966135546607036,iEEG atlas
1520,NA098RP43,6.815733644449981,4.131039220632161,846847.0301775093,0.06914024857697983,0.9866506523171865,iEEG atlas
1521,NA098RP61,5.174307474371844,2.9813720099168037,1739.3551088957543,0.08648147395366718,0.981341308968306,iEEG atlas
1522,NA098RP62,5.147546569720802,2.905381964872815,1717.8951697347866,0.07723814736580982,0.9850771539405668,iEEG atlas
1523,NA098RP63,5.2225231316080025,2.9375972127142,2258.2046970640854,0.09494542280180131,0.9750583821189552,iEEG atlas
1524,NA098RP81,3.8557871543281927,2.513736135138935,292.66303747696594,0.0728943812418352,0.9849037874499637,iEEG atlas
1525,NA098RP82,3.789474859707401,2.801783060310139,146.90191561475658,0.07908833386994749,0.9890624473873618,iEEG atlas
1526,NA098RP83,4.680259233243898,2.9217279625506896,511.8883262304719,0.0882934933262067,0.9835893810005424,iEEG atlas
1527,NA098RU22,5.3861700508068955,3.721131405644708,6984.978849159624,0.11757969804189507,0.9702658729425022,iEEG atlas
1528,NA098RU42,4.29128227441688,3.0604076401239095,530.3545338728854,0.12504259507197535,0.9669095187343132,iEEG atlas
1529,NA098RU62,5.29569467936919,3.6408024884378607,6554.509260872085,0.11703705322953524,0.9702973924679266,iEEG atlas
1530,NG098RT21,5.379444755834123,3.3727809207322133,7208.174345927029,0.09812820085398581,0.9642610584254031,iEEG atlas
1531,NG098RT22,4.230691412457447,2.4996467687637884,203.51831004035319,0.13265726728577812,0.9413559660975853,iEEG atlas
1532,NG098RT23,3.365699190167856,1.9857915856648558,7.23825743477823,0.16455758339985901,0.925434735030711,iEEG atlas
1533,NG099RG210,5.01472941783422,2.7136961658884995,894.7662370906224,0.0735946754941134,0.9787168690687126,iEEG atlas
1534,NG099RG211,4.9350183792316935,2.8366589510732387,939.739522398762,0.06759799046781742,0.9852143485819773,iEEG atlas
1535,NG099RG217,4.465401535492355,2.660293206802215,725.1746779760146,0.08953786754658283,0.9722618002893515,iEEG atlas
1536,NG099RG218,5.35240987603228,3.147430230267056,10798.224569363869,0.06606839996285355,0.9856039246034719,iEEG atlas
1537,NG099RG219,4.6882161177430834,2.9592425270057374,1840.6980981232432,0.07003174496559472,0.9860993866586701,iEEG atlas
1538,NG099RG220,5.042647978937248,2.853414341100679,743.5685347395589,0.06992442819807715,0.9875093162229032,iEEG atlas
1539,NG099RG225,5.04125724308472,3.235331525533532,22860.922048510005,0.06186694131856582,0.9869461833309783,iEEG atlas
1540,NG099RG226,4.446192357776301,2.6599677677906097,1136.778308460356,0.09084484936424475,0.9682678520840302,iEEG atlas
1541,NG099RG227,4.503219114352285,2.6838097001369694,1168.2712626236078,0.08869703786064878,0.9696206990889398,iEEG atlas
1542,NG099RG228,4.336438717521513,2.4523428047734495,234.87020558641686,0.06824652049378731,0.983686252600009,iEEG atlas
1543,NG099RG229,4.809788268060802,2.6603701212903634,640.807541924836,0.07787038031873805,0.9814408182154398,iEEG atlas
1544,NG099RG230,5.317749941809603,3.2368186786433037,1808.7844055665184,0.06523106049581286,0.9900733114155,iEEG atlas
1545,NG099RT41,6.628888302543552,3.8597640911318933,26447.809388568767,0.05411597273269764,0.995066853062024,iEEG atlas
1546,NG099RT42,7.306963156369957,4.413999718633053,63861.56850584549,0.04232144145609121,0.9978853244886023,iEEG atlas
1547,NG099RT43,5.80302514585649,3.4445855745155156,4005.4532488433088,0.07311122211428586,0.9921892414668497,iEEG atlas
1548,NG099RT45,5.518366578742236,3.2165708036794256,371.0861536505606,0.0938586415852142,0.9891246078977889,iEEG atlas
1549,NG099RT61,6.448755473497881,3.578360191300438,15938.108993352213,0.0652547226762396,0.9916657468385989,iEEG atlas
1550,NG099RT62,6.593390648413361,3.6816912540159894,11157.290597539239,0.07685493791065011,0.9906041688833813,iEEG atlas
1551,NG099RT63,5.783961914223648,3.2877745140489205,2656.479381417619,0.07844213217513825,0.9891453176784032,iEEG atlas
1552,NG100RG4,6.828043176540876,4.362623929789084,111379.82805442183,0.07817710794836653,0.9914354948641634,iEEG atlas
1553,NG100RG5,7.054752336458274,4.397364927847092,94934.83187822497,0.07373780768309895,0.9901462399222685,iEEG atlas
1554,NG100RG17,4.8861415584873,3.4090405821649323,9770.94943060122,0.10089614481189146,0.9698697569270895,iEEG atlas
1555,NG100RG18,5.174446308964544,3.5608467076034436,23741.31404272132,0.08426323821585369,0.9737154575937071,iEEG atlas
1556,NG100RG19,5.749924126435416,3.877249633149411,117589.86416198994,0.10663951175186849,0.9685900491112669,iEEG atlas
1557,NG100RG20,5.986649362380476,4.052521167875583,219891.65601249787,0.08862024823526597,0.9781025222394043,iEEG atlas
1558,NG100RG21,6.201145190634539,4.062789724742085,69024.67972500577,0.07519224077229257,0.9889071640208141,iEEG atlas
1559,NG100RG22,6.456663556585088,3.880023221430425,78570.25807143656,0.08569889725449757,0.9834062037275733,iEEG atlas
1560,NG100RG25,4.000124845232057,3.1512084964365292,3475.974243223414,0.09299448872609534,0.9702995674697209,iEEG atlas
1561,NG100RG26,5.13072039605729,3.5898760561916823,14493.849812593486,0.1057297709520422,0.9717905467529456,iEEG atlas
1562,NG100RG27,6.305801361646413,4.010446792200702,430159.1341332351,0.08004359055355373,0.9788980565232792,iEEG atlas
1563,NG100RG28,6.083845985935432,3.6897816145367015,35363.522433160695,0.0947316300956331,0.9735407126096536,iEEG atlas
1564,NG100RG29,6.218590864415695,3.7233848702096215,34788.01502238413,0.07398402343170428,0.9845508876473267,iEEG atlas
1565,NG100RG30,6.261334284861847,3.6226087981931583,38356.780411572196,0.073384512065483,0.9825346928987249,iEEG atlas
1566,NG100RG31,6.3588333997176285,3.5912455109714867,46221.435816570745,0.08090571910026807,0.9800938774864786,iEEG atlas
1567,NG100RF21,4.40283704137506,2.5599143769683548,219.80793333117958,0.09436767190839705,0.9727110798021815,iEEG atlas
1568,NG100RF22,4.300283187562614,2.5365445328531457,203.1364224018857,0.08627511777946738,0.9740693383683913,iEEG atlas
1569,NG100RF24,5.2244694071126885,3.428304212224706,10139.479803646755,0.0722445720606559,0.986318367917038,iEEG atlas
1570,NG100RF25,5.3661428011318595,3.832252420741966,102534.78247301928,0.08265095222593713,0.9745728093422709,iEEG atlas
1571,NA100RU21,5.070386492736532,3.617889095135014,8709.713633922409,0.07871382091361176,0.9873084662781622,iEEG atlas
1572,NA100RU22,4.834317575926588,3.3768263634108315,521.1070546810737,0.1234844815949252,0.9790523009454968,iEEG atlas
1573,NA100RU41,4.884527199477499,3.6182155988917644,6237.187958043309,0.08171363496821762,0.9878596798619255,iEEG atlas
1574,NA100RU42,5.107711889083909,3.5409249286040314,825.6355998803585,0.09942125476601665,0.9857944488194746,iEEG atlas
1575,NA100RH44,5.947865831236743,4.273924055643279,29123.449301571094,0.07900430157603779,0.9935882048994892,iEEG atlas
1576,NG100RT21,6.309328325745006,3.729405403069611,4086.7201628312173,0.06476131535529665,0.9936275337846596,iEEG atlas
1577,NG100RT22,5.913207946009917,3.5090064628815574,1471.132998107497,0.06618915300040262,0.9935315118675834,iEEG atlas
1578,NG100RT23,6.304948402149676,3.8337253823851967,3667.8359985900624,0.07014406910517297,0.993991788080966,iEEG atlas
1579,NG100RT24,6.018544691424642,3.621354437604894,2468.1837152530975,0.08459145706048371,0.9879478953028816,iEEG atlas
1580,NG100RT41,4.967154202326065,3.3171072512939546,1131.5925796088304,0.06055352389167915,0.9943274314568772,iEEG atlas
1581,NG100RT43,5.63869944479759,3.48554508615502,3708.10517590552,0.07258547496199454,0.989924443647787,iEEG atlas
1582,NG100RT44,5.577677677093132,3.374008644784325,4381.6422098272005,0.0709465125169245,0.9891097544124181,iEEG atlas
1583,NG100RT45,5.432786846974929,3.5294389164753586,9483.49460334931,0.0775384422211122,0.985642733944572,iEEG atlas
1584,NG100RT46,5.489062661100623,3.7509671237798647,17478.694123699664,0.08854297851464075,0.9835491975971855,iEEG atlas
1585,NG100RT47,5.828893383610235,3.9909064672904693,12441.215310129612,0.0987085919806148,0.9845516956405033,iEEG atlas
1586,NG100RT61,8.56576877478125,4.828884971226315,484484.56543535576,0.09615830480221596,0.9908820761184355,iEEG atlas
1587,NG100RT62,7.403116747232008,4.175634611202794,16476.31229927386,0.1003474348143671,0.988930595833809,iEEG atlas
1588,NG100RT63,7.146177799767637,4.21065705373503,20026.93329981356,0.10023565847294424,0.9885754905360469,iEEG atlas
1589,NG100RT64,6.158856889762167,3.8880534362686934,4969.328423513201,0.07163456733314673,0.9946348649683601,iEEG atlas
1590,NG100RT66,5.4290273824381785,3.3321933147416254,3192.543183131167,0.07006866832679934,0.9881242907942195,iEEG atlas
1591,NG100RT67,4.943386311032209,3.0991563356845915,1009.3240050175116,0.06943613644248872,0.9903606008763147,iEEG atlas
1592,NG100RT68,5.388588787105446,3.4687878119217874,6031.4099559008955,0.07160170291364486,0.9891585980763781,iEEG atlas
1593,NG101RP22,4.793017352152894,2.7967794448114613,84.97259536611135,0.0949219496863324,0.9823496213154379,iEEG atlas
1594,NG101RP23,4.388513616935773,2.694288117584741,18.564120090777347,0.06980178724213007,0.9929392225975788,iEEG atlas
1595,NA101RI121,4.523480632935054,2.648639567098472,248.79961987754112,0.08012659167049327,0.9838483352832086,iEEG atlas
1596,NA101RI124,3.9629253381041902,2.4990808712818766,70.22033672717825,0.06892746173051736,0.989298229385836,iEEG atlas
1597,NG102LG119,5.337121299410313,3.1599409055273284,1187.7525166891464,0.09767575838765136,0.9831549322611979,iEEG atlas
1598,NG102LG120,6.9287805956756525,3.9486048126474484,170614.45586853332,0.0999935210352286,0.9779161504894823,iEEG atlas
1599,NG102LG121,6.42354401745802,3.7638121598034116,62767.734174704245,0.07449318037187853,0.9863839378919966,iEEG atlas
1600,NG102LG130,6.058826559507796,3.467883672701056,45603.38114177147,0.08287297411503429,0.9715300838961423,iEEG atlas
1601,NG102LG135,4.872722313541648,2.9052660244068162,723.8995202949584,0.06817218381386529,0.9882958571509537,iEEG atlas
1602,NG102LF11,4.714994573553309,2.435781632208668,121.65882088959575,0.0802230872644454,0.9824643079619705,iEEG atlas
1603,NG102LF12,4.9398209020058035,2.6172408649362295,426.03121605682975,0.08764527961318853,0.9756756863442689,iEEG atlas
1604,NG103LG11,4.004522932522426,2.633967136376909,134.08503701989068,0.0765871953352128,0.9864045631044954,iEEG atlas
1605,NG103LG12,3.675321291216169,2.547683304900767,257.35166519911456,0.07693571842468322,0.9815186538205414,iEEG atlas
1606,NG103LG13,3.8327476742087714,2.0358703457440313,46.161543903971186,0.08979626332629999,0.9632415192767348,iEEG atlas
1607,NG103LG14,4.276002408301804,2.247848357414884,100.36676629077405,0.08770968055511391,0.9687137169077962,iEEG atlas
1608,NG103LG15,4.57990391201953,2.6765816050560383,585.0939364591262,0.08153508364489488,0.9801323030695674,iEEG atlas
1609,NG103LG16,4.748719731457087,2.9965219010543205,2378.2763358343864,0.0820803792933576,0.9813692231375156,iEEG atlas
1610,NG103LG17,5.552426190287057,3.6448643954214366,18023.48670527783,0.08240279865631779,0.9859317516357995,iEEG atlas
1611,NG103LG111,3.800966353038754,2.2938144378981766,55.43362290301953,0.10498576118549395,0.9659211565666105,iEEG atlas
1612,NG103LG112,4.517972245632235,2.6178987418370703,437.06497138636183,0.09401371385966922,0.9681744759209335,iEEG atlas
1613,NG103LG113,4.657665314709224,2.465758297051462,241.66613570358115,0.09047940247841882,0.9687348684596331,iEEG atlas
1614,NG103LG117,3.554240982679335,2.535764704125643,145.97639387941703,0.0844396370875373,0.9785861162155585,iEEG atlas
1615,NG103LG118,3.4717275416458966,2.461593485074306,31.45359113696188,0.0731133370269496,0.9885047521433455,iEEG atlas
1616,NG103LG119,4.060531570062286,2.7136792036941446,266.79189451975395,0.10203471087715103,0.9734145467025133,iEEG atlas
1617,NG103LG120,4.443512122947756,2.3689393653027753,146.8150507675243,0.08596846552660337,0.9704062464943064,iEEG atlas
1618,NG103LG121,4.899950318377702,2.582087789086919,506.4865191627385,0.09309158168273578,0.965077335492666,iEEG atlas
1619,NG103LG125,3.4155342147418346,2.564858547449445,130.5644436792576,0.09521879613767222,0.97783564495851,iEEG atlas
1620,NG103LG126,3.2125700405187017,2.6216989489268374,105.31717960030831,0.08247991068137414,0.9834869112516734,iEEG atlas
1621,NG103LG127,3.943626032677183,2.810743080022339,545.5395041229766,0.08897250391082148,0.9807436467686418,iEEG atlas
1622,NG103LG128,4.42940535266092,2.6340554471398114,386.02153479904064,0.09723847017286745,0.968739984525363,iEEG atlas
1623,NG103LG133,3.0202570611723454,2.4350361643553873,10.825276947718544,0.08863389932967293,0.9859978080586995,iEEG atlas
1624,NG103LG134,3.4450635679113413,2.8458922623490137,360.3169848116511,0.09171310722424417,0.9802762777406733,iEEG atlas
1625,NG103LG135,3.247401214610551,2.57389375591945,98.00585606363418,0.09594894073573909,0.9807609346412889,iEEG atlas
1626,NG103LG141,2.9890924306968523,2.3418059254355494,31.113512976683577,0.10200516967356765,0.9739801344857943,iEEG atlas
1627,NG103LG142,3.5307672297068224,2.8180024125938004,566.8349421299453,0.08576403981285874,0.9803823011965551,iEEG atlas
1628,NG103LG143,3.719046841471888,3.005790421052745,902.7806134802173,0.09100882332214312,0.9814040895993664,iEEG atlas
1629,NG103LG144,3.529982647555103,2.7885030009575473,505.5096456687934,0.08953103371386001,0.9823513770516878,iEEG atlas
1630,NG103LG145,3.728245786413515,2.7351012836429,185.27331935639734,0.09581866261716768,0.98134195608826,iEEG atlas
1631,NG103LG151,3.538810334880687,2.9175988644475255,438.99967222009275,0.07490709890868849,0.9872408672436592,iEEG atlas
1632,NG103LG152,3.2776455746560442,2.7166972781708916,175.31346512048992,0.06744120312453218,0.9898267984722978,iEEG atlas
1633,NG103LG153,3.7096734226434664,2.894682953832099,467.7827039628927,0.07248169065291957,0.9879114645568136,iEEG atlas
1634,NG103LF15,3.3978011118442697,2.0749186568340683,4.493838234268894,0.0689810472876116,0.9865459329371615,iEEG atlas
1635,NG103LF16,3.570933036927672,2.3509024335446806,91.33677427421433,0.07528883320882435,0.979704945816929,iEEG atlas
1636,NG103LT11,4.319682633590337,2.433696577926922,52.8491966329891,0.06567525678508265,0.9895050743449827,iEEG atlas
1637,NG103LT12,4.392935673894763,2.5075408021412047,149.0232562011952,0.08287553837166221,0.9809364175847288,iEEG atlas
1638,NG103LT13,4.357577502570361,2.681952863748923,156.41806740004878,0.08315397502606289,0.9838516774645713,iEEG atlas
1639,NG103LT14,4.758512711132163,2.8498816188332574,435.8749336926035,0.08671074110042706,0.9810883558853423,iEEG atlas
1640,NG103LT15,3.941474342082111,2.5246245890961223,139.4018337723558,0.07858156107651086,0.9836107436889289,iEEG atlas
1641,NG104LP11,6.727664222590148,4.644205031752873,38970.03414382846,0.0634455516937164,0.9953728171565803,iEEG atlas
1642,NG104LP13,6.539170869893965,4.371705444780565,38056.78952328238,0.06786370105060484,0.9949292759350213,iEEG atlas
1643,NG104LP15,8.538278302463342,5.241029760838854,1511807.2865085397,0.0636168328146266,0.9954902974180788,iEEG atlas
1644,NG104LP17,6.700896410048026,4.418940822011532,39483.57549146058,0.08306134694812187,0.992778021182061,iEEG atlas
1645,NG106LF11,3.3551231295298933,2.0624353465254117,24.505617382680203,0.06991724345775305,0.9856283148496415,iEEG atlas
1646,NG106LF17,4.697380986660505,3.0067287941518432,2681.4434067350426,0.08259871938083167,0.9834944412069976,iEEG atlas
1647,NG106LF31,2.7769122861155546,2.2548536633211045,14.701539711518517,0.08041181509656595,0.985305537711651,iEEG atlas
1648,NG106LF34,2.8730490211780335,2.5505434057930816,111.22677048261092,0.10515651933789458,0.9752802720873599,iEEG atlas
1649,NG106LF37,4.905513232380555,2.86565548451324,1914.0191063456973,0.0824615474791726,0.9782157841894372,iEEG atlas
1650,NG106LT34,4.903315236701441,3.119566315087815,475.8522701145743,0.06747193292767845,0.9916956504911055,iEEG atlas
1651,NG106LP11,4.905731679878562,2.911378371606095,932.9299507471136,0.07733596400306865,0.9823032223255214,iEEG atlas
1652,NG106LP14,4.900032692216682,2.9216194968533475,380.9669956240992,0.05531291199641012,0.9931103918884041,iEEG atlas
1653,NA106LP31,4.0612108209362265,3.3204870818070336,133.32488020684636,0.07575074276440275,0.9905138206716088,iEEG atlas
1654,NA106LP32,4.416391980856106,3.5457621876379393,171.0741020606697,0.11305413163823542,0.9854535816006058,iEEG atlas
1655,NA106LP33,4.9200011911821475,3.3985443678557883,427.4296685096262,0.08967723409186269,0.9906507831151473,iEEG atlas
1656,NA106LU11,3.933140353611222,3.1318228530682912,367.27598242698565,0.07755012617004325,0.9914588582449534,iEEG atlas
1657,NA106LU12,3.124503558757952,2.8139485060560774,274.9344935540527,0.07230984861664747,0.98961774461214,iEEG atlas
1658,NA106LU13,3.636942573389259,3.3110352812323214,1090.1780557987663,0.09244439313169471,0.9894549831389491,iEEG atlas
1659,NA106LH16,3.8008488509549014,3.262785958652324,81.78385954416103,0.07918662555222404,0.9934771689956222,iEEG atlas
1660,NA106LH19,4.278810065474188,3.2524690401006735,16.64785626585996,0.07576775354351145,0.9947071945878697,iEEG atlas
1661,NG106RF24,4.069918139668816,2.4608406991513476,42.33245733358964,0.06439422582469077,0.9903829636975153,iEEG atlas
1662,NG106RF27,5.119472757381893,2.8210946268534642,1475.9261972691186,0.069852939559121,0.9835512601050249,iEEG atlas
1663,NG106RF41,3.9737945377804227,2.44258632583728,181.8487741065833,0.09132079102393871,0.9789602437513165,iEEG atlas
1664,NG106RF44,3.9060204195760204,2.8551676569108793,1176.3866959062948,0.11131850878415311,0.9719720074740448,iEEG atlas
1665,NG106RF47,4.4868950433320345,2.842840157742574,1427.1985464356085,0.07073396443795951,0.9852788908242719,iEEG atlas
1666,NA106RF61,3.6208116561459707,2.9532182835383414,46.75879427855027,0.06468522674249963,0.9936685132874705,iEEG atlas
1667,NA106RF66,3.0520118742454594,2.9115038928123202,166.2876416400982,0.08586109582466359,0.9883424026317688,iEEG atlas
1668,NA106RF81,2.5794876271314946,2.4732473594772197,49.61705578283665,0.0646856359356082,0.9899636139739776,iEEG atlas
1669,NA106RF82,2.7006257534076843,2.538230283666357,49.25007588922249,0.0752330267453576,0.9883551407767737,iEEG atlas
1670,NA106RF83,3.527065469284253,2.9709661891606527,231.28896959807253,0.07880508956246608,0.9888844192544257,iEEG atlas
1671,NG106RT41,4.808525455685418,2.789376711407082,63.0882955070324,0.07535900301748003,0.9909085934304273,iEEG atlas
1672,NG106RT44,4.159236412925569,2.4338949209151903,126.24697894613772,0.06637408072913378,0.987450045634081,iEEG atlas
1673,NG106RP21,4.95566720197363,2.9783998717377997,1044.932969482445,0.06862285690349595,0.9867774716883728,iEEG atlas
1674,NG106RP24,4.427656169522608,2.6482592045492384,183.51671667252148,0.06314564494576376,0.989966998027987,iEEG atlas
1675,NA106RP41,3.9709988376875276,2.9843055321839396,130.24740037289484,0.07076955909872996,0.9932431581293848,iEEG atlas
1676,NA106RP42,4.783061772060739,3.7094628911073726,571.0080730280266,0.09739928038881371,0.9914835207196367,iEEG atlas
1677,NA106RP43,5.665102291759532,4.234286827190485,913.5761258426279,0.10247273958119006,0.992521449991363,iEEG atlas
1678,NA106RU21,3.7192792977980162,2.9432898320400644,162.74165125077968,0.07586069311415891,0.990469224289951,iEEG atlas
1679,NA106RU22,3.322969177026329,2.742913854088364,150.30068514434288,0.06837145059046329,0.9908459983229683,iEEG atlas
1680,NA106RU23,3.1908314350064044,2.843141940668412,253.51233438860714,0.06864041996727444,0.9907027273273107,iEEG atlas
1681,NA106RH26,4.5849105157082555,3.730743509482898,507.79460859031497,0.09043602124172365,0.9927563475766092,iEEG atlas
1682,NA107LU11,3.93209999820392,2.74754118888865,979.915186424774,0.06880715227076474,0.9877842703009146,iEEG atlas
1683,NA107LU13,6.444088141823035,4.389762081560863,794883.4924683974,0.16258646146007252,0.9325780403878619,iEEG atlas
1684,NA107LU14,5.693015401864446,3.740106128597098,95217.41256339269,0.12443492111361092,0.9467696996961308,iEEG atlas
1685,NG107LF12,5.6122603327950475,3.048952639960468,16413.782754117827,0.0761270396267908,0.973393843923661,iEEG atlas
1686,NG107LF13,3.7184584944024426,1.9092983473440677,34.67661989954914,0.08784302851652849,0.9637170493597836,iEEG atlas
1687,NG107LF14,6.629022228166018,3.5112767804858334,45452.841100941085,0.09490718763831342,0.9637249755005287,iEEG atlas
1688,NG107LF15,6.903233188150151,3.848724286419672,145770.74123305245,0.07659508560071057,0.9787347203236667,iEEG atlas
1689,NG107LF16,6.281351936423926,3.6167471784822527,37725.82499572156,0.07742220858486625,0.9801824672528597,iEEG atlas
1690,NG107LF17,7.222347137360663,4.213794187613029,337510.66137930244,0.08802356321944786,0.9784425865982213,iEEG atlas
1691,NG107LF32,2.8611199618395555,1.4676101783378763,3.3929879663157885,0.08526414710710856,0.9488497002690859,iEEG atlas
1692,NG107LF33,3.228027012120033,1.6556754133401161,16.66358158933525,0.06024942154605397,0.975298376862502,iEEG atlas
1693,NG107LF34,5.4943463830234665,2.938812037773937,6239.2377690210815,0.09612108898064288,0.9502100276269825,iEEG atlas
1694,NG107LF35,4.91501739196787,2.4406098228784914,989.4554652222679,0.0898633245548043,0.9489470153632272,iEEG atlas
1695,NG107LP12,6.069815500152748,3.249669868820152,24301.846450821206,0.10999218282977533,0.9423713659685716,iEEG atlas
1696,NG107LP13,6.49816367049267,3.4109262546202253,38211.4857368992,0.1117939894170891,0.9523435408444556,iEEG atlas
1697,NG107LP14,7.075829888568537,3.660046992915203,186613.90870996847,0.07922059019600074,0.974953053155974,iEEG atlas
1698,NG107LT54,6.654458386516417,3.5797941662068076,43172.39596385504,0.08296129591727981,0.9785573144460694,iEEG atlas
1699,NG107LT55,6.368016048466613,3.5350307262669287,32427.94425879788,0.09317054772550036,0.9756850293696244,iEEG atlas
1700,NG107LT72,5.66292039884805,2.963667421368443,7359.487070336242,0.09913505778360424,0.9569827766218968,iEEG atlas
1701,NG107LT73,7.402229123930658,4.207813243800108,557514.0822387259,0.10115875720677697,0.9563578428315768,iEEG atlas
1702,NG107LT74,5.833109959160027,3.2153582396631704,9079.71720485468,0.09210157590651118,0.9674060611195364,iEEG atlas
1703,NG107LT75,6.396060032734326,3.5341066970760293,31636.072077264467,0.10929230430269414,0.9699039160574379,iEEG atlas
1704,NG107LT76,5.969782307289011,3.243239789058225,15022.966704010561,0.0894078280183655,0.9712374802980561,iEEG atlas
1705,NG107LT77,7.450490381965631,4.053337007276753,346273.3591107488,0.07690731641535331,0.9803430313646525,iEEG atlas
1706,NG107LT91,7.189599666223255,3.833306985691945,287234.9946484189,0.06341555080305285,0.9661938148369201,iEEG atlas
1707,NG107LT92,7.5856522566708575,4.089237619892135,646377.6265597832,0.0663834540706862,0.973437217290847,iEEG atlas
1708,NG107LT93,6.647349539237368,3.758427315525506,139924.09271699397,0.08990006354498067,0.973902729265964,iEEG atlas
1709,NG107LT94,7.752686482355672,4.238116454486389,500742.024826248,0.07064479759668907,0.9817069530511584,iEEG atlas
1710,NG107LT95,6.835726472380955,3.670060333709915,66147.10930275133,0.08343384370095233,0.9758516080027984,iEEG atlas
1711,NG107LT96,6.629106925872353,3.6036179057450077,69619.69082352788,0.061645665823549814,0.977234886482186,iEEG atlas
1712,NG107LT97,7.590366644057806,4.136589911063794,704194.125734686,0.06855315895740102,0.9723975594851765,iEEG atlas
1713,NG108LG145,4.474831601833332,2.4412584320850184,81.65399874090471,0.07437564338591944,0.9817299638446956,iEEG atlas
1714,NG108LG146,4.332942546851646,2.350158349945312,60.25395601812227,0.09024025999921191,0.9744776123642236,iEEG atlas
1715,NG108LG153,4.577091415699533,2.510334502855126,97.29757827801635,0.06774032648659287,0.9868340049773777,iEEG atlas
1716,NG108LG154,4.501639246303274,2.509535543621194,70.66434124668261,0.06891579051202894,0.986841095912742,iEEG atlas
1717,NG108LG315,4.567061704186385,2.4730051953469183,155.94391495766942,0.06846974486407226,0.9842224811574329,iEEG atlas
1718,NG108LG514,4.524622962652434,2.545497117326042,27.359052605117213,0.05975005096959876,0.9924840401843075,iEEG atlas
1719,NG108LG515,4.85234692078905,2.941646502526844,90.79574772085702,0.06832283729993785,0.9917394060390239,iEEG atlas
1720,NG108LG520,5.210226399849652,2.8633587187589487,357.7813235244591,0.08600301079719044,0.9810599241331387,iEEG atlas
1721,NG108LG523,5.054947513258408,2.7924512849502583,98.9044586322913,0.06790889868768785,0.990674317357272,iEEG atlas
1722,NG108LG526,4.49583499422155,2.575613369910314,57.35828930805831,0.07542597794048529,0.9855531697117271,iEEG atlas
1723,NG108LG527,4.306330035357708,2.52036775616417,106.98284595060494,0.08450900526902194,0.9783142725958146,iEEG atlas
1724,NG108LG528,4.783705126338782,2.696697601980668,165.63474076080212,0.08229321617530404,0.9815381785941075,iEEG atlas
1725,NG108LG529,4.4850392709906,2.514268891251193,51.98108862641925,0.08004799495012554,0.9847839502396597,iEEG atlas
1726,NG108LG530,4.553835589011108,2.677875025806762,75.50002729700142,0.07881495793318251,0.9844834689248437,iEEG atlas
1727,NG108LG918,6.089872671642831,3.425596888046235,1125.262928110508,0.06494073287772441,0.993977865510441,iEEG atlas
1728,NG108LG919,5.816532748597441,3.146378123981099,598.5926009091272,0.06067139995332605,0.9932837011775338,iEEG atlas
1729,NG108LG920,4.738421608168153,2.54857940615015,172.56962811284814,0.06807106671972764,0.9861906306194278,iEEG atlas
1730,NG108LG921,5.047610099284959,2.8134015542515556,727.7404347328304,0.06282342693574469,0.9889902031848213,iEEG atlas
1731,NA108LIS11,6.4685261988070515,3.6800317003474325,6649.797751071445,0.07620018868088647,0.9923532206847409,iEEG atlas
1732,NA108LIS12,5.034004025945864,3.0618773341199,500.5845692171561,0.050102153592883,0.9954745996432669,iEEG atlas
1733,NA108LIS13,5.286094512331627,2.970052928143228,462.1870987212758,0.09657030715142828,0.9834952466416443,iEEG atlas
1734,NA108LII11,6.1268579397951175,3.4806552172284935,3493.8643606280484,0.041866893755816446,0.9973515221881857,iEEG atlas
1735,NA108LII12,5.475121841140069,3.0176526664880177,655.8101981791935,0.06397693891061154,0.9930982042153991,iEEG atlas
1736,NA108LII13,6.207919133491715,3.473794641503673,4105.945063048962,0.03871129046366746,0.9972072829271894,iEEG atlas
1737,NA108LII14,6.554802801851283,3.6370681942776444,6560.356877475707,0.0630376689917479,0.9928982076436345,iEEG atlas
1738,NA108LII15,6.010566108616615,3.374182179101686,1800.7981186135949,0.05569636237107458,0.9943521682539209,iEEG atlas
1739,NG109LT51,8.004939123594639,4.478259159747779,969008.5183681636,0.09379029571317146,0.9840157010453329,iEEG atlas
1740,NG109LT52,7.759366505784274,4.545940211155073,392313.9957792147,0.07588059711496717,0.9924063478587274,iEEG atlas
1741,NG109LT54,5.4276200616509795,3.4153728804853136,2211.751506690295,0.08925843380485299,0.9886796972140566,iEEG atlas
1742,NG109LT55,5.122679412923571,3.3384589422393782,1196.3933576771824,0.05934094723039739,0.9944139399789601,iEEG atlas
1743,NG109RG215,3.503962041225257,2.312718242509748,18.795025034995394,0.08254210010687746,0.9838314337990262,iEEG atlas
1744,NG109RG219,3.1953307604597105,2.0093972212626507,19.508612286152626,0.08778245658723635,0.9762610362029936,iEEG atlas
1745,NG109RG223,3.6588989130751095,2.2547668728254733,21.637697985974192,0.08534151067387408,0.9785011192477767,iEEG atlas
1746,NG109RG226,3.9537560755934695,2.7976814951805498,888.3068439138668,0.0767550889591638,0.9858310614282934,iEEG atlas
1747,NG109RG234,4.85005556864072,2.8196558974921984,1218.9293003211926,0.07564670667094273,0.983812260827662,iEEG atlas
1748,NG109RG242,4.596739861038681,2.8449162072572984,583.827928422429,0.07888621757726044,0.9852663624209115,iEEG atlas
1749,NG109RG243,4.702513904772582,2.9495503864495443,2148.22000980836,0.078035002473719,0.9827594386236033,iEEG atlas
1750,NG109RG41,5.218856156481344,3.139440879109684,292.16643806753586,0.08381087116825153,0.9907745299093311,iEEG atlas
1751,NG109RG42,4.42826001365989,2.6735434739215376,55.67013468981763,0.07666725947574457,0.9882477367474233,iEEG atlas
1752,NG109RG43,6.0239925635043825,3.6069682515376082,7608.255649811007,0.06585139800055878,0.9910866475876159,iEEG atlas
1753,NG109RG44,4.902699620314585,2.823513116230557,302.22802064708793,0.07427821241902491,0.9860080155224054,iEEG atlas
1754,NG109RG45,4.1496768838911215,2.3888547748018647,52.36930579871013,0.09606437931359228,0.9768057542052658,iEEG atlas
1755,NG109RG46,4.859527087445969,2.9543056716101126,320.2254367298585,0.08082146294020882,0.9873334596311504,iEEG atlas
1756,NG109RG47,5.31852795218619,3.2489176824864887,1505.2009434187637,0.06636914044923664,0.9914386458442754,iEEG atlas
1757,NG109RG410,5.216049508034004,3.2285926299752106,983.497250900401,0.05521218769379793,0.9944363395227938,iEEG atlas
1758,NG109RG411,4.81196137017576,2.969391242301695,835.5601222916026,0.07598749233330762,0.9880461795746116,iEEG atlas
1759,NG109RG412,5.839943456336275,3.477235964987541,6280.981961791429,0.06532615831601145,0.9897454470564498,iEEG atlas
1760,NG109RG413,4.69984976199975,2.7899862953095105,295.10675756375144,0.0836910593989924,0.9829953787801742,iEEG atlas
1761,NG109RG414,4.181597898694933,2.704044522063985,83.08689591273796,0.06699173228140849,0.9912574744779012,iEEG atlas
1762,NG110RG621,4.7540249343104355,3.0606848719870348,435.2445125895194,0.09550722654542254,0.9801018960317196,iEEG atlas
1763,NG110RG622,4.847315324236115,3.3104765255054023,1095.3202662433034,0.10467949100779789,0.977212673286958,iEEG atlas
1764,NG110RG623,4.959701968858846,3.6441292103156173,3802.556366408937,0.10879483940852291,0.981875306581853,iEEG atlas
1765,NG110RG612,6.061590341645462,3.675070595849983,3994.3566611879046,0.10095967646643499,0.9868235703004588,iEEG atlas
1766,NG110RG613,6.1187198253056945,3.6418951418106063,18332.13017049037,0.0671280309571138,0.989982924769143,iEEG atlas
1767,NG110RG614,5.1158739107636615,3.232383109898332,1116.2667191778874,0.08083891541173752,0.9895871168362896,iEEG atlas
1768,NG110RG64,6.992920934160871,4.249907942172439,36910.03810507171,0.07303822631994128,0.9922765945734099,iEEG atlas
1769,NG110RG65,5.699581968672068,3.541351385241552,3987.3923909435252,0.10756410425741296,0.9809666385418768,iEEG atlas
1770,NG110RI101,6.082335042659057,3.462241438665451,10099.68591166497,0.054313541196689755,0.9928279693142777,iEEG atlas
1771,NG110RI102,5.321226867616047,2.9694001491480018,1960.9910945400281,0.05755302862658464,0.9907600374235784,iEEG atlas
